Minutes,Stock1,Stock2,Stock3,Stock4,Stock5,Stock6,Stock7,Stock8,Stock9,Stock10,Stock11,Stock12,Stock13,Stock14,Stock15,Stock16,Stock17,Stock18,Stock19,Stock20,Stock21,Stock22,Stock23,Stock24,Stock25,Stock26,Stock27,Stock28,Stock29,Stock30,Stock31,Stock32,Stock33,Stock34,Stock35,Stock36,Stock37,Stock38,Stock39,Stock40,Stock41,Stock42,Stock43,Stock44,Stock45,Stock46,Stock47,Stock48,Stock49,Stock50,Stock51,Stock52,Stock53,Stock54,Stock55,Stock56,Stock57,Stock58,Stock59,Stock60,Stock61,Stock62,Stock63,Stock64,Stock65,Stock66,Stock67,Stock68,Stock69,Stock70,Stock71,Stock72,Stock73,Stock74,Stock75,Stock76,Stock77,Stock78,Stock79,Stock80,Stock81,Stock82,Stock83,Stock84,Stock85,Stock86,Stock87,Stock88,Stock89,Stock90,Stock91,Stock92,Stock93,Stock94,Stock95,Stock96,Stock97,Stock98,Stock99,Stock100
09:31:00,27.25,53.1,22.95,35,25.85,39.2,11.02,18.26,11.2,16.24,5.75,11.34,17.02,4.32,11.8,33.1,4.81,89.2,119.2,32.7,40.15,23.05,31.95,9.49,7.9,141.5,19.06,11.58,58.7,,12.18,,8.52,49.3,6.11,12.52,4.41,6.54,6.31,48.8,56.95,136.9,63.75,83.05,37.5,23.2,76.6,3.62,3.98,18.18,46.95,8.43,12.6,15.82,126,2.83,328,27.25,43.3,40.4,2.76,96.7,8.06,4.51,,61.1,264.2,36.25,84.4,9.42,3.41,22.9,27.1,4.99,292.4,76.7,30.5,43.15,13.9,12.04,6.17,64.2,4.53,18.2,10.98,69.55,,113.8,156.6,1.7,122.8,4.55,18.5,31.1,5.86,43.15,2.66,,,66.3
09:32:00,27.35,53.2,23.05,35.05,25.5,40,11.1,18.22,11.26,16.26,5.75,11.4,17.12,4.32,11.74,33.3,4.8,89.6,119.1,32.8,40.25,23.1,31.75,9.46,7.91,141.8,19,11.42,59.15,,12.22,8.47,8.47,49.55,6.08,12.54,4.45,6.56,6.33,48.8,56.95,137.4,64,83.85,37.95,22.95,76.95,3.63,4,18.4,46.8,8.28,12.64,15.72,126.7,2.82,329.6,27.35,43.3,40.35,2.76,96.5,8.04,4.5,11.68,61.35,263.2,,85,9.43,3.43,23,27.3,5.02,293.2,76.75,30.35,42.65,13.92,12.2,6.22,64.45,4.52,18.12,11.04,69.95,,113.8,157.9,1.71,124.2,4.53,18.48,30.75,5.83,43.25,2.66,68.65,32.25,66.75
09:33:00,27.25,53.3,23,35.05,25.4,39.9,11.1,18.24,11.28,16.2,5.74,11.38,17.04,4.3,11.74,33.15,4.79,89.85,119.6,33.1,40.2,23,31.65,9.44,7.94,142.2,18.96,11.44,59.4,23.8,12.18,8.45,8.39,49.3,,12.52,4.44,6.58,6.31,48.65,57.05,137.5,63.7,83.5,37.85,22.9,76.6,3.61,3.99,18.44,46.85,8.27,12.62,15.78,126.6,2.82,330.4,27.25,43.2,40.3,2.75,96.45,8.05,4.51,,61.45,263.4,35.85,84.85,9.42,3.44,22.95,27.3,5.02,292.8,76.6,,42.7,13.88,12.18,6.19,64.35,4.49,18.08,11.2,69.75,,113.6,157.8,1.72,123.9,4.52,18.46,31.15,5.82,43.1,2.64,,32.15,66.75
09:34:00,27.2,53.35,22.95,34.9,25.45,39.85,11.08,18.2,11.2,16.2,5.77,11.38,17.1,4.29,11.72,33.05,4.8,89.85,119.5,33,,23,31.6,9.41,7.89,142.1,18.9,11.44,59.4,,12.2,8.45,8.41,49.35,6.09,12.54,4.45,6.55,6.31,48.6,57.2,137.4,63.8,83.8,37.95,22.85,76.6,3.61,3.99,18.42,46.75,8.29,12.7,15.74,126.5,2.81,330.4,27.25,43.1,40.3,2.75,95.95,8.04,4.51,11.66,61.35,262.8,35.85,85.1,9.38,3.45,22.9,27.45,5.02,292.6,76.6,30.35,42.75,13.84,12.2,6.21,64.35,4.49,18.08,11.12,69.85,,113.4,158.2,1.7,123.2,4.53,18.42,30.95,5.82,43.05,2.65,,32.15,66.45
09:35:00,27.15,53.25,23,34.9,25.35,39.9,11.06,18.2,11.22,16.16,5.77,11.4,17.06,4.3,11.72,33.05,4.81,89.7,119.5,33.15,40.25,23,31.5,9.43,7.89,141.7,18.84,11.4,59.2,23.95,12.24,8.45,8.4,49.35,,12.58,4.44,6.56,6.32,48.6,57.15,137,63.85,84.35,37.85,22.8,76.65,3.62,3.98,18.38,46.9,8.36,12.7,15.6,126.2,2.83,329.6,27.2,43.2,,2.75,96,8.05,4.51,,61.4,263.4,35.85,85.05,9.39,3.44,22.95,27.45,5.02,291.4,76.55,30.35,42.75,13.86,,6.22,64.45,4.48,18.1,11.16,70.15,16.2,113.7,158,1.7,123.1,4.54,18.44,,5.84,43,2.65,,32.1,66.65
09:36:00,27.05,53.45,22.9,34.95,25.25,39.8,11.1,18.2,11.18,16.16,5.75,11.38,17.1,4.3,11.72,33,4.82,89.9,,32.85,40.25,23,31.45,9.45,7.9,141.9,18.86,11.32,59.2,,12.24,8.45,8.39,49.35,6.11,12.6,4.44,6.51,6.32,48.5,57.15,137.2,63.9,84.1,37.75,,76.5,3.62,3.98,18.32,46.95,8.4,12.64,15.46,126,2.83,329.6,27.15,43.25,40.3,2.76,96.3,8.04,4.52,,61.45,263.6,35.95,85.45,9.39,3.43,22.9,27.45,4.99,291.8,76.55,30.35,42.75,13.86,12.18,6.21,64.4,4.49,18.02,11.14,70.1,16.2,114,158,1.7,122.8,4.52,18.4,31.05,5.84,42.95,2.65,,32.05,66.5
09:37:00,27.15,53.6,22.95,35.05,25.2,39.95,11.1,18.22,11.24,16.16,5.77,11.4,17.06,4.3,11.72,33.15,,90,,33,40.4,23.05,31.55,9.44,7.89,142,18.88,11.38,59.6,,12.22,8.45,8.4,49.35,,12.62,4.43,6.53,6.34,48.7,57.15,137.7,63.95,84.6,38.1,22.85,76.6,3.62,3.98,18.3,46.95,8.4,12.7,15.44,126.2,2.83,329.4,27.1,43.4,40.35,2.76,96.5,8.04,4.51,11.68,61.6,264.2,36,85.8,9.41,3.46,22.9,27.5,5.02,292.4,76.8,30.4,42.75,,12.2,6.24,64.6,4.49,18.06,11.2,,16.22,114.1,157.9,1.71,123.3,4.52,18.42,,5.86,43.05,2.66,68.65,32.05,66.6
09:38:00,27.1,53.4,22.9,,25.15,39.7,11.08,18.16,,16.06,5.77,11.36,17.02,4.29,11.68,32.95,4.81,89.75,,32.9,40.3,23.05,31.35,9.4,7.87,141.4,18.82,11.3,59.2,23.95,12.22,8.42,8.36,49.35,,12.6,4.42,6.51,6.35,48.5,56.4,137.5,63.8,84.55,37.9,22.7,76.35,3.62,3.97,18.28,46.85,8.35,12.7,15.32,125.6,2.83,328.8,27.05,43.3,40.35,2.74,96.4,8.04,4.52,11.64,61.3,263.2,35.85,85.25,9.37,3.43,22.9,27.45,4.99,291.2,76.55,30.4,42.7,13.82,,6.22,64.4,4.49,18.02,11.3,69.8,16.16,114,157.6,1.71,122.3,4.52,18.38,30.9,5.83,43,2.65,68.65,32.05,66.25
09:39:00,27.15,53.45,22.95,35,25.1,39.9,11.08,18.2,11.18,16.06,5.77,11.4,17.02,4.29,11.7,32.95,,89.85,,32.8,40.35,23,31.35,9.4,7.86,141.7,18.84,11.32,59.25,,12.24,8.42,8.35,49.35,,12.6,4.42,6.51,,48.5,56.5,137.6,63.8,84.6,37.9,22.8,76.55,3.61,3.97,18.28,46.85,8.38,12.64,15.4,125.6,2.83,329.2,27,43.25,,2.74,96.2,8.03,4.5,,61.35,263.6,,85.3,9.38,3.43,22.9,27.45,5.02,291.8,76.65,,,13.84,,6.22,64.5,4.49,18.02,11.3,70.3,16.14,114.1,158,1.71,122.5,4.52,18.38,30.9,5.85,43.05,2.65,,,66.45
09:40:00,27.1,53.4,22.95,35,25.1,40,11.06,18.16,11.18,16.04,5.79,11.38,17.04,4.29,11.7,32.9,,89.8,,32.85,40.3,23.05,31.35,9.4,7.87,141.7,18.8,11.3,59.15,23.9,12.24,8.42,8.33,49.25,,12.6,4.44,6.52,6.32,,56.65,137.3,63.85,,37.9,22.75,76.5,3.61,3.97,18.36,,8.34,12.7,15.4,125.4,2.83,328.8,26.8,43.25,,2.75,96.1,8.02,4.5,11.66,61.35,263.6,35.9,85.2,9.38,3.44,22.9,27.45,5.01,291.2,76.6,30.35,42.55,,,6.22,64.4,,18.02,11.38,70.1,16.16,114,157.6,1.71,122.6,4.53,18.34,30.85,5.85,43.05,2.65,68.4,,66.3
09:41:00,27.1,53.35,22.9,35,25.1,39.9,11.04,18.16,11.14,16.04,5.78,11.38,17.06,4.29,,32.85,4.8,89.85,,32.9,40.25,23,31.3,9.41,7.87,141.9,18.78,11.28,59.05,,12.24,8.45,8.32,49.25,6.11,12.64,4.45,6.51,6.32,48.4,56.85,137.6,63.85,84.3,38,,76.5,3.62,3.98,18.3,46.85,,12.72,15.36,125.6,2.82,329.4,26.85,43.3,,2.74,95.9,8.02,4.53,11.64,61.35,264,35.9,85.45,9.39,3.44,22.9,27.45,5.01,291.8,76.5,,42.6,13.84,,6.24,64.5,4.49,18.02,11.36,70.15,16.14,113.9,158.2,1.7,122.8,4.53,18.34,,5.85,43,2.64,,32.1,66.45
09:42:00,,53.35,22.9,,24.95,40.05,11.04,18.16,11.14,16.08,5.78,11.38,17.14,4.3,11.68,32.95,4.81,89.8,119,33,40.2,23.1,31.35,9.44,7.88,142,18.78,,59.2,24,12.26,8.45,8.33,49.4,6.12,12.66,4.46,6.52,6.33,,57,137.3,63.95,84.3,38,,76.5,3.62,3.97,18.48,,8.36,12.74,15.44,125.6,2.82,328.8,27,43.25,,2.76,95.85,8.02,4.54,11.62,61.35,264.4,35.95,85.75,9.41,3.44,22.85,27.45,5.02,291.8,76.5,,42.65,,12.26,6.24,64.6,4.49,18.04,11.42,70.1,16.14,114,158,1.71,123.1,4.53,18.34,31.05,5.86,43.05,2.65,,,66.35
09:43:00,27.25,53.45,22.95,35.1,25,40.1,11.06,18.18,11.2,16.08,5.81,11.4,17.14,4.3,11.7,33,4.81,89.9,119.2,33.1,40.35,23.15,,9.47,7.86,142.2,18.82,11.32,59.25,24.1,12.28,8.44,8.34,49.45,6.13,12.7,4.46,6.55,6.34,48.5,56.95,137.4,64,84.2,38.15,22.8,76.5,3.62,3.99,18.46,46.9,8.36,12.76,15.48,125.9,2.83,329.2,27,43.35,40.3,2.76,96.1,8,4.57,,61.45,264.8,36,86.2,9.4,3.45,22.95,27.5,5.04,292.2,76.55,,42.7,13.84,12.28,6.26,64.7,4.5,18.06,11.42,70.75,16.2,,158.3,1.71,123.7,4.55,18.34,,5.88,43.15,2.66,68.45,32.2,66.45
09:44:00,27.35,53.5,22.95,,25,40.05,11.1,18.2,11.2,16.1,5.79,11.42,17.12,4.3,11.72,33,4.82,90.1,,33.4,40.35,23.1,,9.48,7.89,142.7,18.84,11.34,59.25,24,12.28,8.44,8.34,49.55,,12.7,,6.58,,48.6,57.35,137.7,63.95,84.3,38.35,,76.55,3.62,,18.54,47,8.4,12.76,15.4,126.5,2.83,329.6,,43.35,40.3,2.76,,,4.55,11.66,61.45,265.6,36,86.3,9.42,3.46,23,27.55,5.06,292.4,76.7,30.35,,13.86,12.32,6.28,64.7,,18.14,11.38,70.9,16.28,,158.5,1.71,124.9,4.55,18.38,31.15,,43.15,2.66,,,66.4
09:45:00,27.35,53.6,,,25.05,40.1,11.1,18.28,11.2,16.14,5.79,11.42,17.16,4.3,11.7,33.1,4.83,90.2,,33.8,,23.1,31.5,9.47,7.91,143,18.88,11.4,59.4,24.05,12.22,8.44,8.34,49.6,,12.72,4.47,6.6,6.35,48.7,57.75,137.9,64,84.3,38.6,,76.8,3.62,4,18.62,,8.38,12.78,15.48,126.4,,329.6,27.05,43.4,,2.76,96.3,8.03,4.57,,61.4,265.6,36,86.65,9.44,3.47,23,27.6,5.07,292.8,76.75,,42.75,13.9,12.36,6.3,64.75,4.49,18.14,11.36,71.15,16.34,114.3,158.8,1.72,125,4.54,18.36,31.15,5.9,43.15,2.65,,,66.55
09:46:00,27.35,53.65,22.95,,25.05,40,11.1,18.28,11.18,16.14,5.78,11.42,17.2,4.3,11.72,33,,90.3,,34,,23.1,,,7.91,143.2,18.9,11.42,59.6,24.05,12.26,8.44,,49.6,,12.72,4.47,6.61,6.35,,58.15,137.8,64,84.2,38.55,22.85,76.8,3.62,,18.7,46.95,8.36,12.78,15.48,126.7,2.82,330,27.05,,,2.76,,8.04,4.56,,61.4,265,35.95,86.3,9.44,3.47,,27.75,5.07,292.8,76.75,,42.7,13.94,12.34,6.32,64.8,,18.14,11.3,71.1,,114.2,158.7,1.72,125.2,4.54,18.36,31.3,5.91,43.05,2.66,,32.35,66.5
09:47:00,27.4,53.7,22.95,35.15,25.1,40.1,11.12,,11.18,,5.8,11.42,17.24,4.31,11.72,,4.83,90.45,,34.05,40.4,,31.55,,7.91,143.2,18.9,,59.85,23.95,12.24,8.44,8.34,49.6,,12.72,4.47,6.61,6.35,48.75,58.4,138.1,63.95,84.2,38.9,,77,3.63,,18.68,46.95,8.36,12.78,15.52,126.8,,330.2,27.1,43.35,,2.75,96.2,8.03,4.56,,61.55,265,,86.45,9.44,3.48,22.95,27.8,5.09,293.2,76.7,,42.75,13.94,12.4,6.32,64.75,,18.14,11.32,71.2,,114.2,159.2,1.72,125.4,4.54,18.38,31.5,5.9,43.1,2.66,,,66.55
09:48:00,27.45,53.7,22.95,35.05,25.15,40.1,11.08,18.32,11.18,16.2,5.8,11.44,17.26,4.31,11.72,33.1,,90.35,119,33.8,40.4,23.15,31.65,9.45,7.89,143.1,18.9,11.4,59.75,,12.26,8.44,8.37,49.65,,12.72,4.47,6.61,6.36,48.9,58.3,137.9,64.1,84.5,38.7,22.9,77,3.62,4,18.56,47.05,8.36,12.8,15.56,126.5,,330,,43.5,,2.75,96.4,8.04,4.56,,61.5,264.8,36.2,86.55,9.43,3.48,22.95,27.7,5.07,293.2,76.75,,,14,,6.35,64.8,4.5,18.12,11.22,71.35,,114.2,158.9,1.72,125.4,4.55,18.36,,5.89,43.05,2.66,68.9,,66.4
09:49:00,27.45,53.65,,35.1,25.1,40.05,11.08,18.36,11.18,16.18,5.81,11.46,17.26,4.31,11.72,33.1,4.83,90.35,119,33.95,40.4,23.15,,9.45,7.89,143,18.9,11.44,59.8,,12.28,8.45,8.36,49.75,,12.76,,6.62,6.36,,58.25,137.8,64.05,84.2,38.9,,76.9,3.62,4,18.5,,,12.8,15.54,126.2,,330,,43.55,,2.75,96.4,8.03,4.56,,,265.2,36.15,86.6,9.43,3.48,22.95,27.65,5.07,292.8,76.7,30.3,,,,6.34,64.8,4.49,18.16,11.24,71.4,16.3,114.1,158.9,1.72,125.3,4.55,18.38,,5.89,43.15,2.66,,,66.35
09:50:00,27.45,53.65,,,25.1,40,11.08,18.34,11.16,16.16,,11.4,17.28,4.31,11.72,33,4.83,90.2,118.9,33.65,40.35,23.15,31.55,,7.9,142.8,18.92,11.4,59.75,,12.26,8.44,8.36,49.7,,12.74,4.45,,6.36,,58.1,137.6,64,84.2,38.8,,76.9,3.62,4,18.6,47.05,8.36,12.8,15.48,126,,329.4,27.1,43.5,,2.76,96.4,8.01,4.56,,61.55,265.2,36.05,86.8,9.43,3.48,22.95,27.7,5.07,292.4,76.65,30.35,,,12.42,6.36,64.7,4.5,18.14,11.22,71.65,16.34,114.1,158.7,1.71,125,4.55,18.38,31.7,5.9,43.15,2.66,68.7,,66.15
09:51:00,27.4,53.6,22.95,35.15,25.05,39.85,11.06,18.34,11.16,16.16,5.81,11.4,17.2,4.31,11.72,32.95,4.82,90.25,118.8,33.6,,23.15,31.5,9.44,7.91,142.7,,11.4,59.6,24,12.24,8.42,8.35,49.65,6.13,12.72,4.46,6.6,6.36,48.75,57.8,137.4,63.95,84.05,38.9,22.95,76.85,3.62,4,18.7,47.05,8.33,12.8,15.46,125.8,,329,27.05,43.5,,2.76,96.4,8.01,4.56,,61.55,264.8,36,86.7,9.4,3.48,,27.65,5.05,292.2,76.55,30.35,42.7,13.92,,6.37,64.7,4.5,18.14,11.2,71.3,16.18,114.1,158.8,1.71,125.1,4.55,18.32,31.8,5.92,43.1,2.66,,32.15,65.8
09:52:00,,53.6,22.95,35.2,25.1,39.8,11.06,18.34,11.22,16.14,5.8,11.38,17.14,4.31,11.72,32.95,4.82,90.25,118.7,33.65,40.3,23.2,,9.43,7.89,142.7,18.86,,59.65,24.05,12.24,8.44,8.35,49.7,,12.74,4.45,6.62,6.35,,57.7,137.3,63.9,84,39,,76.8,3.61,,18.86,47.05,8.35,12.8,15.44,126,,329.2,27.15,43.5,,2.75,96.4,8.02,4.57,,61.45,,,86.65,9.4,3.5,,27.65,5.05,292,76.5,,,13.92,12.5,6.4,64.7,,18.14,11.22,71.5,,114.1,158.9,1.71,125,4.56,18.32,31.7,5.94,43.15,2.66,68.7,32.25,65.9
09:53:00,27.35,53.55,23,,25.1,39.75,11.08,18.34,11.28,16.16,5.8,11.36,17.1,4.31,11.72,33,4.81,90.1,118.7,33.7,,23.2,31.55,9.42,7.89,142.4,18.78,11.4,59.5,24.05,12.24,8.44,8.34,49.65,6.12,12.7,4.45,6.61,6.36,48.8,57.75,137,63.8,84.2,39,22.95,76.65,3.62,4.01,18.9,46.95,8.36,12.8,15.44,125.6,,328.8,27.25,43.55,,2.75,96.25,8.04,4.58,11.64,61.35,264.6,36,86.65,9.39,3.5,,27.55,5.05,291.2,76.35,30.35,,13.92,12.46,6.4,64.55,4.5,18.12,11.24,71.35,16.14,114.1,158.6,1.71,124.4,4.56,18.32,31.65,5.93,43.05,2.66,,32.1,65.85
09:54:00,27.4,53.55,,35.1,25.05,39.75,11.08,18.3,,16.14,5.8,11.38,17.14,4.3,11.7,33,,90.15,119,33.8,40.3,23.2,31.55,,7.89,142.8,18.8,11.4,59.5,24.05,12.28,8.42,8.33,49.7,6.12,12.72,,6.62,6.36,,58,137.1,63.85,84.2,38.85,22.9,76.45,3.62,,18.86,46.95,8.37,12.8,15.44,125.9,2.82,328.8,27.25,43.5,,2.75,96.45,8.04,4.57,11.68,61.35,,,86.6,9.39,3.49,22.9,,5.05,291.2,76.55,,,,12.46,6.37,64.6,4.49,18.12,11.2,71,,114,158.7,1.71,124.6,4.56,18.32,31.7,5.92,43.05,2.66,68.9,,65.8
09:55:00,27.4,53.55,22.95,35.2,25.05,39.75,11.08,18.36,,16.14,5.81,11.4,17.14,4.31,11.7,33,,90.15,119.3,33.65,40.3,23.2,,9.4,7.89,142.7,18.8,11.44,59.45,23.95,12.28,8.43,8.33,49.7,,12.7,4.45,6.6,6.36,,57.8,137.1,63.8,84.1,38.7,,76.4,3.62,4,18.76,47,8.35,12.8,15.4,125.8,,328.8,27.3,43.5,40.35,2.75,96.65,8.04,4.57,11.64,61.4,264,36.1,86.6,9.39,3.48,22.9,27.55,5.03,290.8,76.5,,42.75,13.9,12.36,6.36,64.55,4.5,18.16,11.2,70.85,16.12,,158.8,1.7,124.6,4.56,18.32,31.7,5.92,43.1,2.66,68.3,,65.9
09:56:00,27.4,53.5,23,35.15,25,39.75,11.08,18.32,,16.1,5.82,11.36,17.12,4.31,11.7,32.9,4.81,89.85,119.4,33.4,40.35,23.15,31.5,9.4,7.88,142.3,18.84,11.44,59.2,,12.3,8.43,8.33,49.65,,12.7,4.46,,6.36,48.6,57.75,137,63.85,83.95,38.7,,76.35,3.62,4,18.62,46.95,,12.78,15.36,125.7,,328.2,27.25,43.5,40.25,2.75,96.55,8.04,4.57,,61.35,264,35.9,86.45,9.39,3.48,22.85,27.5,5.02,290.4,76.55,30.4,42.75,13.9,,6.36,64.5,4.49,18.14,11.18,70.7,16.1,,158.7,1.7,124.1,4.56,18.28,31.65,5.92,43.05,2.66,,,65.9
09:57:00,27.35,53.5,,35.15,25.05,39.8,11.08,18.34,11.26,16.14,5.82,11.36,17.12,4.31,,32.95,4.82,89.95,119.9,33.5,,23.1,31.5,9.4,7.87,142.4,18.82,11.44,59.2,24,12.3,8.42,8.34,49.65,,12.68,4.45,6.61,6.36,,57.75,137,63.85,84.2,38.7,,76.5,3.62,4,18.7,46.95,8.37,,15.42,125.8,,328.2,27.25,43.5,40.25,2.76,96.5,8.04,4.58,11.64,61.35,263.8,35.9,86.65,9.4,,22.9,,5.03,290.8,76.65,30.35,42.85,13.9,12.36,6.35,64.6,4.49,18.14,11.16,70.6,16.06,113.9,158.7,1.7,124.2,4.57,18.28,,5.92,,2.66,68.25,,66
09:58:00,27.35,53.5,23,,25.05,39.8,11.08,18.34,11.26,16.12,5.81,11.4,17.1,4.3,,32.95,4.81,89.95,119.9,33.6,,23.15,,9.4,7.87,142.4,18.8,11.46,59.3,24,12.28,8.42,8.34,49.65,,12.72,4.47,6.62,,48.65,57.9,137,63.95,,38.8,,76.35,3.62,4.01,18.7,,,12.78,15.38,125.7,,328.6,27.35,43.5,40.25,2.75,,,4.59,,61.35,264.2,35.9,86.75,9.4,3.47,22.9,,5.03,290.4,76.65,30.35,,13.9,12.38,6.35,64.6,4.49,18.14,11.18,70.75,,113.9,158.7,1.71,123.8,4.56,18.32,31.75,5.92,43.1,2.66,,,66.2
09:59:00,,53.55,22.95,,25.1,39.8,11.06,18.34,11.26,16.1,5.81,11.38,17.1,4.3,11.72,33,,89.9,119.9,33.5,40.35,23.15,31.45,9.4,7.88,142.5,18.82,11.46,59.3,,12.26,8.4,8.33,49.7,,12.74,4.46,6.62,6.36,,57.8,136.9,63.85,84.2,38.9,,76.45,3.62,4,18.74,,8.39,12.76,15.4,125.5,,328.6,27.35,43.55,40.2,2.75,96.5,8.04,4.59,11.64,61.35,264.2,,86.55,9.4,,,27.5,5.03,290.6,76.55,30.35,,,,6.35,64.6,4.49,18.14,11.18,,16.08,,158.6,1.71,123.8,4.57,18.32,31.75,5.92,43.1,2.66,,,66.15
10:00:00,27.4,53.55,22.95,,25.1,39.8,11.1,18.32,11.24,16.1,5.81,11.36,17.16,4.31,11.7,33,4.82,90.1,,33.6,40.3,23.15,,9.42,7.87,142.9,18.8,,59.2,23.95,12.26,8.4,8.33,49.65,6.1,12.74,4.47,6.62,6.34,,58.1,137,63.8,84.45,38.9,,76.65,3.62,4,18.78,46.95,8.4,12.74,15.4,125.7,2.83,329.2,27.35,43.5,,2.76,96.5,8.04,4.6,,61.35,265,35.85,86.55,9.4,3.48,,27.55,5.04,290.2,76.5,30.35,42.8,13.9,,6.35,64.55,4.5,18.14,11.2,,16.08,113.7,158.8,1.72,123.9,4.56,18.34,31.7,5.92,43.05,2.66,,,66.55
10:01:00,27.45,53.55,22.95,,25.2,39.7,11.1,18.32,11.24,,5.81,11.38,17.12,4.31,,32.95,,90,119.7,33.6,,23.15,31.5,9.42,7.88,142.9,18.8,11.44,59.15,,12.28,8.41,8.32,49.6,6.11,,4.46,6.61,,48.5,58,137.2,63.85,84.45,39.1,22.9,76.45,3.62,3.99,18.76,,8.38,12.72,15.38,125.9,2.83,328.8,27.3,43.45,40.2,2.75,96.45,8.04,4.6,11.64,61.4,265.2,36,86.5,9.4,3.48,,27.55,5.04,290.6,76.55,30.3,42.8,13.88,,6.35,64.65,4.49,18.12,11.28,,16.12,113.7,158.8,1.72,123.9,4.55,18.32,,5.92,43.05,2.66,68.35,,66.45
10:02:00,,53.7,22.95,35.2,25.35,39.85,11.12,18.34,11.24,16.12,5.82,11.38,17.16,4.32,11.74,33.05,,90.2,,33.55,40.35,23.15,31.5,9.41,7.89,143,18.82,11.46,59.15,,12.3,8.39,8.33,49.7,,12.72,4.45,,6.35,48.65,58.15,137.5,63.9,84.3,39,22.9,76.6,3.62,3.99,18.84,47.05,8.39,,15.4,125.9,2.83,329,27.45,43.5,,2.77,96.5,,4.6,,61.5,265.8,36,86.8,9.43,3.48,22.95,27.6,5.05,291,76.7,,42.85,13.9,,6.35,64.6,4.49,18.14,11.28,,16.12,113.9,159.2,1.71,124.5,4.56,18.34,31.9,5.92,43.15,2.67,68.6,32.25,66.6
10:03:00,27.35,53.7,22.95,35.2,25.35,39.9,11.14,18.34,11.24,,5.82,11.4,,4.31,,33.1,,90.35,119.5,33.45,40.35,23.2,31.5,9.43,7.91,143.2,18.82,,59.3,24,12.28,8.41,8.34,49.7,,12.72,4.47,6.61,6.36,48.7,58.3,137.6,63.85,84.8,39.2,22.9,76.6,3.62,3.99,19,47.1,,12.76,15.36,126.6,2.83,329.4,27.45,43.55,40.3,2.77,96.5,8.06,4.6,11.64,61.55,265.6,35.95,86.65,9.42,3.48,,27.6,5.06,291,76.65,30.35,42.7,,,6.36,64.7,4.49,18.1,11.2,71.05,,113.8,159.4,1.72,124.9,4.56,18.34,31.65,5.94,43.15,2.67,,,66.7
10:04:00,,53.65,23.05,35.25,25.3,39.9,11.12,18.34,11.24,16.08,5.84,11.38,17.2,4.33,11.76,33.1,4.82,90.25,,33.55,40.4,23.2,31.45,9.43,7.91,143,18.82,11.44,59.35,24,12.3,8.42,8.35,49.75,6.12,12.7,4.46,,6.36,48.7,58.2,137.6,63.85,84.85,39,22.85,76.55,3.62,3.99,19.02,47.15,8.42,12.78,15.36,126.4,2.83,329.4,27.45,43.6,40.35,2.76,96.5,8.06,4.6,11.64,61.6,266.2,35.9,86.65,9.42,,22.95,27.6,5.07,291,76.7,,42.85,13.94,12.42,,,4.49,18.18,11.2,71,,,159.4,1.72,124.6,4.57,18.34,31.75,5.93,43.15,2.67,,32.3,66.6
10:05:00,,53.7,23.1,,25.35,39.8,11.12,18.34,11.24,,5.84,11.38,17.24,4.33,,33.1,4.82,90.2,,33.55,,23.2,,9.43,7.9,142.9,18.84,11.44,59.2,,12.32,8.42,8.35,49.7,,12.7,4.47,6.62,6.36,48.65,58.4,137.8,63.85,84.9,39,,76.55,3.62,3.99,18.9,47.15,8.44,12.8,15.36,126.3,2.83,328.8,27.45,43.65,,2.77,96.55,8.06,4.6,11.64,61.6,265.6,,86.65,9.43,3.48,23,27.6,5.05,290.8,76.7,30.35,42.85,13.94,,6.36,64.8,4.49,18.16,11.12,70.85,,,159.2,1.71,124.8,,18.34,31.65,5.93,43.2,2.67,,32.3,66.65
10:06:00,,53.6,23,35.3,25.4,39.8,11.1,18.3,11.24,16.06,5.84,,17.2,4.33,,33.05,4.82,90.05,119.5,33.55,,23.2,31.4,9.41,7.92,142.7,18.86,11.44,59.1,,12.3,8.42,8.36,49.65,,12.68,,6.61,6.36,,58.4,137.5,63.85,84.85,39.05,22.85,76.5,3.62,3.99,19.02,47.1,8.44,12.8,15.32,126.1,2.83,329,27.4,43.65,,2.76,96.5,8.04,4.6,,61.55,,35.85,86.65,9.4,3.48,,,5.04,290.6,76.6,,,13.94,,6.35,64.8,4.49,,11.12,71.15,16.04,,159.1,1.71,124.7,4.57,18.34,31.8,5.93,43.2,2.67,,32.25,66.4
10:07:00,27.35,53.65,23,35.25,25.35,39.75,11.12,18.34,11.2,16.02,5.84,,17.2,4.33,11.76,33.05,,90.05,,33.5,,23.2,31.35,9.4,7.92,142.6,18.84,11.44,59.2,,12.26,8.41,8.35,49.65,,,4.48,6.6,6.36,48.65,58.4,137.7,63.9,84.75,39.1,,76.4,3.63,3.99,18.9,47.05,8.46,12.8,15.28,126,2.82,328.8,,43.55,40.35,2.77,96.5,8.04,4.61,11.62,61.55,265.2,35.85,86.65,9.39,3.48,22.95,27.6,5.04,290.8,76.7,30.35,42.8,13.92,,6.34,64.85,4.49,18.18,11.08,71.05,16.04,113.9,159.1,1.71,124.4,4.57,18.32,31.9,5.94,43.15,2.66,,32.2,66.55
10:08:00,27.35,53.55,23.1,35.2,25.3,39.75,11.08,18.28,11.18,16.02,5.84,11.36,17.2,4.32,11.72,32.95,4.81,90,119.4,33.4,40.4,23.2,31.3,9.4,7.91,142.4,18.84,11.38,59.1,,12.28,8.42,8.35,49.6,6.12,12.66,,6.59,,48.5,58.55,137.7,63.85,84.5,38.95,22.85,76.25,3.63,3.99,18.76,47,8.43,12.8,15.26,125.8,2.83,328.8,27.3,43.5,,2.77,96.45,8.03,4.6,11.64,61.5,264.8,35.75,86.45,9.38,,22.95,27.5,5.03,290.4,76.6,30.3,42.75,13.94,12.38,6.32,64.85,4.5,,11.08,70.7,16.04,114,159.3,1.71,124.4,,18.3,31.9,5.93,43.15,,68.45,32.1,66.3
10:09:00,,53.55,23.05,,25.3,39.65,11.1,18.3,11.18,16.02,5.83,11.36,17.2,4.31,,32.95,,89.9,119.6,33.4,,23.15,31.25,9.4,7.92,142.4,18.82,11.42,59.05,23.95,12.28,8.41,8.34,49.6,6.13,12.68,4.47,6.58,,48.45,58.45,137.6,63.8,84.5,39,,76.25,3.62,3.99,18.82,47,8.42,12.8,15.24,126,2.83,329,27.3,,40.3,2.76,96.4,8.03,,11.6,61.45,,35.75,86.35,9.39,,22.9,27.55,5.05,290.2,76.65,30.3,,13.94,,6.32,64.8,,,11.1,70.7,16,,159.4,1.7,124.4,4.57,18.3,31.9,5.94,43.15,2.66,,,66.2
10:10:00,27.35,53.6,23.1,,25.3,39.65,11.12,,11.18,16.02,5.84,11.38,17.2,4.32,11.74,33.05,4.81,90.1,119.6,33.45,40.4,23.15,31.3,9.41,7.93,142.6,18.82,11.42,59.2,24,12.28,8.42,8.36,49.65,,12.66,4.47,6.6,,48.4,58.5,137.6,63.8,84.5,39.05,22.85,76.35,3.63,3.99,18.92,47,8.4,12.8,15.28,126.3,2.83,329.2,27.3,,,2.77,96.45,8.02,4.59,,61.5,265,,86.35,9.38,3.47,,27.55,5.03,290.8,76.75,30.3,,13.92,,6.32,64.75,4.49,18.18,11.08,70.6,16.02,114,159.6,1.71,124.9,4.57,18.3,,,,2.65,,32.25,66.3
10:11:00,,53.6,,,25.35,39.65,11.08,18.3,11.2,16,5.83,11.38,17.2,4.32,11.72,33.05,,90.15,119.5,33.45,,23.1,31.25,9.41,7.91,142.5,18.84,,59.2,23.95,12.3,8.42,8.35,49.65,6.12,12.64,4.47,6.61,,48.35,58.45,137.7,63.85,84.5,39.1,,76.25,3.63,3.99,19,47,,12.8,15.26,126.1,2.83,330,27.3,,40.4,2.77,96.4,8.03,4.58,11.6,,265,35.75,86.3,9.39,,22.95,,5.03,290.6,76.75,30.35,,,12.36,6.32,64.8,4.5,18.14,11.02,70.65,16.04,114.1,159.5,1.71,124.8,4.57,18.3,31.85,5.94,43.15,2.66,,,66.25
10:12:00,27.3,53.7,23.1,35.2,25.4,39.6,11.08,18.34,11.2,15.98,5.83,11.38,17.2,4.32,11.72,33.05,4.8,90.05,,33.5,40.35,23.1,,9.41,,142.6,18.86,11.4,59.1,23.9,12.3,8.41,8.33,49.7,,12.64,4.46,6.61,6.35,48.3,58.55,137.6,63.85,84.5,38.95,22.85,76.05,3.63,3.99,19.06,,8.38,12.8,15.26,125.8,2.82,329.8,27.3,43.45,40.35,2.77,96.45,,4.57,11.64,61.5,265,,86.3,9.38,3.47,22.95,27.55,5.04,290.6,76.85,,,,12.34,6.33,64.8,4.49,18.14,11,70.6,16.04,114.1,159.4,1.71,124.6,4.57,18.28,31.75,5.94,43.1,,,32.2,66.15
10:13:00,,53.7,23.05,35.2,25.5,39.6,11.1,18.36,11.18,15.96,5.83,11.38,,4.32,11.72,33.05,4.8,90.05,,33.55,,23.1,31.2,9.42,7.91,142.6,18.86,11.38,59.1,,12.3,8.41,8.35,49.65,,12.62,4.47,6.61,6.35,48.4,58.55,137.6,63.85,84.5,38.95,,76.25,3.62,3.99,19.12,47,,12.8,15.2,126.2,2.83,329.6,27.3,43.45,40.35,2.77,96.5,8.02,4.58,11.68,61.5,265.2,35.75,86.45,9.39,3.47,,,5.04,290.4,76.95,30.35,,13.92,12.34,,64.8,4.49,18.14,10.98,,16.02,114.3,,1.71,124.9,4.56,18.32,31.8,5.92,43.15,,,,66.1
10:14:00,,53.75,23.05,35.2,25.5,,11.08,18.36,11.18,15.98,5.84,11.4,17.2,4.31,,33.05,,90.1,,33.55,40.35,23.1,31.15,9.42,7.93,142.7,18.86,11.4,59.1,24,12.3,8.44,8.34,49.65,6.11,12.62,,6.62,6.36,48.4,58.65,137.6,63.85,84.55,39,22.9,76.35,3.62,3.99,19.12,46.95,8.37,12.78,15.18,126,2.83,329.8,27.35,43.55,40.5,2.77,,8.02,,11.7,61.55,,,86.4,9.39,3.47,,27.55,5.03,290.6,76.9,,42.8,13.92,,6.32,64.8,,18.14,10.98,70.6,,,159.4,1.71,124.8,4.56,18.3,,5.92,,2.66,,32.25,65.95
10:15:00,27.3,53.75,23.05,35.2,25.45,39.5,11.06,18.38,11.18,15.94,5.82,11.36,17.2,4.32,11.74,33,4.79,89.9,119.5,33.45,40.35,23.05,31.15,9.41,7.92,142.4,18.82,11.4,59,,12.28,8.41,8.33,49.5,,12.62,4.47,6.61,,48.45,58.65,137.5,63.9,84.5,39.1,22.9,76.3,3.63,3.99,19.16,,8.39,12.8,15.18,125.8,2.83,329.2,27.3,43.5,40.5,2.77,96.45,8,4.56,,61.6,265.2,35.7,86.35,9.38,3.46,,27.5,5.03,290.8,76.65,,,13.92,12.3,6.31,64.8,4.49,18.14,10.98,70.5,,114.4,159.1,1.71,124.6,4.56,18.26,31.8,5.91,43.1,2.66,,,66.1
10:16:00,27.25,53.75,23.05,,25.45,39.5,11.06,18.34,11.18,15.94,5.83,11.38,,4.32,11.7,32.95,,90,,33.45,,23.05,31.15,9.41,7.92,142.6,18.82,11.38,59,,12.28,8.43,8.31,49.4,,12.58,,6.6,,48.3,58.6,137.6,63.9,84.75,38.9,,76.25,3.62,3.99,19.2,,8.39,12.8,15.04,125.9,2.83,329.2,27.3,43.45,40.5,2.76,,8,4.56,,61.6,265,35.55,86.3,9.38,,22.95,,5.03,290.6,76.7,,42.75,13.92,,6.3,64.85,,,11,70.55,16.02,,159.3,1.71,124.5,4.55,18.24,31.8,5.9,,2.66,,,66.3
10:17:00,,53.75,23,35.2,25.5,39.55,11.08,18.38,11.18,15.94,5.82,11.38,17.22,4.32,11.72,33,,90.05,,33.4,40.45,23.1,31.05,9.4,7.92,142.9,18.82,,59.05,24,12.28,8.43,8.32,49.55,6.12,12.6,4.47,6.61,6.38,48.3,58.65,137.9,63.85,84.85,38.95,,76.35,3.63,3.99,19.1,,8.38,12.8,15.04,126,2.81,329.2,27.35,,40.55,2.77,96.5,8,4.56,11.72,61.6,265.2,35.7,86.4,9.37,,22.95,27.5,5.04,290.6,76.65,,,13.94,,6.29,,,,11.02,,16.06,,159.5,1.7,124.8,4.55,18.26,,5.9,43.2,2.66,,,66.35
10:18:00,,53.75,,35.2,25.5,39.5,11.1,18.4,11.18,15.94,5.82,11.38,17.22,4.32,11.7,33,4.8,90.05,,33.4,40.5,23.2,31.15,9.41,7.93,142.9,18.82,11.4,59.05,,12.3,8.43,8.3,49.6,6.12,12.68,4.47,6.61,6.37,48.45,58.75,137.9,63.95,,39.1,22.9,76.35,3.62,3.99,19.1,46.95,8.4,12.8,15.1,126.1,,329.2,27.35,,40.55,2.77,,,4.57,,61.65,264.8,35.8,86.45,9.38,3.47,22.95,,5.04,290.6,76.75,30.35,,13.94,,6.29,64.9,4.49,18.12,11.02,70.2,16.08,114.5,159.2,1.71,124.8,4.56,18.26,31.85,5.9,43.2,2.66,,,66.45
10:19:00,27.3,53.65,23.05,35.15,25.4,39.55,11.1,18.42,11.22,16,5.82,11.38,,4.32,11.7,33.05,,90.1,119.4,,,23.2,31.2,9.42,7.93,142.8,18.84,,59.1,24,12.26,8.44,8.3,49.6,,,,6.62,,48.35,58.8,137.9,63.95,,38.95,22.9,76.4,3.63,3.99,19.12,47.05,8.42,12.78,15.08,126.1,,329,27.35,,,2.77,96.55,8,4.59,11.74,61.65,265,35.85,86.45,9.38,3.46,22.9,27.45,5.04,291,76.8,,,13.94,,6.29,64.85,4.49,18.12,10.94,70.15,16.04,114.4,159.4,1.71,124.9,4.56,18.28,31.8,5.9,,2.66,,32.4,66.3
10:20:00,,53.6,23.05,,25.55,,11.1,18.4,,15.96,5.83,11.38,17.24,4.32,,33,,90.1,119.5,33.3,40.55,23.1,31.25,9.43,,142.8,18.84,11.38,59.05,,12.26,8.44,,49.6,6.12,12.66,,,6.38,48.35,58.8,137.7,63.85,84.7,39,22.9,76.3,3.62,3.99,19.14,47.05,8.41,12.76,15.02,125.9,2.81,328.8,27.25,,,2.77,96.55,8.01,4.59,11.7,61.7,265.2,35.9,86.4,9.38,,22.9,27.45,5.04,291,76.8,30.35,,,12.28,,64.95,4.5,,10.92,70.1,,114.4,159.3,1.71,124.5,4.56,18.32,31.9,5.89,43.15,2.66,,32.35,66.25
10:21:00,,53.6,23,35.15,25.5,39.6,11.1,18.34,,15.96,5.83,11.38,17.24,4.33,11.72,33,,89.95,,33.2,,23.15,31.25,9.43,7.9,142.7,18.92,11.38,59.1,24,12.28,8.43,8.31,49.6,,12.64,,,6.38,48.3,58.9,137.7,63.85,84.55,38.95,,76.4,3.63,3.99,19.16,47.1,,,15.02,126,2.82,328.8,27.25,43.45,,2.76,96.5,8.01,4.58,,61.7,265.2,35.9,86.4,9.38,3.46,22.9,27.45,5.03,290.8,76.7,,,13.96,,6.27,64.95,4.49,,10.84,70.05,16,114.5,159.4,1.72,124.6,4.55,18.32,32,5.89,43.15,2.66,,,66.15
10:22:00,,53.6,23.05,35.15,,39.6,11.1,18.38,,15.98,5.82,11.38,,4.33,,33,4.8,90.05,,33.3,,23.2,31.25,9.44,7.9,142.9,,11.38,59.25,23.9,12.26,8.43,8.33,49.75,,12.64,4.47,6.61,6.39,48.3,58.95,137.9,63.9,84.5,39,22.9,76.45,3.62,3.99,19.18,47.2,,12.76,15.06,126.3,,329.2,27.3,43.45,40.6,2.77,,8.02,4.58,,61.7,265.2,35.95,86.55,9.37,3.46,22.9,27.45,5.05,291,76.7,30.35,,13.96,,6.28,65,4.49,18.16,10.96,69.95,,114.5,159.6,1.72,124.7,4.54,18.3,32.1,5.9,43.15,2.66,,,66.2
10:23:00,27.35,53.6,23.05,35.2,25.45,39.6,11.1,18.34,,16,5.83,11.4,17.26,4.33,11.72,33,4.8,90.1,119.2,33.35,,23.2,,9.45,7.91,143.1,18.96,11.38,59.35,,12.28,8.42,8.34,49.8,6.13,12.64,4.47,6.63,6.39,48.35,59.1,138.1,63.9,84.5,39,,76.5,3.63,3.99,19.16,47.25,,,15.02,126.3,,329.4,27.3,43.5,40.65,2.77,96.55,8.04,4.58,,61.65,265.4,36,86.65,9.39,3.47,22.9,27.45,5.06,290.8,76.8,,42.75,13.98,,6.28,65.15,4.51,18.2,10.9,70,16,114.5,159.8,1.73,125,4.56,18.32,32.1,5.9,43.2,2.66,,32.45,66.25
10:24:00,27.35,53.5,23.1,,25.45,39.7,11.14,,11.2,15.94,5.83,11.42,17.26,4.33,11.74,33.1,4.8,90.25,,33.35,40.55,23.2,,9.46,7.93,143.3,,,59.45,,12.28,8.42,8.36,49.8,,12.64,4.47,,,48.45,59.05,138.2,63.9,84.45,38.9,22.95,76.65,3.64,3.99,19.16,,,12.76,15.08,126.5,2.83,329.6,27.25,,,2.76,96.6,8.04,4.58,11.7,61.65,265.6,36,87,9.39,,22.95,,5.06,291.2,76.8,30.4,,13.98,12.38,6.29,65.15,4.51,18.22,10.98,70.2,16.02,114.6,159.8,1.73,125.1,4.57,18.3,32.3,5.91,43.25,2.66,,,66.3
10:25:00,,53.6,23.1,35.2,25.5,39.7,11.12,18.4,11.2,15.98,5.84,11.44,17.3,4.32,11.74,33.1,,90.3,119.8,33.4,40.6,23.2,,9.47,7.92,143.4,18.9,11.4,59.45,,12.32,8.44,,49.75,6.14,12.68,4.48,,6.4,48.45,59.15,138.1,63.95,84.5,38.9,,76.65,3.64,3.99,19.24,47.3,,12.76,15.1,126.6,,329.4,27.2,,40.7,2.77,96.6,8.05,4.59,,61.85,265.8,36,87.1,9.4,3.47,22.9,,5.07,291.6,76.75,30.35,,13.98,12.38,,65.15,4.51,,10.98,70.2,,114.6,159.8,1.73,125.1,4.57,18.32,32.15,5.9,43.3,2.67,68.7,,66.3
10:26:00,27.4,53.65,23.15,,25.5,39.9,11.16,18.42,11.2,16,5.84,11.44,17.38,4.33,11.74,33.15,,90.55,120,33.4,,23.25,31.35,9.49,7.95,143.8,19,11.44,59.65,24.05,12.3,8.45,8.38,49.85,,12.68,4.48,6.63,,48.45,59.2,138.4,63.95,84.6,38.95,,76.75,3.65,4,19.34,47.25,8.41,12.74,15.04,126.9,,330,27.25,43.55,40.7,2.77,96.6,8.05,4.6,11.72,61.7,266.2,36,87.3,9.41,3.48,22.95,27.55,5.09,292,76.8,30.35,42.8,14,12.42,6.34,65.2,,,10.98,,16.12,114.6,160.1,1.74,125.3,4.58,18.34,32.1,5.92,43.3,2.67,,32.55,66.55
10:27:00,27.4,53.65,,,25.5,39.95,11.16,18.46,11.26,16.04,5.84,11.48,17.38,4.33,11.72,33.2,4.82,90.6,,33.5,40.65,23.2,31.4,9.49,7.97,143.8,19,,59.8,24.05,12.32,8.45,8.37,49.95,6.15,,4.49,6.62,,48.65,59.4,138.5,64.1,84.6,38.9,22.95,76.75,3.64,,19.32,47.25,8.4,,15.08,127.1,2.84,330.6,27.3,,,2.77,96.7,8.04,4.6,11.74,,266.6,36,87.45,9.43,,22.95,27.6,5.09,292,76.8,30.45,42.85,14.04,12.42,6.33,65.2,4.52,18.24,10.86,70.5,16.06,,160.3,1.75,125.5,4.57,18.34,32.1,,43.35,2.67,68.8,,66.55
10:28:00,27.4,53.75,23.15,35.25,25.55,40.05,11.16,18.44,11.26,16.06,5.85,11.44,17.38,4.33,11.74,33.2,4.81,90.65,,33.55,,23.2,31.4,9.48,7.97,144.1,19,,59.8,24.05,12.32,8.45,8.39,49.95,6.15,12.7,,6.64,6.41,48.7,59.35,138.6,64.1,84.9,39.05,23.05,76.85,3.65,4.02,19.38,,,12.8,15.1,126.8,2.84,330.4,27.3,,40.75,2.77,96.8,,4.6,,,266.4,36,87.35,9.45,3.49,23,27.6,5.08,292,76.9,,42.95,,12.42,6.34,65.2,4.52,18.26,10.88,70.45,16.08,114.7,160.2,1.75,125.8,4.58,18.36,32.2,5.92,43.4,2.67,,,66.6
10:29:00,27.4,53.75,23.1,35.25,25.55,40,11.16,18.42,11.24,16.04,5.85,11.46,17.36,4.33,11.74,33.15,,90.5,120.3,33.55,,23.15,31.35,9.48,7.95,143.7,19,,59.8,24.05,12.28,8.44,,49.95,6.16,12.66,4.49,,6.42,48.5,59.1,138.5,64.2,,39.05,,76.75,3.65,4.01,19.36,47.3,,12.8,15.08,126.7,2.83,330.4,,43.55,40.7,2.77,96.8,8.04,4.59,,61.8,265.8,35.9,87.4,9.42,3.49,23,27.6,5.09,291.8,76.85,,,14.02,,6.33,65.15,4.51,,10.88,,,114.7,160.1,1.74,125.7,4.58,18.34,32.1,5.92,43.45,2.67,,,66.5
10:30:00,,53.75,23.05,,25.5,40,11.12,18.44,11.26,16.02,5.85,11.44,17.38,4.33,,33.2,4.8,90.5,,33.5,40.6,23.25,31.3,9.46,7.95,143.5,18.98,11.4,59.8,24.05,12.28,8.44,8.39,49.9,,,4.47,6.61,6.41,,58.9,138.3,64.15,84.9,38.9,,76.5,3.64,,19.3,,8.41,12.8,15.04,126.8,2.84,329.8,27.25,43.55,,2.77,96.75,8.02,4.59,,61.8,265,35.75,87.5,9.42,3.49,23,27.6,5.09,292.2,76.8,,,,,6.33,65.2,4.51,,10.9,70.15,16.12,114.7,160.1,1.74,125.7,4.58,18.32,32.1,5.91,43.4,2.67,,32.55,66.45
10:31:00,27.45,53.75,23.05,35.2,25.5,40,11.14,,11.26,16.02,5.85,11.42,17.36,4.33,,,,90.6,,33.5,,23.2,,9.46,7.96,143.7,19,,59.85,24.05,12.28,8.44,,50,,,4.47,6.62,,48.5,59.15,138.5,64.25,,38.9,,76.5,3.65,4,19.28,,,12.8,15.04,126.8,,330,27.25,,40.75,2.77,,8.04,4.59,,61.65,265.6,35.75,87.5,9.41,3.49,23,27.55,,291.8,76.7,30.45,42.95,,,6.33,65.15,4.51,,10.88,,,114.7,160.1,1.74,125.8,4.58,18.32,32.1,5.9,43.35,2.67,,,66.5
10:32:00,27.45,53.75,23.15,35.25,25.45,40.15,11.16,18.48,11.26,16.06,5.87,11.44,17.34,4.34,11.74,33.2,4.8,90.65,120.5,33.55,40.65,23.2,31.4,9.47,7.97,143.9,19,11.4,59.85,24,12.3,8.45,8.42,49.95,,12.64,4.48,,6.41,48.6,59.15,138.7,64.2,85,38.9,23.05,76.9,3.65,,19.32,47.35,,12.84,15.04,127.1,2.84,330.6,27.3,43.55,40.75,2.78,96.85,,4.58,11.76,61.75,266.2,35.75,87.65,9.44,3.51,23,,5.08,292.6,76.9,30.5,43.1,14,12.44,6.35,65.2,4.51,,10.88,70.05,16.18,114.6,160.3,1.74,125.5,4.59,,32,5.92,43.35,2.68,68.8,,66.5
10:33:00,,53.75,23.1,35.3,25.5,40.15,11.14,18.48,11.24,16.06,5.86,11.42,,4.34,,33.25,,90.7,120.4,33.55,,23.3,31.4,,7.97,143.8,19,,59.95,24.05,12.28,8.43,,49.85,,,,,6.42,48.55,59.05,138.6,64.2,84.9,38.95,,76.8,3.65,,19.34,47.35,,12.82,15.04,127,,330.4,27.3,,,,,8.03,4.58,,61.75,265.8,,87.65,9.44,3.5,,,5.09,292.4,76.95,30.5,,13.98,,,65.2,4.51,,10.92,70,16.16,,160.3,1.75,125.6,4.59,18.32,,,43.35,2.68,68.9,,66.5
10:34:00,,53.8,23.1,,25.45,40.1,11.16,18.48,,16.04,5.86,11.42,17.34,4.34,,33.25,,90.55,120.5,33.6,40.65,23.3,,9.46,7.98,143.6,18.98,11.4,60,24.05,12.28,8.43,8.42,49.9,6.15,12.62,,6.62,6.42,48.55,58.85,138.4,64.25,,38.95,,,3.65,4.01,19.36,,8.41,12.82,15,126.9,2.83,330.2,27.3,43.55,,2.78,96.85,,4.59,,61.8,265.6,35.8,87.6,9.41,,23,27.6,5.08,292.4,76.9,,,,,,65.2,,18.24,10.94,69.75,,114.7,160.3,1.74,125.6,4.59,18.32,32.25,5.92,43.3,2.68,69.15,,66.55
10:35:00,,53.75,,,25.5,40.1,11.16,18.5,11.24,16.02,,11.42,,4.34,11.74,33.2,4.8,90.55,120.5,33.35,,23.3,31.35,9.46,7.94,143.3,18.96,11.44,59.8,24.1,12.3,8.45,8.41,49.85,6.15,12.62,4.48,6.6,6.41,48.7,58.75,138.3,64.2,84.85,38.8,23,76.6,3.65,4.01,19.28,,8.41,12.84,14.96,126.8,2.83,329.8,27.25,,,2.78,96.8,8.02,4.58,,61.7,265.8,35.85,87.6,9.41,,23,27.55,5.06,292,76.75,,,,12.4,6.35,65.15,4.51,18.2,10.92,69.75,16.16,114.7,160.1,1.74,125.3,4.59,18.3,31.95,5.93,,2.68,68.8,32.5,66.45
10:36:00,27.45,53.75,23.1,,25.45,40.05,11.16,18.5,11.22,16,5.85,11.42,,4.34,,33.15,4.8,90.5,120.5,33.35,,23.3,31.3,9.45,7.96,143.1,18.96,11.38,59.8,,12.3,8.44,,49.85,6.13,12.6,,6.6,,48.55,58.65,138.2,64.25,,38.7,,76.55,3.65,4.01,19.32,47.4,8.42,12.84,14.96,126.6,,329.8,27.25,,,2.77,,8.02,4.57,,61.65,265,35.75,87.55,9.4,3.51,,27.55,5.06,292,76.7,30.5,,13.96,,6.32,65.15,4.49,18.2,10.92,69.95,,114.7,160.1,1.73,125.1,4.59,18.26,32.05,5.92,43.35,2.68,69,,66.45
10:37:00,27.45,53.75,23.05,,25.5,40.1,11.16,18.52,,15.98,5.85,11.42,17.28,4.33,11.72,33.2,4.8,90.5,120.5,33.35,,23.2,,9.44,7.95,143.3,18.9,,59.75,24.1,12.28,8.45,,49.85,,,4.48,6.6,6.41,48.6,58.9,138.1,64.2,84.75,38.7,,76.55,3.65,,19.2,47.3,8.41,12.8,14.98,126.3,,329.6,,,,2.76,96.75,8.02,4.57,,61.7,265.2,35.75,87.5,9.39,3.51,23,27.6,5.06,291.8,76.7,,,,,6.34,65.15,4.5,18.2,10.94,,,114.7,159.8,1.73,124.9,4.59,18.26,,5.92,43.35,2.68,,,66.55
10:38:00,,53.75,,35.2,25.45,40.1,11.16,18.46,11.22,16,5.85,11.42,17.24,4.34,11.74,33.2,4.79,90.5,,33.4,,23.2,31.3,9.44,7.96,143.2,18.92,11.38,59.8,24.1,12.28,8.45,,49.85,6.13,12.6,4.48,6.61,6.42,48.55,58.8,138.2,64.2,84.6,38.7,,76.55,3.65,4.02,19.18,,,,14.96,126.5,,329.8,27.2,43.5,,2.76,96.55,,4.56,,,265,,87.5,9.39,3.51,23,27.65,5.06,291.4,76.75,30.5,,13.96,,,65.1,4.5,18.18,10.92,,,114.5,160,1.73,124.9,4.59,18.26,,5.92,,2.68,69,,66.6
10:39:00,27.45,53.75,,35.2,25.45,40.15,11.14,18.46,11.22,15.98,5.86,11.42,,4.34,,33.15,4.76,90.55,,,,23.2,31.35,9.44,7.95,143.3,18.9,11.42,59.7,24.1,12.28,8.44,8.42,49.8,6.13,,4.48,6.61,,48.55,58.75,138.1,64.15,84.65,38.75,,76.75,3.65,,19.18,47.25,,,14.96,126.5,2.82,329.8,,,,,96.5,8.02,,11.74,,265,35.65,87.6,9.4,3.51,,27.6,5.07,291.8,76.8,,,13.96,,6.33,65.05,,,10.92,69.95,,,160.1,1.73,124.9,4.59,18.24,31.8,5.92,43.3,2.68,69,,66.6
10:40:00,27.4,53.75,23.05,,25.45,40.15,11.14,,11.22,15.98,5.86,11.42,,4.34,,33.2,4.77,90.65,120.5,33.35,40.6,23.25,,9.44,7.97,143.4,18.92,,59.75,24.1,12.28,8.44,8.42,49.85,6.13,12.58,4.48,,6.41,48.55,58.8,138.1,64.15,84.65,38.9,,76.65,3.65,,19.2,47.25,8.4,,14.96,126.6,2.83,329.8,27.2,,40.65,2.77,96.45,8.02,4.56,,61.7,265.4,35.65,87.5,9.4,,,27.65,5.07,291.8,76.75,,,13.98,12.44,,65.1,4.51,18.18,10.9,69.9,,114.7,,1.72,125,4.58,,31.85,5.92,43.3,2.68,,,66.55
10:41:00,,53.75,,,25.45,40.2,11.14,18.56,11.22,16,5.86,11.42,17.3,4.33,,33.15,,90.6,120.5,33.4,40.65,23.25,,9.43,,143.2,18.92,11.4,59.85,24,12.28,8.44,,49.85,6.13,12.58,4.48,6.61,,48.6,58.8,138.1,64.15,84.7,38.9,23,76.85,3.65,4.01,19.22,,,,14.92,126.6,2.82,329.6,,43.5,,2.77,96.45,8.02,4.56,,61.7,265.4,35.6,87.5,9.4,3.49,23,27.6,5.07,291.6,76.75,30.45,,13.98,,6.33,65.1,4.5,18.16,10.9,,16.12,114.7,160.1,1.73,124.9,4.58,18.26,31.75,5.92,43.35,2.67,,,66.5
10:42:00,27.5,53.8,23.05,,25.45,40.15,11.12,18.56,11.22,16,5.86,11.42,17.3,4.33,,33.2,4.76,90.55,,33.4,,23.25,,9.43,7.95,143.1,18.9,11.38,59.8,24.1,12.28,8.44,8.41,,6.12,12.6,,,6.41,48.7,58.75,138,64.2,84.55,,,76.8,3.65,4.01,19.22,47.25,,,14.9,126.5,,329.8,27.15,43.45,40.65,2.77,96.4,8.02,4.55,,,265.2,35.6,87.5,9.4,3.49,23,27.6,5.07,291.4,76.7,30.45,,13.96,,6.33,65.05,4.5,18.16,10.9,69.95,,114.6,160,1.73,124.9,4.58,18.26,31.8,5.92,43.3,2.68,69.2,,66.5
10:43:00,,53.8,23.05,35.2,25.4,40.15,11.14,18.58,11.22,16,5.85,11.42,17.3,4.34,11.72,33.2,4.76,90.6,,33.35,,23.25,,9.43,7.94,143.2,18.9,,59.75,,12.28,8.44,8.4,49.8,6.11,,4.48,6.61,6.41,48.75,58.8,138,64.2,84.6,39.05,23,76.75,3.64,4.01,19.2,47.2,8.39,12.82,14.92,126.5,,329.6,,43.4,,2.77,96.4,8.02,4.55,,61.65,265.4,35.6,87.5,9.4,3.5,23,27.65,5.07,291.4,76.7,,,,,,65.05,4.5,18.16,10.92,,,114.7,160.1,1.73,124.8,4.58,18.26,,5.92,43.35,2.67,69.1,,66.45
10:44:00,,53.8,23.05,,25.35,40.15,11.12,18.62,11.22,16.02,5.85,11.42,17.26,4.34,,33.15,4.76,90.6,120.5,33.35,40.55,23.3,31.35,9.43,7.96,143.2,18.9,,,24,12.3,8.44,8.4,49.8,6.11,12.6,4.48,6.61,,,58.75,138,64.2,84.6,39.1,23,76.75,3.65,4.01,19.26,47.25,,12.82,14.9,126.4,2.84,329.4,27.2,43.4,40.6,2.76,,8.03,,,61.65,,35.6,87.5,9.39,3.5,23,27.55,5.07,291.2,76.75,,,13.98,,,65,,18.16,10.92,,16.12,114.7,159.9,1.73,,4.58,18.28,31.65,5.91,43.35,,69.1,32.55,66.45
10:45:00,27.5,53.8,23.05,35.2,25.4,40.15,11.14,,11.24,16.04,5.86,11.42,,4.34,11.7,33.15,,90.6,,33.4,,23.25,31.4,9.42,7.94,143.3,18.94,,59.8,24,12.3,8.42,8.41,49.85,6.1,12.58,4.47,,6.41,48.75,58.85,138,64.2,84.6,39.15,,76.8,3.65,4.01,19.2,,,12.82,14.92,126.4,2.84,329.6,27.2,,40.6,2.77,96.5,8.02,4.54,,61.65,265.4,,87.5,9.39,3.52,23.05,,5.07,291.4,76.75,,43.1,13.96,12.44,6.32,65.05,4.5,18.16,10.92,69.95,16.16,114.7,160,1.73,124.8,4.57,18.28,31.65,5.92,43.3,2.67,,,66.55
10:46:00,,53.8,23.05,,25.35,40.1,11.12,18.56,11.26,16.04,5.85,11.42,,4.34,11.72,,,90.55,120.5,33.4,40.5,23.35,,9.41,7.93,143.3,18.94,,59.8,23.95,12.28,8.42,8.4,49.8,6.1,,4.48,6.59,,,58.9,137.9,64.2,84.5,39.05,,76.75,3.65,4.02,19.22,,,12.82,14.9,126.1,2.84,329.4,27.2,43.4,,2.77,,8.02,4.55,,61.65,265,35.7,87.45,9.39,3.51,23.05,27.6,5.07,291.6,76.75,,,13.98,,,65.05,4.48,18.16,10.96,,16.14,114.7,159.6,1.72,124.8,4.58,18.26,31.65,5.91,43.35,2.66,,,66.45
10:47:00,,53.75,23.05,35.2,25.25,40.1,11.12,18.54,,16.02,5.85,11.42,17.26,4.34,11.7,,4.77,90.5,,,,23.35,,9.4,7.93,143.2,18.94,11.38,59.75,,12.28,8.44,,49.85,6.11,,4.48,6.59,6.41,48.8,58.9,137.8,64.15,84.45,39,23,76.7,3.65,4.01,19.24,47.3,8.38,12.8,14.9,126.1,2.84,329.4,27.15,,,2.77,,8.02,4.53,11.72,61.6,264.6,35.7,87.35,9.38,3.51,,27.55,5.06,291.4,76.75,30.45,,,,6.33,65.1,4.49,18.16,10.96,,16.14,114.7,159.5,1.71,124.8,4.58,18.2,31.7,5.91,43.3,2.67,,32.5,66.4
10:48:00,27.5,53.8,,35.2,25.25,40.1,11.14,18.6,,16.06,,11.42,,4.34,11.72,33.2,4.77,90.55,,33.4,,23.35,31.45,9.39,7.93,143.4,18.94,,59.65,,12.28,8.44,8.4,49.9,,12.6,4.48,6.59,6.41,48.8,59.05,137.7,64.2,84.55,39,,76.65,3.65,4.01,19.26,47.4,8.36,12.8,14.82,126.3,2.84,329.6,27.1,43.4,40.6,,,8.02,4.53,11.72,,264.4,,87.25,9.38,3.5,23.05,27.55,5.06,291,76.75,,43,13.96,12.44,6.34,65.05,4.5,,10.94,,,114.7,159.6,1.72,124.7,4.58,18.22,31.7,5.91,43.35,2.67,,,66.3
10:49:00,,53.8,23.05,35.2,25.25,40.15,11.14,18.6,11.28,16.08,5.85,11.42,17.26,4.34,11.7,33.2,,90.55,,33.4,,23.35,,9.38,7.93,143.4,18.96,11.38,59.55,24,12.3,8.41,8.41,49.9,6.11,,4.48,6.59,6.41,48.85,59.05,137.7,64.15,84.55,39.1,,76.55,3.65,4.01,19.2,,8.33,12.8,14.84,126.1,2.84,329.6,27.05,,40.6,2.77,96.55,8.02,4.53,11.72,61.65,264.8,,87.25,9.38,,,27.6,5.06,291.4,76.8,30.4,43.05,,,,65.1,4.5,18.16,10.94,69.95,,114.7,159.8,1.72,124.6,4.58,18.2,,5.91,43.35,2.67,69.15,,66.35
10:50:00,27.45,53.8,23.05,35.2,25.3,40.1,11.14,18.58,,16.08,5.84,11.42,,4.34,,33.15,4.77,90.55,,33.4,,23.25,,9.4,7.94,143.1,18.94,,59.7,24,12.26,8.44,8.41,49.9,,,4.48,6.61,6.41,,59.15,137.7,64.15,84.5,39.05,23,76.6,3.65,4.01,19.16,,8.33,12.8,14.82,126.2,2.84,329.4,27.05,43.45,,2.77,96.45,8.03,,11.68,,264.8,35.7,87.45,9.38,3.51,,27.6,5.06,291.2,76.75,30.4,,13.96,,6.33,,4.49,18.2,10.9,69.95,,114.7,160,1.72,124.8,4.57,18.22,31.5,5.9,43.35,2.67,69.25,,66.4
10:51:00,,53.8,23,35.2,25.25,40.05,11.14,18.6,,16.08,5.83,11.42,,4.34,,33.2,,90.6,,33.4,,23.35,,9.37,7.93,143.3,18.94,11.42,59.6,,12.28,8.44,8.41,49.9,6.11,12.6,4.48,6.6,,,59,137.7,64.15,84.5,39,,76.6,3.65,4.01,19.08,,8.35,12.8,14.84,126.2,,329.6,27.15,43.45,40.6,2.76,,,4.54,,61.65,265.2,35.75,87.25,9.37,,23.05,27.55,5.06,291.2,76.75,,43,,,6.33,65.15,4.5,18.18,10.96,69.95,,114.7,159.9,1.73,124.7,4.58,18.2,31.7,5.91,,2.67,69.15,32.45,66.5
10:52:00,,53.85,23,35.2,,40.05,11.14,18.58,,16.08,5.83,11.42,17.26,4.34,11.7,33.2,,90.6,,33.45,,23.25,,9.37,7.94,143.4,18.94,11.38,59.6,,12.26,8.44,,49.85,,,4.47,6.61,,48.9,58.9,137.7,64.15,84.5,38.95,23,76.7,3.65,4.01,19.08,,,12.8,14.78,126.3,,329.6,27.05,43.4,,2.76,96.4,8.03,4.53,11.68,61.6,265.2,35.75,87.25,9.37,3.51,23.05,27.65,5.06,291,76.8,30.4,43.1,13.96,12.5,,65.2,4.5,18.18,10.96,,16.14,,160,1.73,124.8,4.58,18.2,31.7,5.91,43.35,2.66,,32.4,66.45
10:53:00,27.45,53.8,23,35.25,25.25,39.95,11.14,18.58,,16.08,5.83,11.42,17.26,4.34,,33.2,4.77,90.65,,33.4,,23.35,31.4,9.37,7.93,143.4,18.92,,59.5,,12.26,8.4,,49.6,6.12,12.6,4.48,6.6,,48.9,58.85,137.6,64.15,84.55,38.95,,76.65,3.65,4,19.06,47.3,,12.8,14.68,126.1,,329.4,27.05,43.4,,2.76,96.3,8.03,4.52,11.68,61.6,,35.75,87.25,9.36,3.5,,27.6,5.06,290.8,76.7,,,13.96,12.48,6.32,65.2,4.5,18.18,10.96,69.85,,,159.7,1.73,124.7,4.58,18.18,31.75,5.9,43.35,2.67,69.25,32.35,66.45
10:54:00,27.45,53.75,23,35.2,25.25,40,11.12,18.56,11.24,,5.83,11.4,17.26,4.33,11.7,33.2,4.77,90.5,120.5,33.2,,23.35,31.35,9.38,7.94,143.3,18.92,11.38,59.5,,12.26,8.43,8.41,49.7,,12.6,4.48,6.6,,48.9,58.75,137.6,64.15,84.6,,,76.7,3.64,4,19.06,47.3,8.34,12.8,14.62,126,2.85,329.2,26.95,,40.6,2.77,96.25,,,11.66,61.6,,35.75,87,9.36,,,27.6,5.06,290.8,76.65,,,13.96,12.54,6.32,65.1,4.5,18.16,10.96,,,114.5,160,1.73,124.5,4.57,18.16,,5.9,43.35,,,,66.5
10:55:00,27.4,53.8,22.95,35.2,25.25,39.95,11.1,18.56,11.24,16.04,5.83,11.4,17.24,4.34,11.7,33.1,4.77,90.35,120.5,33.15,,23.25,,9.38,,143.1,18.9,11.4,59.5,23.95,12.26,8.43,8.4,49.7,,12.58,4.48,6.59,6.41,48.9,58.7,137.5,64.15,84.6,38.9,23,76.65,3.64,4,19.16,,8.34,12.8,14.6,126,,329.2,,,,2.76,,8.03,,11.66,61.65,265,35.65,86.8,9.37,3.49,23.05,27.65,5.05,290.4,76.65,30.4,,,,,65.05,,18.18,10.98,69.85,16.12,,159.8,1.73,124.3,4.56,18.16,31.55,5.9,43.35,2.66,69.2,,66.3
10:56:00,,53.8,23,35.2,25.3,39.95,11.12,,11.24,16.02,5.83,11.4,17.24,4.34,,33.15,,90.45,,33.15,,23.2,,9.37,7.94,142.9,18.86,11.38,59.45,23.95,12.3,8.4,,49.7,6.11,12.6,,,6.41,48.9,58.65,137.5,64.15,84.6,,,76.65,3.64,4,19.2,47.25,8.33,12.8,14.62,126,2.83,329.2,26.9,,,2.77,96.3,8.03,4.53,11.66,61.65,,35.75,86.95,9.37,3.49,,27.6,5.04,290.4,76.6,30.4,43.1,13.94,12.52,6.3,,4.49,18.16,10.96,69.9,,114.5,159.7,1.73,124.2,4.57,18.14,,5.89,43.3,2.67,,,66.15
10:57:00,27.4,53.8,23,35.2,25.3,40.05,11.1,18.58,,16.02,5.83,11.4,17.24,4.34,11.7,33.15,4.77,90.35,120.4,33.15,40.55,23.2,,9.37,7.93,142.9,18.88,11.36,59.55,,12.28,8.4,8.39,49.6,,,4.48,6.59,,,58.8,137.6,64.15,84.55,38.85,,76.65,3.64,4,,,8.33,12.8,14.66,126.2,2.82,329.2,26.9,,40.6,2.76,96.35,,,11.7,,264.8,35.75,87,9.36,3.49,22.95,27.65,5.05,290.8,76.6,,,13.94,12.48,,65,4.5,18.16,,,16.1,114.5,159.9,1.73,124.2,4.57,18.14,,5.88,43.3,2.67,69.25,,66.15
10:58:00,27.35,53.8,22.95,35.2,25.35,40.05,11.12,18.58,11.24,16,5.83,11.4,17.24,4.33,11.7,33.15,4.77,90.35,,33.2,,23.25,,9.37,7.94,142.8,18.88,11.34,59.5,,12.28,8.4,8.39,49.6,6.11,,4.48,6.58,6.4,,58.65,137.6,64.15,84.5,38.85,,76.6,3.64,4,19.24,,8.33,12.8,14.64,126.1,,329.2,26.85,43.4,,,,,,,61.65,265,35.75,87,9.36,3.49,22.95,27.65,5.04,290.8,76.55,30.35,,,,6.3,64.95,,,10.94,,16.1,114.5,,1.73,124.3,4.56,18.1,31.7,5.88,43.3,2.67,69.3,,66.1
10:59:00,,53.75,23,35.25,25.3,40.05,11.12,18.58,11.24,16,5.83,11.4,,4.32,11.68,33.05,4.76,90.35,120.5,33.2,,23.3,31.3,9.31,7.93,142.6,18.88,11.32,59.5,23.95,12.28,8.43,8.38,49.55,,12.58,4.47,6.56,,48.85,58.6,137.5,64.05,84.5,38.9,22.95,76.5,3.64,4,19.3,,,12.78,14.56,126.1,2.82,328.4,26.85,,40.6,2.77,,8.02,4.54,,,264.8,35.75,87,9.37,3.49,23,27.65,5.04,290.6,76.55,30.35,,,,6.29,64.95,4.49,18.16,10.96,,16.1,114.5,159.8,1.72,124.3,4.57,18.14,31.65,5.87,43.3,2.67,69.2,32.3,66.05
11:00:00,,53.75,23,,25.3,40,11.12,18.6,11.24,16.02,5.83,11.38,17.24,4.33,,33.15,,90.4,120.5,33.2,40.55,23.2,31.3,9.33,7.94,142.7,18.86,11.34,59.45,23.95,12.26,8.4,8.38,49.6,,,4.47,6.56,,48.9,58.8,137.5,64.05,84.55,38.8,,76.65,3.64,4,19.34,47.2,,,14.66,126,2.82,328.6,26.8,43.3,,2.77,96.3,,4.55,,,265,35.75,86.9,9.36,3.49,23,27.65,5.05,,76.6,30.35,43,13.94,,6.28,65,,18.16,10.96,69.8,,114.6,,1.73,124.3,4.57,18.12,31.65,5.87,43.35,2.67,69.25,,66.05
11:01:00,,53.7,,35.25,25.25,40,11.12,18.58,11.26,16.04,5.82,11.4,17.26,4.33,,33.15,,90.4,120.5,33.2,40.6,23.2,31.4,9.32,7.92,142.7,18.88,11.28,59.45,,12.26,8.4,8.38,49.6,,,,6.56,6.4,49,58.75,137.5,64.05,84.5,38.8,22.9,76.5,3.64,4,19.34,,,,14.72,126,2.82,328.6,,,40.6,2.77,96.35,8.03,4.55,,61.65,,35.75,86.85,9.36,,,27.65,5.04,290.8,76.6,,,13.92,,,65,,18.18,10.96,69.8,16.1,114.6,159.6,1.73,124.3,4.57,18.12,,5.88,43.4,2.67,69.25,,65.9
11:02:00,27.4,53.75,,35.2,25.25,40.1,11.1,18.58,,16.04,,11.38,17.26,4.33,11.7,33.15,4.76,90.5,120.6,33.25,,23.2,,9.32,7.93,142.7,18.88,11.36,59.4,,12.26,8.42,8.39,49.65,6.11,,4.46,6.57,,48.95,58.75,137.5,64.05,84.5,38.8,22.9,,3.64,4,19.26,47.2,8.33,,14.68,126,2.83,328.6,26.8,43.3,,2.77,,8.04,4.56,,61.55,265,35.75,86.85,9.36,3.49,23,27.7,5.05,290.6,76.65,,,,,6.3,65,,18.2,10.98,,16.08,114.6,159.7,1.73,124.2,4.58,18.18,31.65,5.87,,2.66,69.25,,65.95
11:03:00,27.45,53.75,,35.25,,40.05,11.1,18.58,11.24,16.06,5.83,11.38,17.26,4.33,11.68,33.15,,90.5,,33.2,40.55,23.3,,9.31,7.92,142.8,18.9,11.36,59.4,24,12.28,8.41,,49.7,,12.58,4.47,,,48.9,58.8,137.6,64.05,84.5,38.75,,76.6,3.64,4,19.36,,,12.78,14.76,126.1,2.82,328.6,,,,2.77,96.4,8.03,4.54,,61.6,265,35.75,86.85,9.36,,23,27.7,5.06,290.6,76.75,,,13.94,,6.31,65.05,4.49,,11,69.8,,114.6,159.9,1.72,124.4,4.58,18.18,,5.88,,2.67,69.25,,65.95
11:04:00,27.45,53.75,23,35.2,25.25,40.1,11.1,18.6,11.24,16.08,5.84,11.38,,4.33,11.7,33.15,,90.45,120.6,,,23.3,31.45,9.31,7.94,142.6,18.92,11.36,59.4,24,12.26,8.41,8.39,49.7,6.11,12.58,4.47,6.55,,49,58.75,137.5,64.05,84.5,38.75,23,76.5,3.64,4,19.38,47.15,8.33,,14.82,125.9,2.82,328.4,26.95,,40.65,,96.55,8.03,4.54,,,265,35.85,86.8,9.36,3.49,23,27.65,5.06,290.4,76.75,30.4,43,13.92,12.52,6.31,65.05,4.49,18.24,11.02,,16.1,114.6,159.7,1.73,124.5,4.58,18.18,31.65,5.88,43.4,2.67,,,65.85
11:05:00,,53.75,,35.2,25.2,40,11.08,18.6,11.24,16.08,5.83,11.38,17.24,4.33,,33.15,4.77,90.45,,,,23.25,31.5,9.32,7.93,,18.88,,59.4,23.95,12.26,8.41,,49.7,,,,6.56,,49,58.75,137.4,64.05,84.5,38.8,,76.55,3.64,4,19.36,,,12.78,14.78,125.9,2.82,328.6,,43.3,,2.77,96.6,,,,,264.8,,86.75,9.36,,23,27.7,,290.4,76.75,,,13.94,,6.3,65.1,,,11.06,69.8,16.04,114.6,159.6,1.73,124.5,4.58,18.18,,5.88,43.45,2.67,69.25,32.35,65.95
11:06:00,27.4,53.75,,35.2,25.2,39.95,11.12,18.6,11.24,16.1,,11.38,,4.32,,33.15,,90.4,,33.2,40.55,23.25,31.5,9.33,7.94,142.6,18.92,,59.45,24,12.26,8.4,8.39,49.65,6.11,,4.47,6.55,6.4,,58.65,137.4,64.05,84.5,38.85,,76.5,3.64,4,19.32,47.25,,12.76,14.76,126,2.82,328.2,26.85,,,2.76,,8.03,,,,264.6,,86.75,9.36,,23,27.7,5.06,290.4,76.7,,43,13.94,,,65.05,4.48,,11.04,,,114.5,,1.72,124.5,4.58,18.18,,5.88,,2.67,,32.35,65.85
11:07:00,27.45,,23,35.2,25.2,,11.12,18.56,11.24,16.06,5.83,11.38,17.24,4.33,,33.1,,90.4,,33.15,,23.3,,9.33,7.93,142.6,18.88,,59.45,,12.28,8.42,8.39,49.55,,12.58,4.47,6.55,6.41,48.95,58.65,137.4,64.05,84.5,38.8,,76.5,3.64,4,19.28,,,,14.76,125.9,,328,,43.3,40.65,2.77,96.6,,,,,264.6,35.8,86.75,9.36,,23,27.7,5.05,290.6,76.7,,43,13.94,12.5,6.31,65.05,4.49,,11.04,69.85,16.04,114.5,159.7,1.72,124.5,4.58,18.18,31.65,5.88,43.4,2.67,68.95,,65.85
11:08:00,27.4,53.7,23.05,35.2,25.15,39.9,11.1,18.56,11.24,16.06,,11.38,,4.33,,33.1,,90.25,120.8,33.15,,,,9.32,7.94,142.4,18.88,,59.5,24,12.26,8.42,8.4,49.55,6.11,,4.46,6.54,,48.85,58.5,137.4,64.05,84.5,38.75,,76.5,3.64,4,19.32,,8.33,12.76,14.82,125.9,,328,26.9,,,2.76,,8.03,4.54,,61.6,264.4,,86.75,9.36,3.49,22.95,27.65,5.06,290.4,76.7,30.4,,13.98,12.52,,65,4.48,,11.06,69.7,,114.4,159.5,1.71,124.2,4.58,18.18,,5.88,43.45,2.67,68.75,,65.8
11:09:00,,53.7,23.05,,25.15,39.9,11.1,18.54,11.24,16.06,,11.38,17.22,4.32,11.7,33.1,4.77,90.35,,33.1,40.55,23.3,,9.32,,142.5,18.88,11.38,59.5,,12.24,8.42,8.4,49.55,,12.58,4.47,6.53,,,58.55,137.3,64.05,84.5,,,76.5,3.64,4,19.3,,8.33,,14.82,125.9,2.82,328,,43.3,,2.77,96.65,8.02,4.55,,,264.2,,86.75,9.36,3.48,23,27.65,5.05,290.4,76.65,,43,,,,65.05,4.48,,11.06,,16.04,114.4,159.5,1.71,124.2,4.58,18.16,,5.9,43.4,2.67,,,65.95
11:10:00,27.35,53.5,23,35.2,25.15,39.85,11.08,18.56,,16.06,5.83,11.38,,4.33,,33.1,,90.35,120.8,33.1,,23.3,31.45,9.31,7.92,142.5,18.88,11.36,59.45,23.95,12.26,8.42,,49.5,,,4.47,6.52,6.4,,58.4,137.3,64.05,84.55,38.8,,76.4,3.64,4,19.3,,8.32,12.76,14.78,125.8,,328,26.85,,,2.76,96.7,8.03,4.54,,61.6,264.4,35.85,86.75,9.37,,23,27.65,5.05,290.4,76.6,,,13.98,,6.26,65,4.48,,11.06,69.7,,114.4,159.5,1.72,124.2,4.58,18.18,31.7,5.9,43.45,2.66,,,65.85
11:11:00,27.35,53.45,23.05,35.2,25.2,,11.1,18.54,11.24,16.06,,11.38,17.18,4.33,11.68,33.1,4.77,90.25,,33.1,40.55,23.3,,9.31,7.93,142.5,18.88,,59.4,24,12.26,8.4,8.41,49.5,,,4.47,6.52,6.41,48.8,58.25,137.2,64.05,84.55,,,76.3,3.64,4,19.34,,8.33,12.76,14.78,125.8,,328,,43.3,40.65,2.76,,8.02,4.54,11.68,61.6,264.6,,86.8,9.36,3.49,23,27.6,5.04,290.4,76.6,,,,12.48,6.27,65,4.48,,11.04,,16.04,114.3,159.5,1.72,124.1,4.58,18.18,,5.9,43.4,2.67,,,65.8
11:12:00,27.35,53.45,23.05,,25.15,39.8,11.1,18.56,11.24,16.06,5.83,,17.18,4.33,,33.1,4.77,90.25,121,33.1,,23.3,,9.32,7.94,142.5,18.88,11.34,59.45,24,12.24,8.42,8.41,49.55,,,4.47,6.52,,,58.55,137.2,64.05,84.5,38.8,,76.3,3.64,4,19.24,,,,14.74,125.9,2.82,328,26.85,,,2.77,,8.03,,,61.6,265,35.8,86.75,9.37,,23,27.65,5.04,290.4,76.6,,,14.02,,6.27,65,4.48,,11.06,,,114.3,159.6,1.71,124.1,4.58,18.18,31.75,5.9,43.45,2.67,68.8,,65.85
11:13:00,,53.4,23,35.2,25.2,39.75,11.1,18.54,11.24,16.02,5.82,11.38,,4.33,11.68,33.15,,90.15,121.1,33.1,40.55,23.25,31.4,9.31,7.93,142.1,18.88,11.34,59.45,,12.24,8.42,8.41,,,,,6.51,6.4,48.75,58.45,137.2,,84.5,38.75,23,76.3,3.64,4,19.24,47.2,,12.76,14.62,125.7,2.83,327.4,,43.25,40.6,2.76,96.5,8.02,,,61.55,264.4,35.75,86.05,9.37,3.48,22.95,27.65,5.04,290,76.55,,,14,,6.28,64.95,4.48,,11.06,69.7,,,159.4,1.7,123.8,4.57,18.18,,5.9,43.4,2.67,68.8,,65.75
11:14:00,27.3,53.5,,35.2,25.1,39.7,11.1,18.52,11.2,,5.82,11.38,17.16,4.33,11.68,33.1,,90.2,121,33.1,40.5,23.3,,9.31,7.93,142.1,18.86,11.34,59.25,,12.24,8.42,8.41,49.5,6.11,12.58,4.47,6.5,6.41,,58.45,137.3,64.05,84.5,38.75,,76.25,3.64,4,19.16,47.15,8.33,,14.64,125.8,2.84,327.6,26.8,43.3,,2.77,,,4.54,11.68,61.55,264,,86.3,9.37,3.47,,27.65,5.04,290,76.6,30.3,,13.96,,6.26,,4.48,18.22,11.06,69.6,16.02,114.4,159.5,1.7,123.7,,18.16,31.7,5.89,43.4,2.67,68.75,32.45,65.7
11:15:00,27.25,53.4,,35.2,25.1,39.7,11.1,18.52,11.2,16,,11.38,17.16,4.32,11.68,33.1,4.76,90.15,,33.1,40.5,,,9.3,,142,18.86,11.34,59.2,,12.24,8.42,8.4,,6.11,12.58,,6.5,,,58.35,137,,84.5,38.6,,76.2,3.64,4,19.12,47.15,8.33,,14.58,125.7,2.84,328,,43.2,,2.76,,8.02,4.54,,61.5,263.8,,86.3,9.36,,23,27.65,5.03,290,76.55,,,13.94,12.48,,64.95,4.48,18.18,11.08,,16,,159.4,1.69,123.7,4.56,18.16,31.7,5.89,43.4,2.67,68.65,,65.6
11:16:00,,53.45,23,35.2,25.1,39.7,11.06,,11.2,15.98,5.82,11.36,17.16,4.33,11.68,33.1,,90.1,120.9,33.1,,23.2,31.3,9.28,7.92,141.9,18.84,11.3,59.2,,12.24,8.4,,49.4,6.1,12.58,4.46,6.51,6.39,48.8,58.25,136.9,64.05,84.2,38.65,,76.1,3.64,4,19.12,47.15,8.33,12.74,14.56,125.7,,327.8,26.8,43.2,,2.76,96.3,8.03,,11.66,61.4,263.8,35.6,86.3,9.36,3.47,23,,5.03,290,76.5,,,13.92,,6.26,65,4.48,18.18,11.06,69.65,15.98,114.4,159.3,1.69,123.7,,18.12,,5.89,,2.66,,,65.55
11:17:00,27.2,53.4,22.95,35.15,25.1,39.7,11.08,18.5,11.18,15.96,5.82,11.36,17.18,4.33,,33.1,,90.1,,33.1,40.5,23.25,,9.27,7.91,141.9,18.82,,59.2,23.9,12.22,8.4,8.4,49.4,6.1,,4.47,6.51,,,58.35,137,64,84.2,38.6,22.9,76.05,3.64,4,19.14,,,,14.58,125.6,2.84,327.8,,43.2,40.55,2.77,96.3,8.03,4.53,,,263.6,,86.25,9.36,,22.95,,5.03,290,76.5,30.4,,,,6.26,65,4.48,18.22,11.08,,16,,159.2,1.68,123.7,4.56,,31.55,5.89,43.35,2.67,68.7,,65.5
11:18:00,27.2,53.45,22.95,,25.1,39.75,11.08,18.52,,15.96,5.82,11.38,17.18,4.33,11.68,33.1,4.76,90.1,,33.15,,23.2,,9.27,7.9,141.9,18.84,11.3,59.2,23.95,12.22,8.38,8.39,49.45,,,4.46,,,48.8,58.25,137,64.1,84.2,38.5,22.9,76.05,3.63,4,19.14,47.1,,,14.58,125.7,2.82,327.8,26.8,43.2,,2.76,96.25,8.03,4.53,11.66,61.5,263.6,,86.15,9.37,,22.95,27.65,5.03,289.8,76.5,30.35,43.05,13.98,,6.26,65.05,4.48,18.18,11.1,69.6,16.02,114.6,,1.69,123.7,4.56,18.12,31.7,5.89,43.3,2.67,,32.45,65.5
11:19:00,27.2,53.4,23,35.15,25.05,39.65,11.08,18.48,11.18,15.98,5.82,11.36,,4.33,,33.05,,90.1,,33.1,40.45,23.25,31.3,9.27,7.9,141.9,18.84,11.3,59.15,23.95,12.24,8.38,8.39,49.45,,12.58,4.46,6.51,,48.7,58.15,137,,84.25,38.5,,76.05,3.64,4.01,19.1,47.1,8.33,,14.56,125.5,2.84,328,,43.2,40.55,2.76,96.25,,4.53,11.64,,263.6,35.55,86.1,9.36,,23,27.6,5.03,289.8,76.45,30.35,42.95,,,6.26,65.05,4.48,18.2,11.08,69.55,,114.3,159.5,1.69,123,4.56,18.1,31.7,5.89,43.25,2.67,,,65.4
11:20:00,27.2,53.45,22.95,35.15,25.05,39.65,11.08,18.48,11.16,15.98,,11.36,,4.33,11.68,33.05,,90.2,,33.1,40.5,23.25,,9.27,7.91,142.1,18.84,11.28,59.2,24,12.22,8.41,8.38,49.45,6.11,12.58,4.46,6.5,6.39,48.7,58.2,137,,84.25,38.6,,76.2,3.64,4,19.1,47.2,,12.74,14.6,125.8,,327.8,26.8,43.2,,2.76,96.4,8.03,4.53,11.68,61.5,263.8,,86.15,9.36,,,27.55,5.03,289.8,76.5,30.3,,13.94,,6.28,65,4.48,,11.1,69.55,16.02,114.6,159.5,1.7,123.3,4.56,18.12,,5.89,43.25,2.67,68.65,,65.5
11:21:00,27.25,53.4,22.95,35.15,25.05,39.7,11.08,,11.16,16,5.82,11.36,17.2,4.33,11.7,,4.76,90.2,,33.1,40.5,23.25,,9.27,7.9,142,18.84,11.32,59.1,24,12.22,8.41,8.4,49.4,,12.58,4.46,6.48,,,58.15,137,64,84.3,38.6,,76.2,3.63,4,19.08,47.2,,12.72,14.6,125.9,2.82,327.8,,43.15,,2.76,,8.03,4.54,,61.5,263.6,,86.25,9.37,,,27.6,5.05,289.8,76.4,,,13.96,,6.27,65,4.48,18.2,11.1,,,114.4,159.5,1.7,123.4,4.56,18.08,31.75,5.89,43.25,2.67,,,65.5
11:22:00,,53.45,23,35.15,25.05,,11.08,18.48,11.16,16,5.82,11.36,17.2,4.33,11.68,33,4.76,90.25,,33.15,40.55,23.2,,9.27,7.91,142.1,18.82,11.3,59.1,24,12.22,8.41,,49.35,6.11,12.58,4.46,6.5,6.39,,58.2,136.9,64.05,84.3,,22.9,76.15,3.64,4,19.08,,,12.72,14.62,125.8,2.83,327.8,26.8,43.15,,2.77,,8.03,,,61.5,263.8,35.55,86.05,9.38,,,,5.04,290.2,76.45,30.35,,,,6.28,64.95,4.48,,11.08,,16.02,114.3,159.6,1.7,123.3,4.56,18.12,,5.89,43.25,2.66,,32.45,65.5
11:23:00,,53.5,22.95,,25.1,39.7,11.08,18.48,,16,5.82,11.36,17.2,4.33,11.68,33,,90.25,,33.15,,23.2,,9.27,,142.1,18.82,11.34,59.15,24,12.22,8.41,,49.35,,,4.47,6.5,6.39,48.75,58.25,136.9,64.1,84.35,38.55,,76.15,3.64,4,19.06,47.15,8.34,12.72,14.62,126,,327.8,,43.15,,2.77,96.35,8.02,,,,263.4,,86.05,9.37,,23,,5.04,290,76.45,,,14.02,,6.27,65,4.48,18.2,11.06,69.5,15.98,114.1,159.6,1.69,123.4,4.56,18.12,31.75,5.89,43.25,2.67,68.75,32.4,65.45
11:24:00,27.25,53.5,,35.15,25.05,39.7,11.06,18.48,11.2,16,5.81,11.36,17.24,4.32,11.68,33,4.75,90.3,,33.15,,23.25,,9.29,7.91,142.1,18.86,11.32,59.15,24,12.22,8.4,8.41,49.35,,12.6,4.47,6.48,,48.75,58.25,136.9,64.05,84.25,,,76.15,3.64,4,19.1,,8.35,12.7,14.62,126,2.82,328,26.8,43.15,,2.76,,8.02,4.55,,61.55,263.8,,86.25,9.38,,23,27.55,5.05,289.8,76.5,,,,,,64.95,4.48,18.18,11.06,,16,,159.6,1.69,123.4,4.56,18.12,,5.89,43.25,,68.75,,65.45
11:25:00,27.25,53.5,22.95,35.15,,39.65,11.06,18.44,,16,5.81,11.36,17.22,4.32,11.68,32.95,,90.2,120.9,33.15,40.6,23.2,,9.28,7.9,141.9,18.84,,59.2,24,12.22,8.37,8.4,49.35,,,4.46,6.47,6.39,,58.2,136.8,,84.2,38.6,22.9,75.9,3.63,3.99,19.2,,8.34,,14.6,125.8,2.83,327.6,26.8,43.1,,2.76,96.25,8.02,,,,263.4,35.6,86.2,9.37,3.48,23,27.6,,289.8,76.45,,43,14.02,,6.26,64.95,4.48,18.18,11.06,69.55,,114.1,159.4,1.7,123.5,4.56,18.1,,5.89,43.2,2.66,,,65.3
11:26:00,27.15,53.4,,35.2,25,39.7,11.08,18.42,,15.98,5.82,11.36,,4.31,,32.95,4.76,90.2,,33.15,,23.15,31.3,9.28,7.89,142,18.86,,59.1,24,12.22,8.4,,49.3,,,,6.48,6.39,,58.1,136.7,64.05,84.1,,,75.95,3.64,3.99,19.14,,,,14.58,125.8,2.82,327.6,26.75,43.05,40.5,2.76,,8.03,4.56,,,263.4,35.6,86.2,9.37,3.48,23,27.6,5.03,289.6,76.45,,42.95,14.04,,6.25,64.9,4.48,18.16,11.02,,,,159.5,1.69,123.4,4.56,18.12,31.75,5.89,43.2,2.67,68.7,,65.35
11:27:00,27.15,53.5,,35.15,25,39.65,,18.42,,15.98,5.82,11.36,17.22,4.32,,32.95,4.75,90.2,,33.15,,23.2,,9.28,7.89,142,18.82,,59.1,,12.22,8.4,8.4,49.3,,12.6,4.47,6.47,6.39,48.7,58.2,136.7,64.05,84.1,38.6,,75.95,3.64,3.99,19.14,,8.34,12.72,14.58,125.7,2.82,327.6,,43.05,,2.75,,,4.56,,,263.6,35.6,86.2,9.37,3.47,,,5.03,289.6,76.45,30.3,,,,6.26,64.9,4.48,,11,69.45,15.96,114,159.5,1.7,123.4,4.56,18.08,,5.89,43.2,2.67,68.75,32.45,65.4
11:28:00,27.15,53.5,22.95,,25.05,39.7,,18.42,,15.96,5.81,11.38,17.26,4.32,,,4.75,90.2,,33.2,,23.15,31.35,9.28,7.89,142.1,18.84,11.34,59.1,23.95,12.2,8.38,8.4,49.3,,12.58,4.46,6.47,6.39,48.75,58.2,136.7,64.05,84.15,,,76,3.64,3.99,19.16,,,12.72,14.54,125.8,2.83,327.4,26.75,43.05,40.5,2.76,96.25,8.03,4.58,,61.55,263.6,35.6,86.05,9.36,3.47,23,,5.03,289.6,76.45,,,14.02,,6.25,64.9,4.48,18.14,11.02,69.5,,,159.4,1.7,123.5,4.56,18.08,,5.9,43.15,,,,65.4
11:29:00,27.1,53.45,22.95,35.15,25,39.55,11.06,18.38,11.16,15.96,5.81,11.36,17.26,4.32,,32.9,,90.1,120.6,33.15,40.55,23.2,31.3,9.27,7.88,141.8,18.82,11.32,59.15,24,12.22,8.37,8.38,49.3,,12.58,4.46,6.47,6.38,48.65,58,136.7,64,84.05,38.6,22.9,75.85,3.63,3.99,19.08,47.05,8.34,,14.5,125.6,2.83,327.4,26.7,43.05,40.5,2.77,96.2,,4.58,11.68,61.45,263.6,35.55,85.85,9.35,3.47,22.95,27.55,5.02,289.6,76.35,30.35,,14,12.48,6.25,64.9,4.48,18.12,11,,15.94,114.1,159.2,1.7,123.2,4.56,18.06,,5.89,43.1,2.67,68.75,32.4,65.35
11:30:00,27.1,53.45,22.95,,25.05,39.55,11.06,18.4,,15.96,5.81,11.34,17.26,4.32,11.68,32.85,,90.05,,33.1,,23.2,,9.27,7.89,141.9,18.82,11.32,59.15,,12.22,8.37,8.38,49.25,,12.58,,6.48,,48.6,57.9,136.4,64,84.15,,,75.85,3.63,3.99,19.1,,,12.72,14.5,125.7,2.82,327.4,26.65,43.05,40.5,2.77,,8.02,4.58,11.68,,263.8,,85.8,9.35,3.46,22.9,27.5,5.02,289.4,76.3,30.35,42.75,14,,6.26,64.9,4.48,,11.02,,15.9,,159,1.69,,4.56,18,31.65,5.89,43.1,2.67,68.7,,65.35
11:31:00,,53.4,22.95,35.1,25,39.55,11.08,18.4,,,5.81,11.36,17.28,4.32,11.68,32.9,4.75,90.1,120.8,33.1,40.5,23.2,31.2,9.27,7.89,141.8,18.82,11.34,59.1,24,12.22,8.37,8.38,49.25,6.11,12.58,4.47,6.47,6.38,48.55,58,136.4,64.05,84.2,,,,3.63,3.99,19.12,47,8.34,,14.42,125.7,2.83,327.2,26.65,43.05,40.6,2.77,,8.02,4.59,,61.5,263.8,35.55,85.85,9.34,,22.95,,5.02,289.2,76.3,,,,,6.25,64.85,4.48,18.12,11,69.5,15.88,113.9,159.2,1.7,123.2,4.56,18,,5.89,43.1,2.66,,,65.35
11:32:00,,53.45,22.95,35.1,25.05,39.55,11.06,18.4,,15.94,5.8,,17.28,4.32,11.68,32.85,4.73,90.05,120.8,33.1,,23.2,31.15,9.27,7.89,141.8,18.82,11.34,59,24,12.2,8.37,8.37,49.3,,12.56,,6.46,,,58,136.5,,84.15,,,75.85,3.62,3.99,19.1,47.05,,12.72,14.4,125.8,2.83,327.4,26.65,43,,2.77,96.15,,4.59,,,263.6,35.55,85.75,9.33,3.46,22.95,27.55,5.02,289,76.3,,,13.98,12.48,6.25,64.8,4.48,18.12,10.98,69.5,15.88,113.9,159.1,1.69,123.1,4.56,18.06,31.65,5.89,43.1,2.67,68.6,,65.3
11:33:00,27.15,53.45,22.9,35.1,25,39.6,11.04,18.4,11.16,15.92,,11.34,,4.32,,32.8,4.74,90.05,,33.15,,23.2,,9.25,7.88,141.9,18.82,,59.1,24,12.2,8.35,8.39,49.25,,,4.47,6.45,6.38,48.5,58.05,136.5,63.95,,,22.85,76,3.63,3.99,19.1,47,,12.72,14.34,125.8,2.83,327.2,26.65,43.05,,,96.15,,4.6,,61.55,263.4,35.3,85.75,9.34,,,27.55,,289.2,76.3,30.35,42.8,13.98,,6.26,64.9,4.48,18.1,10.96,,15.82,113.8,159,1.69,123.1,4.55,18.04,,5.89,43.1,,68.6,,65.45
11:34:00,27.15,53.45,22.95,35.1,25.05,,11.08,18.4,11.14,15.92,5.8,11.34,17.32,4.32,,32.8,,90.1,,33.2,,,,9.24,7.88,142,18.82,,59.05,,12.22,8.37,,49.25,,12.52,,6.46,,48.5,58.1,136.5,64,84.1,38.55,,76,3.63,3.99,19.12,47,,12.72,14.36,125.7,,327.2,26.7,43,,2.77,,,4.6,,,263.4,,85.8,9.34,,22.95,27.55,5.03,289,76.3,,,13.98,12.54,,64.9,4.49,,10.98,,15.88,,159.1,1.7,123.1,,18.06,31.65,5.89,43.1,2.66,,,65.4
11:35:00,27.15,53.45,22.9,35.1,25,39.55,11.06,18.42,,15.94,5.8,11.36,17.34,4.32,,32.8,,90.2,,33.25,,23.2,31.2,9.24,7.89,142,18.82,,59,,12.22,8.37,8.38,49.3,,12.54,4.47,6.45,6.38,,58.15,136.6,64,,,,76,3.62,3.99,19.1,,8.34,12.72,14.5,125.8,2.82,327.6,,43,,2.77,,8.01,4.6,11.68,,263.4,,85.8,9.35,,22.95,27.6,,289.4,76.3,30.35,,,12.58,6.26,64.85,,18.1,11.02,69.45,15.88,113.9,159.1,1.7,123.1,,18.04,,5.89,43.1,2.67,,,65.45
11:36:00,27.15,53.45,22.95,,25.05,39.55,11.08,,11.14,15.94,5.8,11.34,,4.32,,32.8,,90.2,,33.25,,,31.15,9.24,7.89,141.8,18.82,11.32,59.05,,12.22,8.37,8.39,49.3,,,4.46,6.46,,48.5,58.1,136.6,64,,,,76,3.64,3.99,19.1,,,12.72,14.52,125.7,2.83,327.6,26.65,43,,2.77,96.15,8.02,,,,,35.45,85.8,9.35,,22.95,27.55,5.03,289.6,76.3,,,,12.54,,64.85,4.49,,10.96,69.45,,114.1,159,1.7,123.1,4.55,18.02,31.65,5.89,43.15,,,,65.5
11:37:00,,53.45,22.95,35.15,25,39.6,11.06,18.42,,15.94,5.8,11.36,,4.32,,32.8,4.73,90.2,,33.25,,23.2,,9.23,,141.8,18.82,11.32,59.05,24,12.22,8.35,8.39,49.35,,,4.47,6.47,6.38,,58,136.6,64.05,84.1,38.6,,76,3.64,3.99,19.12,,,12.72,14.56,125.7,2.83,327.8,,43,40.6,2.76,96.2,,4.59,,61.45,263.4,,85.8,9.35,,22.95,,5.03,289.6,76.3,,,13.98,,6.26,64.85,,18.1,,69.45,,113.8,159.1,1.7,123.1,4.55,18.02,31.65,5.89,43.1,2.66,,32.35,65.45
11:38:00,27.1,53.4,22.9,35.15,25.05,39.55,11.06,18.42,11.16,15.94,,11.36,,4.32,,32.8,,90.2,,33.25,,23.15,31.2,9.25,7.9,141.8,18.82,,59.1,23.95,12.22,8.35,8.38,49.35,6.1,12.54,4.47,6.47,6.38,,58,136.5,64,,38.65,22.85,76,3.64,3.99,19.1,,8.34,12.72,14.56,125.8,2.83,327.4,26.65,43.05,,2.77,96.15,,4.59,,,263.6,35.5,85.8,9.35,,22.95,,,289.6,76.3,30.25,,,,,64.85,4.49,,10.98,69.45,15.9,,159,1.69,123.1,4.56,18.04,,5.89,43.2,2.67,,,65.5
11:39:00,,53.45,,35.1,25,,11.06,,11.14,15.92,5.8,,17.32,4.32,,32.8,4.73,90.2,,33.25,,23.2,31.2,9.25,,142,18.82,,59.05,24,12.24,,,49.3,,12.54,4.47,6.46,,,57.95,136.6,64,84,38.7,22.95,76,3.64,3.99,19.1,47,8.34,12.74,14.58,125.8,2.82,327.4,,43,,2.76,,8.01,4.59,,61.55,,,85.8,9.34,,23,,5.04,289.6,76.3,30.35,42.8,,12.54,,64.85,,18.1,10.98,,,113.7,,1.7,123.1,4.56,18,,5.89,43.2,,,,65.4
11:40:00,,53.45,22.9,,25.05,39.55,11.04,18.42,11.14,15.94,5.8,11.36,,4.32,11.68,32.85,4.74,90.2,,33.25,,23.2,,9.27,7.89,,18.86,11.32,59,24,12.22,,8.39,49.35,,12.52,4.46,,6.38,,57.9,136.6,64,83.95,38.65,,76,3.64,3.99,19.08,46.95,,12.74,14.54,125.8,2.82,327.6,26.65,43,,2.77,96.15,8.01,,,,263.4,,85.8,9.34,,22.95,,,289.8,76.3,,,,,6.26,64.85,,,10.98,,,113.8,,1.69,123.1,4.56,17.98,,5.89,43.1,2.67,,,65.45
11:41:00,27.15,53.45,,35.1,25,39.55,11.06,,11.14,15.92,5.8,11.36,17.32,4.32,11.66,32.8,4.73,90.15,120.6,33.25,,23.15,,9.27,,141.9,,11.3,59.05,,12.22,8.35,,49.3,,12.54,4.47,6.48,6.38,,57.95,136.5,64,83.95,,,76,3.63,3.99,19.08,,8.35,12.74,14.54,125.9,2.83,327.2,,42.95,,2.77,96.2,8.02,,,,263.6,35.55,85.8,9.35,,23,,,289.8,76.3,,42.8,13.98,,,64.8,,18.1,,,15.9,,159.1,1.69,123.1,4.56,18,31.7,5.89,43.1,2.67,68.5,,65.5
11:42:00,27.2,53.45,22.95,35.1,25,39.6,11.04,18.38,,,5.8,11.36,17.28,4.32,11.68,32.85,,90.25,,33.25,,23.2,31.15,9.27,7.89,142.1,18.84,,59.05,,12.22,8.35,,49.3,,,4.46,6.48,6.38,48.5,58.05,136.6,64,83.95,,22.85,76,3.64,3.99,19.08,47.05,,12.74,14.54,125.8,2.82,327.4,26.65,42.95,,,96.25,8.02,4.58,,61.55,263.8,,85.8,9.35,,23,,5.04,289.8,76.35,,42.8,13.98,,6.26,64.8,4.49,,,69.4,15.9,113.9,159,1.69,123.3,4.56,18.02,31.65,5.89,43.1,2.67,,,65.55
11:43:00,27.2,53.45,22.95,,25,39.55,11.04,,11.14,15.94,5.8,11.36,,4.32,,32.85,,90.2,120.5,33.25,40.45,,,9.28,,142,18.82,11.3,59.05,24,12.22,,,49.35,6.1,12.54,4.47,6.48,6.38,48.55,58,136.6,63.95,,38.55,,76,3.64,3.99,19.08,,8.34,12.74,14.54,125.9,,327.6,,42.95,,2.76,,8.01,4.59,,61.6,263.8,,85.7,9.34,,,27.55,,290.2,76.3,,,,,,64.9,4.49,,,,,113.9,158.9,1.69,123.4,4.56,18,31.65,5.89,43.1,2.66,68.55,32.4,65.6
11:44:00,,53.45,22.95,35.1,25,39.55,11.06,18.38,11.14,15.94,5.81,11.36,,4.32,11.66,32.85,,90.25,,33.25,,,,9.29,7.9,142,18.82,,59,,12.22,,,49.25,,,4.47,,,,57.95,136.7,63.95,84,,,75.95,3.63,3.99,19.06,,8.35,12.74,14.52,125.8,2.82,327.4,26.6,42.95,40.6,2.77,,8.01,,,,263.8,35.55,85.7,9.35,,,,5.04,290.4,76.35,30.25,,13.98,,,64.85,4.47,18.1,,,,113.9,158.7,1.69,123.4,4.56,18,31.65,5.89,43.1,2.67,,32.4,65.6
11:45:00,27.2,53.45,22.9,,25,39.55,11.04,,11.14,15.94,5.8,11.36,,4.32,11.68,32.85,,90.25,,33.25,40.45,23.15,,9.29,7.89,142.1,18.82,11.34,59,,12.22,8.35,,49.25,,,4.47,6.47,6.38,48.55,58,136.6,63.95,83.9,38.6,,75.85,3.63,3.99,19.06,47.05,,12.74,14.54,125.8,2.82,327.6,,42.95,,2.76,96.2,8.01,,,61.6,263.8,35.6,85.7,9.35,3.46,,,,290.4,76.4,,,13.98,,6.25,64.8,,,11,,,113.9,158.7,1.69,123.3,4.56,17.98,31.65,5.89,43.1,,68.5,,65.65
11:46:00,27.15,53.4,22.9,35.1,25.05,39.55,11.04,18.42,11.14,15.94,5.8,11.34,17.28,4.32,11.68,32.8,4.74,90.2,120.4,33.25,,23.2,,9.29,7.9,142,18.82,,59.1,24,12.22,8.36,,49.25,6.1,12.52,4.47,6.46,6.38,,58.05,136.4,64,84.1,38.65,,75.85,3.64,4,19.04,,8.35,12.74,14.48,125.8,2.83,327.4,26.6,43.15,,2.76,96.15,8.02,,,,263.8,35.6,85.7,9.35,,22.9,27.55,5.04,290.4,76.35,,,,,6.26,64.8,,18.1,,,15.9,,158.7,1.69,123.1,4.56,18,31.65,5.89,43.1,2.66,68.55,,65.7
11:47:00,,53.45,22.9,35.1,25,39.55,11.06,,11.14,15.92,5.8,11.34,,4.32,,,,90.2,,33.3,,23.2,,9.29,,142,18.82,11.32,59,23.95,12.24,,8.39,49.25,,,,6.47,6.38,,58,136.6,64,83.9,38.6,22.85,75.9,3.64,3.99,19.06,,,12.74,14.48,125.9,2.83,327.6,,43,,2.77,96.15,,4.57,,61.6,264,35.6,85.7,9.35,3.46,,27.55,5.04,290.2,76.35,,,,,6.27,64.85,4.48,,,69.4,15.9,113.9,158.7,1.69,123.2,4.56,17.98,31.65,5.9,43.05,2.67,,,65.75
11:48:00,,53.45,22.95,,25,39.5,11.04,18.42,11.14,15.94,5.8,11.34,17.28,4.32,,32.85,,90.25,,,40.45,23.2,,9.29,7.9,142.1,18.82,,59,23.95,12.26,,,49.25,,12.52,4.46,,,48.55,58.05,136.5,64,83.95,,,75.8,3.64,3.99,19.1,,,12.74,14.44,125.8,2.82,327.6,26.6,,,2.76,,8.02,,,,263.8,35.6,85.7,9.35,,,27.55,5.03,290.2,76.4,30.35,,,,6.26,64.9,4.48,18.1,,69.4,,113.9,158.7,1.69,123.2,4.56,18,,5.9,43.05,2.67,,32.4,65.75
11:49:00,27.2,53.45,22.9,35.1,25,39.55,11.06,18.42,11.14,15.92,5.8,11.34,17.28,4.32,11.68,32.85,,90.25,,33.35,40.45,23.2,,9.29,7.89,142.1,18.82,,59,,12.24,,8.4,49.25,,,4.47,6.47,6.39,,58.05,136.5,64,84.1,,22.95,75.85,3.64,3.99,19.14,,8.35,12.74,14.44,125.8,2.82,327.6,,,,,,8.01,,11.64,61.6,263.6,35.6,85.7,,3.47,22.9,27.55,5.03,290,76.4,,,13.98,,,64.9,4.48,,11,,,113.8,158.7,1.69,123.2,4.56,17.98,31.65,5.9,43.05,2.66,68.5,,65.75
11:50:00,27.15,53.45,22.95,,25,39.5,11.06,18.42,,15.96,,11.38,,4.32,,32.85,4.73,90.2,,33.3,,23.2,31.3,9.29,7.89,142,18.84,,58.95,24,12.24,8.36,8.4,49.25,,,,6.47,6.38,48.5,58.1,136.5,64,84.05,,,75.85,3.63,3.99,19.16,47.05,8.36,12.74,14.46,125.8,2.83,327.4,26.6,,40.6,2.77,,8.02,,,61.6,,35.6,85.7,9.35,3.46,22.9,27.5,5.04,290,76.45,,,,,6.27,64.8,4.49,,,,15.9,113.9,158.7,1.69,123,4.56,18,31.5,5.9,43.1,2.67,68.5,,65.8
11:51:00,,53.45,22.95,35.1,25,39.55,11.06,18.42,,15.96,5.81,11.4,,4.32,,,4.76,90.2,,33.3,,23.2,31.25,9.28,7.9,142,18.82,11.32,,24,12.28,,,49.3,,12.52,4.46,6.47,6.39,,58,136.5,64,,38.7,,75.95,3.64,3.99,19.16,,8.37,12.74,14.46,125.8,,327.6,,,,2.76,,8.02,4.57,,,263.8,35.6,85.7,,3.46,22.9,27.55,5.03,290,76.5,30.2,,,,6.26,,,18.1,11,,15.88,113.9,158.8,1.7,122.9,4.56,,,5.91,43.05,2.67,,,65.8
11:52:00,27.15,53.45,22.9,,25,39.5,11.08,18.42,,15.96,5.81,11.38,,4.32,,,4.75,90.3,120.3,33.35,40.45,23.2,31.2,9.29,7.9,142,18.84,11.32,58.95,23.95,12.24,8.36,8.39,49.35,6.1,,4.47,6.46,6.39,,,136.6,64,84.1,38.75,22.85,76,3.64,3.99,19.16,,8.37,12.74,14.48,125.9,2.82,327.4,26.65,,,2.76,96.25,8.02,4.57,11.64,,263.4,35.6,85.75,9.34,3.46,22.9,27.5,5.03,290,76.45,30.3,42.85,13.96,,,,,,,69.6,,113.9,158.8,1.7,122.9,4.56,17.98,31.55,5.9,43.1,2.66,,,65.8
11:53:00,,53.5,22.95,35.1,25,39.55,11.08,18.42,11.16,15.96,,11.38,17.3,4.32,,32.9,,90.3,,33.35,,23.2,31.15,9.29,7.9,142,18.84,,59,24,12.24,8.35,,49.35,,12.52,,,6.39,48.55,58.05,136.6,64,84.05,38.7,,76,3.64,3.99,19.16,,8.37,12.74,14.48,125.8,2.82,327.4,,43.05,,2.76,,8.03,4.57,11.64,61.6,263.6,35.6,85.7,9.35,3.46,22.9,,5.03,290,76.5,,42.85,13.98,,6.26,64.8,4.49,18.1,,69.65,,113.9,158.8,1.7,,4.56,18,,5.9,43.1,2.67,,,65.8
11:54:00,27.15,53.4,22.95,,25,39.55,11.08,18.42,,15.96,5.81,,17.3,4.32,11.68,32.9,4.76,90.2,,33.35,40.45,23.15,,9.29,7.91,142.2,18.82,11.32,59.05,24,12.24,8.36,8.4,49.35,6.1,12.52,4.46,6.46,6.38,,58,136.6,63.95,,38.7,,76.1,3.64,3.99,19.16,,,12.74,14.48,125.8,2.82,327.4,26.6,,,2.77,96.1,,4.57,,61.6,263.6,35.6,85.75,9.35,,22.9,27.55,5.03,290,76.5,30.2,42.85,13.96,,,,,18.1,11,,15.88,113.9,159,1.7,123.1,4.56,18.02,31.55,5.9,43.05,2.67,68.55,,65.8
11:55:00,27.15,53.5,22.9,,25.05,39.5,11.08,18.4,,15.96,5.8,,,4.32,,32.85,,90.25,,33.35,,23.2,,9.29,7.9,142.2,18.82,11.34,59.05,,12.24,8.36,,49.35,,,4.47,6.47,6.39,,58,136.7,64,84.05,38.65,,76.1,3.63,3.99,19.16,,8.37,12.76,14.48,125.8,2.83,327.4,,,,2.77,,8.02,,11.64,,263.6,35.6,85.75,9.35,,22.9,27.55,5.03,290.2,76.45,,,13.96,,6.26,64.8,4.49,18.1,11,69.65,15.9,,159.3,1.7,123.1,4.56,18.02,31.55,5.9,43.1,2.67,68.55,,65.9
11:56:00,,53.5,22.95,35.05,25,39.5,11.08,18.42,11.16,15.94,5.8,11.38,17.28,4.32,11.68,,4.76,90.25,,33.35,,23.15,31.2,9.3,7.91,142.1,18.84,11.34,59.05,24,12.24,8.35,8.4,,6.1,12.54,4.46,6.46,6.39,,58,136.7,,,,,76.05,3.64,4,19.16,,,12.76,14.48,125.8,,327.4,26.6,43.05,,2.76,,8.02,,11.68,61.6,,35.6,85.65,9.35,,22.9,27.6,5.03,290.6,76.45,,42.85,,,,64.9,,,,,,113.9,159.3,1.71,123,4.56,18.02,,5.9,43.1,2.67,,,65.85
11:57:00,27.2,53.5,22.95,35.05,25.05,39.55,11.1,18.42,11.12,15.94,5.8,11.36,,4.32,,32.9,4.76,90.25,,33.35,,23.2,31.3,,,142.2,18.82,,59.1,,12.26,,8.4,49.4,6.1,12.56,4.47,6.47,6.39,48.55,58.05,136.8,64,84.1,38.65,,76.05,3.64,4,19.2,47.05,8.36,12.76,14.52,125.8,2.82,327.4,,,40.55,2.77,96.1,,4.57,,,263.8,35.6,85.65,9.35,3.47,22.9,27.5,5.03,290.6,76.45,30.35,,13.96,,,64.85,4.49,18.1,,69.65,,,159.3,1.71,123,4.56,18.04,,5.9,43.05,2.66,68.55,32.4,65.85
11:58:00,27.15,53.5,22.9,35.1,25,39.6,11.1,18.42,11.12,16.02,5.8,11.38,17.3,4.32,,32.9,4.77,90.25,,33.35,40.45,23.2,31.4,,7.91,142,18.82,,59.1,24,12.24,,8.4,49.4,6.1,12.56,4.47,6.48,6.39,48.55,58,136.9,64.05,84.1,38.7,22.9,76.1,3.64,3.99,19.24,47.05,8.37,12.76,14.58,126,2.82,327.8,26.65,,,2.76,96.2,,,,,263.8,35.6,85.75,9.35,3.47,22.9,27.6,5.04,290.8,76.45,,42.85,13.94,,6.26,64.9,4.49,,10.98,69.6,,113.9,159.3,1.71,123,4.56,18.04,31.55,5.9,43.1,2.67,68.55,,66
11:59:00,27.15,53.5,22.95,35.05,25,39.6,11.1,18.4,11.12,16.02,5.8,11.38,17.3,,,32.9,4.77,90.3,,33.35,,23.2,,9.3,7.91,142.1,18.86,11.34,59.1,24,12.24,8.36,8.4,49.4,6.1,12.56,4.47,6.48,6.39,,58,136.8,64.05,83.85,,,76.1,3.63,3.99,19.24,47,8.37,12.76,14.54,125.9,2.82,328,,43.05,,2.77,96.15,,4.58,,61.6,263.8,35.5,85.7,9.36,3.46,22.9,27.55,5.04,290.8,76.45,,,13.92,,6.27,64.9,4.48,,11,69.6,,113.9,159.2,1.7,123,4.56,18.04,31.55,,43.1,2.67,,,66
12:00:00,,53.5,22.95,35.05,25,39.6,11.1,18.4,,16,5.8,11.38,,,11.7,32.85,,90.3,,33.35,,23.2,,9.3,7.91,142.2,18.82,11.32,59.1,,12.26,,8.4,49.35,6.1,12.56,4.47,6.48,,,58.05,136.7,64,83.8,38.75,,76.1,3.64,3.99,19.28,,8.37,12.76,14.54,126,,327.8,26.65,,,2.77,,8.02,4.58,,61.6,263.8,,85.7,9.35,3.47,22.9,,5.03,290.8,76.4,,42.85,,12.52,6.26,,4.48,18.1,,,15.88,113.9,159,1.71,123.1,4.55,18.04,,,43.15,2.67,,,65.85
13:01:00,27.2,53.45,22.95,35.05,25,39.6,11.1,18.42,11.16,16,5.8,11.38,,4.32,11.68,32.8,4.77,90.3,120,33.3,40.45,23.15,31.35,9.28,7.9,142,18.84,11.34,59.2,24,12.24,8.35,8.38,49.35,6.09,12.56,4.46,6.48,6.39,48.55,58.25,137.1,64.15,83.6,38.6,22.95,76,3.63,3.99,19.22,47,8.37,12.76,14.64,126.2,2.83,328.2,26.6,42.95,40.6,2.76,96.2,8.01,4.59,11.68,61.5,263.6,35.65,85.85,9.35,3.48,22.9,27.65,5.03,290.2,76.45,30.25,42.85,13.98,12.58,6.26,64.9,4.49,18.1,11,69.75,15.88,113.9,159.3,1.7,123.4,4.56,18.06,31.6,5.89,43.15,2.67,68.5,32.35,65.9
13:02:00,27.15,,22.95,35.1,25,39.6,11.08,18.42,,16.02,5.81,11.38,,4.31,,32.8,,90.35,,33.35,,23.2,31.25,9.28,7.91,142.1,18.84,11.32,59.3,,12.26,8.35,,49.35,6.08,12.58,,,6.38,48.55,58.2,137.1,64.05,83.6,38.7,,76.15,3.63,3.99,19.18,,8.36,,14.74,126.1,2.83,328.2,26.7,42.95,,2.75,,,4.59,,61.5,263.4,35.65,85.85,9.35,3.48,22.9,,5.04,290.2,76.4,30.25,42.85,13.98,12.62,6.26,64.9,,18.1,10.98,69.8,,114,159.2,1.7,123.4,4.56,18.02,31.6,5.89,43.1,2.66,68.5,,65.95
13:03:00,27.2,53.45,22.95,,25,39.65,11.1,18.44,,16,5.8,11.38,17.3,4.32,,32.85,4.78,90.45,,33.35,,23.15,31.25,,7.92,142.5,18.82,,59.3,24,12.24,8.34,,49.35,,12.6,,6.49,6.39,48.55,58.2,137,64.05,83.6,38.75,22.9,76.15,3.63,3.99,19.24,47,8.4,,14.72,126.1,2.82,328.4,,43,,2.76,96.2,8.01,,,61.6,263.6,35.65,86.25,9.36,,22.9,27.65,5.04,290.2,76.4,,42.85,14,,6.26,64.95,4.49,18.1,10.98,69.85,15.86,114,159.3,1.7,123.5,4.56,18.02,31.6,5.89,43.1,2.67,68.6,,65.9
13:04:00,27.2,53.45,22.95,,25,39.55,11.1,18.44,11.18,15.98,5.8,11.38,,,,32.8,4.78,90.4,,33.35,40.45,23.2,31.3,9.29,7.92,142.5,18.82,,59.4,24,12.24,8.33,8.38,49.4,,,,6.48,6.39,,58.25,137.2,64.05,84,,,76.2,3.63,3.99,19.28,,8.39,12.76,14.62,126,2.83,328.4,26.65,43,40.5,2.76,96.15,,,,,263.8,35.65,86.45,9.35,3.47,22.9,,5.06,290.2,76.4,30.25,,14.02,,6.26,64.9,4.5,,10.98,69.85,15.88,114,159.4,1.7,123.7,4.56,17.98,31.6,5.89,43.15,2.67,68.5,32.35,65.95
13:05:00,27.2,53.45,22.9,35.05,25.05,39.55,11.1,18.44,,,5.79,11.36,,4.32,,32.8,,90.3,,33.35,40.45,23.2,31.25,9.3,7.92,142.3,18.8,11.34,59.35,24.05,12.24,8.33,,49.3,,12.58,,6.48,6.39,48.5,58.1,137,64.05,,38.65,,76,3.62,3.99,19.22,,8.38,12.76,14.68,125.9,2.83,327.8,,,,2.75,96.15,,,,,263.6,35.65,86.35,9.35,3.48,22.9,,5.06,290,76.4,30.4,42.8,14.04,,6.26,64.85,4.49,18.1,11,69.85,,114,159.1,1.7,123.5,4.56,17.98,31.4,5.89,43.2,2.67,,32.35,65.7
13:06:00,27.2,53.45,,35.1,25.05,39.55,11.1,18.44,,15.94,5.8,11.36,17.3,4.32,11.7,32.75,,90.35,120,33.35,,23.2,31.2,9.29,7.93,142.4,18.8,,59.35,,12.24,8.34,,49.3,,,4.47,6.48,6.39,,58.1,137.1,,,38.75,,76.15,3.63,3.99,19.18,,,12.76,14.68,125.9,2.82,328,26.65,42.95,,2.75,,8,4.59,,,263.4,35.6,86.2,9.35,,22.9,,5.06,290,76.35,30.4,,14.04,,6.26,64.95,4.5,,11,69.85,15.86,114,159.1,1.7,123.5,4.56,18,31.4,5.89,43.15,2.67,,32.35,65.85
13:07:00,,53.45,22.9,,25,39.6,11.08,18.46,,,5.79,11.36,17.28,4.32,,32.8,,90.35,,33.35,40.45,23.2,31.3,9.29,7.92,142.4,18.8,11.34,59.35,,12.22,8.34,,49.25,,12.6,4.47,6.47,,,58.1,137,64.05,,,22.9,76.1,3.63,3.99,19.16,47,8.38,12.76,14.68,126,2.82,328,26.75,42.95,40.55,2.75,96.4,8,,,,,35.65,86.2,9.34,3.48,22.9,,5.06,290.6,76.35,,42.9,,12.64,6.26,64.95,4.5,18.1,10.96,69.85,,114,159,1.7,123.6,4.55,17.96,31.55,5.89,43.2,2.67,68.55,,65.9
13:08:00,,53.45,,,25,39.6,11.1,18.48,,15.94,,11.32,,4.31,,32.75,4.78,90.2,,33.3,,23.2,31.3,9.27,7.93,142,18.76,11.34,59.35,,12.24,8.34,,49.25,6.06,12.6,4.47,6.47,,48.5,57.9,136.8,64.05,83.75,38.6,,76.15,3.63,3.99,19.18,47.05,,12.76,14.64,125.8,2.83,327.8,26.65,42.95,,2.76,,8.01,,,61.6,263.2,,86.1,9.34,3.47,22.95,,5.06,290.6,76.35,,,14.04,,6.26,64.95,,18.1,10.94,69.8,15.86,114,158.9,1.71,123.5,4.56,17.94,31.6,5.89,,2.67,68.5,,65.8
13:09:00,,53.5,22.95,,25.05,39.6,11.1,18.5,11.18,15.94,5.8,11.32,,4.32,,32.8,,90.2,,33.3,,23.25,31.3,9.27,7.93,142.1,18.76,,59.35,23.95,12.24,8.33,,49.25,6.07,,4.47,6.47,,,57.95,136.7,64.05,83.55,38.6,,76,3.63,3.99,19.2,47.05,8.38,12.76,14.66,125.8,2.83,327.8,,43,,2.76,,8,4.59,,,263.2,35.6,86.05,9.35,,22.9,27.65,5.05,290.4,76.3,,,14.06,12.66,6.26,64.95,,,10.92,69.65,15.84,114,158.9,1.7,123.5,4.56,17.94,31.6,5.89,43.15,2.67,,,65.75
13:10:00,27.15,53.5,22.9,35.1,25,39.55,11.1,18.5,,15.92,5.8,11.32,,4.31,,32.8,,90.2,,33.2,40.45,23.25,,9.27,7.93,142,18.78,11.34,59.35,,12.22,8.34,8.37,49.2,,12.58,4.47,6.46,6.39,48.45,57.8,136.7,64.05,83.75,38.7,22.9,76.05,3.63,3.99,19.16,47.05,,12.76,14.66,125.7,2.82,327.6,26.65,43,40.55,2.75,,8,4.58,,,263.2,35.6,86.05,9.35,3.47,22.9,,,290.2,76.4,30.35,42.9,,,6.26,64.95,,18.1,10.88,69.6,15.86,114,158.9,1.7,123.5,4.55,17.94,31.6,5.89,43.2,2.67,68.6,,65.7
13:11:00,,53.5,,35.1,25.05,39.55,11.1,18.46,11.16,15.9,,11.32,17.3,4.32,,32.8,4.78,90.3,,33.25,,23.2,31.25,9.27,7.91,142,18.78,,59.25,,12.22,8.35,8.38,49.3,,12.6,4.47,6.47,6.38,,57.9,136.7,64.1,83.5,38.7,,76.05,3.62,3.99,19.16,,8.37,12.76,14.62,125.7,2.83,327.6,,,40.55,2.76,,8,4.58,,,263.4,35.5,86.05,9.34,3.48,22.9,,5.04,290.4,,30.3,42.85,,12.66,6.28,64.9,4.48,18.1,10.94,,15.84,113.8,158.8,1.7,123.3,,17.98,,5.89,43.2,2.67,68.6,,65.65
13:12:00,,53.5,22.9,,25,39.6,11.08,18.44,,15.9,5.8,11.34,17.3,4.32,11.68,32.8,4.78,90.25,120,33.25,,23.2,31.3,9.27,7.91,142.1,18.8,,59.25,,12.22,8.34,8.37,49.25,6.04,12.6,4.46,6.46,6.38,48.45,57.9,136.6,64.1,83.55,38.75,,75.95,3.63,4,19.16,,8.35,12.78,14.7,125.7,2.83,327.4,26.65,43,,2.76,,8,4.6,11.68,,263.4,,86.05,9.33,3.48,22.9,,5.04,290.2,76.4,,42.85,14.04,,6.27,64.95,4.49,18.1,10.94,,15.86,113.8,158.6,1.7,123.2,4.55,17.94,31.6,5.91,43.2,2.67,,32.3,65.75
13:13:00,,53.5,22.95,35.1,25,39.6,,,,15.92,5.8,11.34,17.32,4.32,11.68,32.75,4.78,90.35,,33.2,,23.2,,9.27,,142.1,18.8,,59.2,24,12.22,8.34,,49.3,6.04,,4.46,6.47,,48.45,57.95,136.5,,83.45,38.75,22.9,75.85,3.62,3.99,19.16,,,,14.72,125.6,2.82,327.6,,43,,2.76,96.45,8,4.6,11.64,,263.6,35.55,86.05,9.33,3.48,22.9,27.65,5.04,290.4,76.4,,,,,6.27,64.95,4.48,,11,,,113.8,158.8,1.69,123.2,4.55,17.94,,5.9,43.2,2.67,68.55,32.35,65.7
13:14:00,27.1,53.5,22.95,35.05,25,39.6,,18.44,,15.96,5.8,11.32,17.32,4.32,11.68,32.8,4.78,90.3,119.9,33.25,,23.25,31.3,9.28,7.92,142.2,,,59.15,24,12.22,8.34,8.37,49.3,6.07,12.6,4.46,6.46,,48.45,58.05,136.6,64.1,83.35,38.8,,76,3.63,3.99,19.2,,8.35,12.76,14.76,125.7,2.83,327.6,26.6,43,,2.75,96.35,8.01,,,61.55,263.8,35.55,86,9.34,3.47,22.9,,5.03,290.2,76.4,30.4,,14,12.64,,64.95,,18.1,11,,,113.6,158.9,1.69,123.2,4.56,17.94,31.6,5.9,43.15,2.67,68.5,,65.75
13:15:00,27.1,53.5,22.9,35.1,25,39.6,11.08,18.44,11.16,15.96,,11.34,,4.32,,32.75,,90.3,,33.25,,23.2,31.3,9.27,7.92,142,18.8,,59.15,23.95,12.22,8.33,8.38,49.25,,,4.47,6.46,6.38,,57.95,136.5,64.1,83.3,38.75,,75.85,3.62,3.99,19.22,47.05,,12.76,14.72,125.6,,327.4,,43,,2.75,96.4,8.01,,11.64,,263.4,,85.9,9.34,3.48,22.9,27.65,5.03,290,76.35,,42.8,14,12.66,6.26,64.95,,,11,69.6,15.86,113.6,158.8,1.69,123.3,4.56,17.94,,5.9,43.2,2.66,,,65.7
13:16:00,27.1,53.5,22.9,35.05,24.95,39.55,11.08,18.44,11.14,15.94,5.79,11.34,17.32,4.31,,32.7,4.78,90.3,119.9,33.15,,23.2,31.2,9.26,7.93,142.2,18.76,11.34,59.15,,12.22,8.34,8.36,49.25,,12.62,4.46,6.47,6.37,48.45,57.85,136.6,64.1,83.45,,22.9,75.85,3.62,3.99,19.16,47.05,8.34,12.76,14.7,125.7,2.82,327.4,26.6,43,,2.75,96.35,7.99,4.6,,61.5,263.4,35.6,85.65,9.33,3.47,22.9,27.65,5.03,289.4,76.35,30.25,,,12.62,6.27,64.95,4.47,18.14,10.94,69.55,,113.6,158.8,1.7,123.4,4.55,17.94,31.6,5.9,43.2,2.66,68.6,,65.6
13:17:00,27.1,53.5,22.95,35.05,25,39.6,11.08,,,,5.79,11.34,17.32,4.3,11.68,32.75,4.78,90.35,,33.15,40.5,,31.2,9.27,,142,18.76,11.36,59,24,12.22,8.34,8.35,49.25,,12.62,,6.46,6.38,,57.85,136.6,64.1,83.5,38.65,,75.95,3.62,4,19.16,,,12.7,14.76,125.7,2.82,327.4,26.65,,40.65,2.75,96.3,7.98,4.59,,61.45,263.2,35.6,85.7,9.33,3.47,22.9,27.6,5.04,289.6,76.35,,42.75,14.04,,6.26,64.95,4.47,,10.9,69.3,,113.5,158.8,1.7,123.3,,17.96,31.5,5.9,43.2,,68.6,,65.6
13:18:00,27.1,53.5,22.9,,24.9,39.55,11.08,18.44,11.14,15.92,5.8,11.32,,4.31,11.68,32.7,4.78,90.3,119.6,33.1,40.45,23.15,31.2,9.26,7.93,142,18.78,,58.95,,12.22,8.34,8.36,49.25,,12.62,4.46,6.45,6.38,,57.85,136.6,64.15,,38.65,22.9,75.95,3.62,3.99,19.2,47,,,14.76,125.6,2.83,327.4,26.6,43,,2.75,,7.97,4.6,11.62,,263.2,35.6,85.7,9.34,,22.9,,5.03,289.6,76.4,,,,,,64.95,4.47,,10.9,69.55,15.86,113.4,158.7,1.69,,4.55,17.94,,5.9,43.15,,68.55,32.25,65.65
13:19:00,,53.35,22.9,35.05,24.95,39.6,11.08,,11.14,15.94,,11.32,,4.3,11.68,32.75,4.78,90.25,,33.15,,23.15,31.2,9.26,7.92,142,18.76,11.34,59,,12.22,8.34,8.36,49.3,6.04,,,6.45,,48.35,57.85,136.5,64.1,,38.7,22.95,75.85,3.62,3.99,19.2,47.05,8.35,,14.76,125.6,2.82,327.4,26.6,42.95,,2.75,96.3,7.97,4.6,,61.5,263,35.6,85.7,9.34,3.47,22.9,27.65,5.03,289.4,76.3,30.3,42.8,,,6.26,64.95,,,10.94,69.25,,113.4,158.7,1.69,123.1,4.54,17.96,,5.9,43.15,2.65,,32.15,65.65
13:20:00,27.1,53.4,22.95,35.05,24.9,39.55,11.08,18.44,11.14,15.94,5.79,11.32,17.34,4.3,,32.75,4.77,90.25,,33.15,,23.2,31.2,9.26,7.92,142,18.76,,59,24,12.24,8.34,8.35,49.3,,12.58,,6.45,6.37,48.35,57.85,136.4,64.1,83.5,38.7,,75.9,3.63,3.99,19.2,,,,14.78,125.5,2.83,327.2,26.65,42.95,,2.75,96.3,,4.6,11.62,61.5,263,35.6,85.7,9.33,,22.9,27.65,5.04,289.6,76.3,30.3,,14.02,,6.26,64.95,4.47,18.1,10.94,,15.86,113.5,158.8,1.69,123.1,,17.94,31.6,5.9,43.15,2.66,68.7,,65.6
13:21:00,,53.4,22.9,35.1,24.9,39.55,11.08,18.44,11.14,15.92,,11.32,17.34,4.31,11.68,32.75,4.78,90.3,,33.1,40.45,23.15,31.2,9.27,,141.9,18.76,11.34,59,24,12.22,8.34,8.35,49.25,,12.62,,6.44,6.37,48.35,57.75,136.5,64.1,,38.6,,75.9,3.62,3.99,19.18,,8.34,,14.74,125.6,,327.2,26.65,42.95,,2.75,96.3,7.98,4.6,,61.45,263.2,35.6,85.7,9.34,3.47,22.85,,5.03,289.4,76.25,,,13.98,,6.26,64.95,4.48,18.1,10.9,69.55,,113.4,158.6,1.69,123.1,,17.94,31.55,5.9,43.2,2.66,,32.05,65.6
13:22:00,27.05,53.2,22.9,35.05,24.85,39.6,11.06,18.44,11.14,,5.79,11.32,17.32,4.31,,32.75,4.78,90.1,,33.1,40.45,23.1,,9.25,7.92,141.6,18.72,,58.9,,12.24,8.34,8.35,49.3,6.04,12.6,,6.44,,48.4,57.55,136.5,64.1,83.45,38.65,,75.9,3.63,3.99,19.14,47.05,8.34,,14.78,125.5,2.82,327.2,26.55,43,40.65,2.74,96.3,7.98,4.6,11.66,,263.2,35.6,85.7,9.33,3.46,22.85,27.6,5.02,289.2,76.25,,42.8,13.96,,6.27,64.95,4.48,,,,15.84,113.4,158.5,1.69,,4.56,17.94,31.35,5.9,,2.66,68.7,32,65.55
13:23:00,27.1,53.2,,35.05,24.8,39.6,11.06,18.44,11.14,15.96,5.79,11.32,,4.31,11.68,32.75,,90.1,,33.1,40.4,23.1,31.2,9.25,7.91,141.7,18.72,11.32,58.85,24,12.22,8.33,8.34,49.25,6.04,12.6,,6.44,6.37,48.35,57.6,136.5,64.05,83.3,38.7,,75.85,3.63,3.99,19.12,,,12.72,14.78,125.4,2.82,327.4,26.55,43,,2.75,96.3,,4.6,,61.45,263,35.6,85.7,9.32,3.46,22.9,27.55,5.01,289.2,76.2,30.35,42.8,13.98,,6.26,64.95,,18.1,10.9,69.3,,113.2,158.5,1.69,122.9,,17.94,31.3,5.9,43.15,2.66,68.65,32,65.6
13:24:00,27,53.15,22.9,,24.75,39.6,11.08,18.44,11.14,15.94,5.79,11.3,17.28,4.31,,32.75,4.78,90.05,,33.1,,23.1,31.2,9.25,7.92,141.5,18.7,,58.85,,12.2,8.34,8.34,49.25,6.03,12.6,,6.45,6.37,48.4,57.45,136.3,64.05,,38.65,,75.85,3.62,3.99,19.12,,8.31,12.68,14.78,125.3,,327.2,26.6,42.95,40.65,2.74,96.3,7.98,4.6,11.62,,262.8,35.6,85.65,9.32,3.46,22.9,27.6,5.02,289,76.2,,42.75,13.96,12.58,6.26,64.95,,18.08,10.88,69.3,15.82,113.2,158.4,1.7,122.8,4.55,17.92,31.3,5.9,,2.66,,32,65.45
13:25:00,,53.15,22.85,35.05,24.75,39.45,11.04,18.44,,,5.8,11.3,,4.31,,32.7,4.78,90,,33.1,40.4,23.15,31.2,9.25,7.91,141.4,18.7,,58.8,,12.22,8.34,8.34,49.15,6.03,,4.46,6.45,6.36,,57.45,136.1,64.05,83.25,38.65,,75.65,3.63,3.99,19.1,47.05,8.3,12.68,14.78,125.2,2.82,327,,42.9,,2.75,96.25,7.99,4.6,,61.4,262.8,35.55,85.6,9.32,,22.9,27.55,5.01,288.8,76.1,,,,,6.25,64.9,,18.08,10.88,,15.8,113,158.3,1.69,122.2,4.55,17.92,31.3,5.9,43.15,,,,65.4
13:26:00,27,,22.85,35.05,24.75,39.45,11.04,18.44,11.14,15.92,5.79,11.3,,4.31,11.64,32.7,4.78,89.9,,33.1,40.4,,31.2,9.24,7.92,141.6,18.7,11.32,58.8,24,12.22,8.34,8.33,49.1,6.03,12.6,4.46,6.44,6.36,48.35,57.6,135.8,64.05,83.3,38.75,22.85,75.6,3.63,3.99,19.1,47.05,8.3,,14.8,125.2,2.82,327,26.5,42.9,,2.75,,7.98,4.59,11.62,61.35,262.6,35.6,85.55,9.31,3.47,22.85,,5.03,288.6,76.1,30.3,,,12.56,6.25,64.9,4.48,18.08,10.84,69.25,,112.9,158,1.69,122.2,4.55,17.94,31.3,5.9,43.1,,,32.05,65.4
13:27:00,27.05,53.3,,,24.85,39.45,11.06,18.44,11.14,15.92,5.8,11.32,17.32,4.31,11.66,32.7,4.78,90.15,,33.1,40.45,23.15,31.2,9.25,,141.9,18.7,,58.9,,12.22,8.34,8.33,49.15,,12.6,,6.43,6.37,48.3,57.7,136.2,64.05,83.3,38.7,,75.65,3.62,3.99,19.08,,,12.68,14.82,125.4,2.83,327.2,,42.9,,2.75,96.25,7.98,4.59,11.68,,262.8,35.6,85.55,9.32,3.46,22.85,,5.03,289.2,76.15,30.3,,13.96,12.58,6.25,64.9,4.48,,10.86,69.2,15.78,112.9,158.5,1.7,122.5,,17.94,31.4,5.9,43.1,2.66,68.65,32,65.55
13:28:00,26.95,53.3,22.85,35.1,24.75,39.4,11.06,18.42,11.14,15.92,,11.32,,4.31,,32.65,4.78,90.15,,33.15,,23.1,31.2,9.25,7.92,141.9,18.7,11.32,58.95,,12.2,8.33,8.33,49.2,6.03,,,6.43,,48.3,57.65,136.2,64.05,,38.55,,75.65,3.62,3.99,19.1,,8.3,,14.84,125.4,2.83,327.2,26.55,42.9,,2.75,96.25,7.99,4.59,,61.45,263,35.6,85.55,9.34,3.46,22.85,,,289,76.1,30.3,,13.96,,6.25,64.85,,18.08,10.88,,15.78,112.9,158.5,1.69,122.6,4.54,17.92,31.3,5.91,43.1,2.66,68.65,,65.5
13:29:00,27,53.3,22.9,35.05,24.8,39.4,11.08,18.44,,15.96,5.79,11.32,,4.31,11.66,32.75,4.78,90.15,120,33.15,40.4,23.15,31.35,9.25,7.91,141.9,18.7,,58.9,,12.22,8.34,8.33,49.2,,12.58,,6.44,,,57.55,136.1,64.05,83.3,,22.85,75.65,3.63,3.99,19.1,47,8.31,,14.88,125.4,,327,26.55,42.9,40.6,2.74,96.25,,4.58,,,263,35.55,85.55,9.34,3.45,22.85,27.6,5.03,,76.15,,,13.96,12.58,6.23,64.85,,18.08,,69.2,,113.1,158.5,1.69,122.7,,17.9,31.35,5.9,43.15,2.67,,,65.45
13:30:00,27,53.3,22.9,,24.9,39.45,,18.44,,15.98,5.8,11.3,17.32,4.3,,32.7,4.78,90.1,119.7,,,,,9.25,7.92,141.9,18.68,11.34,58.9,24,12.2,8.34,8.33,49.2,6.02,12.56,,6.45,,48.35,57.55,136,64.05,,38.6,,75.75,3.63,3.99,19.08,,,,14.86,125.4,2.82,327,26.55,43.1,,2.74,96.25,7.99,4.6,,61.45,263,35.6,85.55,9.34,,22.85,27.6,5.03,289,76.1,,,13.94,,6.27,64.9,4.48,18.08,10.94,69.35,15.76,113.3,158.4,1.69,122.7,4.54,17.9,31.3,5.9,43.1,2.67,68.65,32,65.45
13:31:00,27,53.3,22.9,35.1,24.95,39.4,11.08,18.44,,15.98,5.8,11.3,17.32,4.31,11.66,32.7,4.78,90.1,,33.15,40.4,23.15,,9.25,7.92,141.9,18.66,,58.8,24,12.2,8.34,8.33,49.15,6.03,,4.46,6.44,6.38,48.35,57.6,136,64.05,83.3,38.55,22.9,75.7,3.62,3.99,19.08,,,12.68,14.86,125.4,2.82,326.8,,43.1,,2.74,96.3,7.99,4.6,,,263,35.6,85.55,9.33,3.45,22.85,27.55,5.03,289,76.1,,,13.96,,6.27,64.9,,18.08,,,15.76,113.4,158.4,1.69,122.8,,17.88,31.4,5.9,,2.67,,32,65.5
13:32:00,,53.35,22.9,35.05,24.95,39.45,11.08,18.44,,15.98,5.8,11.3,17.3,4.31,,32.7,4.78,90.05,,33.15,,23.15,31.25,9.26,7.92,142,18.66,11.32,58.85,,12.2,8.33,8.33,49.15,,,4.46,6.44,6.38,48.3,57.65,136.1,64.05,83.25,38.5,22.95,75.75,3.63,3.99,19.06,47,8.31,12.68,14.86,125.4,2.81,326.6,26.5,,40.55,2.75,96.3,,4.6,,61.35,262.6,35.6,85.55,9.33,3.45,22.9,27.6,5.03,289.4,76.25,,42.7,,,6.27,64.85,,,10.9,,15.76,113.4,158.4,1.69,122.8,4.55,17.88,31.3,5.9,43.1,2.67,68.65,,65.55
13:33:00,26.95,53.35,,35.05,25,39.45,11.08,18.42,,15.96,5.79,11.32,17.32,4.31,11.66,32.7,4.78,90.05,,33.15,,23.15,31.2,9.26,,142,18.68,,58.85,,12.2,8.34,8.33,49.15,6.05,12.58,4.46,6.44,6.38,48.35,57.6,136.1,64.05,83.35,38.6,,75.7,3.63,3.99,19.1,,8.31,12.68,14.78,125.5,,326.6,26.55,,,2.74,,7.99,4.6,,61.35,262.4,35.5,85.55,9.33,3.47,22.85,,5.02,289.2,76.2,,,13.96,,,64.9,,18.1,,69.35,15.78,,158.4,1.69,122.8,,17.92,31.3,5.9,43.1,2.67,,,65.5
13:34:00,26.95,53.35,22.95,,24.95,39.4,11.06,18.42,11.14,,5.8,11.3,17.32,4.31,11.64,32.7,4.78,90,,33.1,40.4,23.15,31.2,9.25,7.92,141.8,18.68,11.32,58.8,,12.2,8.34,8.33,49.15,6.05,,4.46,6.43,6.39,48.3,57.6,135.9,64.05,,38.6,,75.75,3.63,4,19.1,,,12.68,14.78,125.4,2.81,326.6,26.55,,40.55,2.74,96.35,7.99,4.6,,61.45,262.2,35.35,85.55,9.3,,22.9,27.55,5.02,289,76.1,30.4,,,12.6,6.27,64.85,4.47,18.06,10.88,69.35,15.78,113.4,158.3,1.69,122.7,4.54,17.92,31.3,5.9,43.1,2.67,68.6,,65.5
13:35:00,27,53.35,22.95,35.05,24.95,39.45,11.06,18.42,11.14,15.94,5.79,11.32,17.34,4.31,11.66,32.7,4.78,90.05,,33.1,,23.15,31.2,9.25,7.92,141.9,18.66,11.34,58.8,24,12.2,8.33,8.33,49.1,,12.56,4.46,6.43,,,57.55,135.8,64.05,,38.6,,75.7,3.63,3.99,19.08,47.05,8.31,12.68,14.74,125.4,,326.6,26.55,43.1,,2.75,96.25,7.99,4.6,11.68,61.35,262.2,35.3,85.65,9.32,,22.85,27.55,5.03,289,76.2,,42.75,13.94,,6.27,64.85,,18.08,10.9,69.35,,113.4,158.3,1.69,122.5,4.54,17.92,31.3,5.9,43.05,2.67,,32,65.55
13:36:00,27,53.35,,35.1,25,39.45,11.06,18.42,11.14,15.94,5.8,11.32,17.34,4.31,11.64,32.7,4.78,90.05,,33.1,40.4,23.15,31.25,9.25,7.92,142,18.66,11.34,58.75,,12.2,8.34,8.34,49.2,6.05,12.56,4.46,6.45,,48.35,57.6,135.9,64.05,83.45,,,75.7,3.63,3.99,19.08,47,,12.68,14.74,125.6,,326.6,26.55,,40.55,2.75,,7.98,4.61,,,262.6,35.3,85.55,9.32,,22.85,27.55,5.03,289,76.15,,42.75,,12.58,6.27,64.85,4.48,18.06,,69.35,15.78,113.4,158.3,1.69,122.6,,18,31.25,5.9,43.1,2.67,68.65,,65.6
13:37:00,26.95,53.35,22.9,35.05,25,39.45,11.06,,11.16,,5.8,11.34,17.34,4.31,11.64,32.7,4.78,90.1,,33.15,,23.15,,9.27,,142,18.68,11.34,58.75,,12.22,8.33,8.33,49.2,6.04,,4.46,6.45,,,57.65,135.9,64.05,,38.7,23.05,75.55,3.63,3.99,19.04,,8.32,12.68,14.74,125.6,2.81,326.8,,,40.55,2.75,,,4.62,,61.35,262.6,35.45,85.55,,3.46,22.85,27.55,5.03,289,76.15,,42.7,,,6.28,64.85,4.48,18.08,,69.35,15.78,113.4,158.3,1.69,122.6,4.54,17.98,31.25,5.9,43.1,2.67,,,65.65
13:38:00,26.95,53.25,22.95,,25.05,39.45,11.04,18.4,,15.96,5.8,11.32,17.36,4.31,11.64,32.75,4.78,90.1,,33.15,,23.15,31.2,9.26,7.92,142,18.68,11.32,58.7,,12.2,8.35,8.33,49.15,,12.56,4.46,6.45,6.38,48.35,57.7,135.8,64.05,83.25,38.7,,75.55,3.63,4,19.02,,,12.68,14.74,125.6,,326.4,26.55,,,2.74,96.2,,4.63,,,262.6,,85.55,9.31,,22.85,27.55,5.03,289,76.15,,42.7,13.94,,6.27,64.95,4.47,,,69.35,,113.4,158.2,1.69,122.6,4.55,17.96,31.3,5.91,,2.67,68.65,32,65.6
13:39:00,27,53.3,22.95,35.05,25.05,39.45,11.06,18.36,11.14,15.96,5.79,11.32,17.36,4.31,,32.7,4.78,90.05,,33.1,40.4,23.15,31.15,9.26,7.92,141.9,18.7,11.34,58.75,,12.22,8.35,8.34,49.15,,,4.46,6.44,6.38,48.35,57.6,135.9,64.05,83.3,38.7,23,75.55,3.63,3.99,19.04,47,8.32,12.68,14.72,125.6,,326.4,26.6,,,2.74,96.2,,4.62,,61.35,262.4,35.35,85.5,9.31,3.46,22.85,,5.03,289,76.05,30.35,,,,6.27,64.95,4.48,18.06,10.9,69.35,15.76,113.4,158.2,1.69,122.6,,17.96,,5.9,43.05,2.66,68.65,,65.65
13:40:00,27,53.3,22.95,35.05,25,39.4,11.06,18.4,11.14,15.94,5.79,11.34,17.34,4.31,11.64,32.75,4.78,90.15,,33.15,,23.15,,9.26,7.93,142.1,18.66,,58.7,23.95,12.2,8.35,8.34,49.25,,,,6.44,6.38,,57.6,135.9,64.05,83.45,38.7,,75.6,3.63,3.99,19.02,47.05,,12.68,14.74,125.9,2.81,326.4,26.6,,40.55,2.74,96.15,7.98,4.63,,61.4,262.6,35.35,85.5,9.31,3.46,22.85,27.55,5.04,289,76.1,,,13.94,,,64.95,4.48,,,69.25,15.76,113.4,158.4,1.69,122.6,,18,31.3,5.91,,2.67,68.65,31.95,65.75
13:41:00,27,53.3,22.95,35.1,25,39.45,11.08,18.44,11.14,15.96,5.8,11.32,17.34,4.31,11.64,32.75,4.78,90.2,120,33.15,40.45,23.15,,9.26,7.92,142.1,18.68,11.34,58.65,24,12.2,8.35,8.34,49.25,,12.56,,6.44,6.38,,57.6,136,64.05,83.5,38.7,23.05,75.55,3.63,,18.9,47.15,,12.68,14.74,126,,326.8,26.6,43.05,40.55,2.74,96.25,7.98,4.64,,61.45,262.6,,85.55,9.31,,22.85,27.55,5.04,289.2,76.1,30.3,,13.94,,6.28,64.9,4.46,18.18,10.92,69.3,15.78,113.4,158.5,1.7,122.6,4.54,18,,5.91,43.1,2.67,68.65,31.95,65.85
13:42:00,,53.3,22.9,35.05,25,39.5,11.08,18.44,,15.96,5.8,11.34,17.36,4.31,11.66,32.7,4.78,90.2,120,33.15,40.4,23.1,,9.28,7.92,142,18.66,11.34,58.65,24,12.2,8.35,8.35,49.25,,,4.46,6.45,,48.35,57.75,136,64.05,,38.7,,75.6,3.63,3.99,18.9,,,12.68,14.74,126,2.83,326.6,26.55,,40.55,2.74,96.3,7.99,4.64,,,262.8,35.35,,9.31,3.46,22.85,27.55,5.04,289,76.1,,,13.94,,,64.9,4.47,,10.9,69.35,,113.4,158.5,1.69,122.6,4.54,,31.3,5.91,43.1,2.67,68.65,,65.85
13:43:00,26.95,53.3,22.95,35.05,25,39.45,11.06,18.4,11.18,15.96,5.79,11.34,17.38,4.3,11.66,32.7,4.78,90.15,,33.15,,23.15,31.2,9.28,7.91,142,18.66,11.34,58.6,,12.24,8.35,8.34,49.2,6.05,12.56,4.46,6.44,,48.3,57.8,136,64.05,83.5,38.65,23.1,75.6,3.63,,18.96,,8.31,12.68,14.7,125.9,2.81,326.8,,43.1,,2.74,,,4.63,,,262.8,35.35,85.55,9.32,,22.9,27.55,5.04,289,76.05,,,13.96,,,64.95,4.47,,,69.35,,113.4,158.6,1.69,122.6,4.55,18,,5.91,43.1,2.67,,,65.9
13:44:00,26.95,,22.95,35.05,25,39.5,11.08,18.42,,15.96,5.8,11.34,17.38,4.31,11.66,32.65,4.78,90.25,,33.2,,23.15,31.2,9.29,7.92,142.1,18.66,,58.7,,12.2,8.34,,49.2,6.04,,4.46,6.44,,48.4,57.85,136,64.05,83.5,38.7,,75.6,3.63,,19,,,12.66,14.74,125.9,2.83,326.6,26.55,,,2.75,,7.99,4.63,11.68,,263.2,35.35,85.65,9.33,3.46,22.85,27.55,5.04,289.2,76.1,30.35,42.7,,,6.27,65,,,10.9,69.35,15.76,113.5,158.6,1.69,122.7,4.55,17.98,,5.9,43.15,2.67,68.65,32,65.9
13:45:00,27,53.3,22.95,35.05,25.05,39.45,,18.38,,15.94,5.79,11.34,,4.31,,32.65,4.78,90.15,,33.15,40.4,23.15,31.2,9.28,7.91,142,18.66,,58.75,,12.2,8.35,8.35,49.2,,12.58,,6.44,,,57.8,136,64.05,83.5,38.65,,75.6,3.63,,18.98,,,12.68,14.78,125.9,,326.8,26.55,43.05,40.55,2.74,,7.99,4.63,,61.5,263.2,35.35,85.55,,3.46,22.85,27.55,5.04,289,76.1,30.35,,13.94,,6.28,64.9,4.47,,10.9,69.35,15.78,113.5,158.6,1.68,122.6,,17.98,31.35,5.9,43.15,2.67,68.65,31.9,65.95
13:46:00,27,53.3,22.95,35.05,25,39.5,11.08,18.4,,15.96,5.8,11.34,,4.31,,32.7,4.79,90.1,120,,,23.1,,9.28,7.92,141.9,18.66,,58.8,24,12.2,8.35,8.34,49.2,,,4.46,6.45,6.39,48.45,57.85,135.8,64.05,83.4,38.75,23,75.6,3.63,4,18.98,,,,14.78,125.8,2.81,326.6,26.5,43,,2.75,96.35,7.99,4.64,,,263.4,,85.65,9.33,,22.85,27.55,5.05,289,76.05,30.35,,13.92,,6.29,64.9,4.47,,10.96,69.35,15.8,113.6,158.4,1.68,122.6,4.55,17.98,31.3,5.89,,2.67,68.65,,65.85
13:47:00,27,53.3,22.9,35.1,25,39.45,11.06,18.34,11.18,15.96,5.8,11.32,,4.31,11.64,32.65,4.79,90.1,,33.2,,23.15,31.2,9.28,7.91,141.9,18.68,11.32,58.8,,12.2,8.34,8.33,49.2,6.06,12.56,,6.44,6.39,48.4,57.8,135.8,64.05,83.5,38.75,,75.5,3.63,3.98,18.96,47.1,,12.68,14.72,125.5,2.82,326.6,,,40.55,2.74,96.4,7.99,4.62,11.64,,263,35.3,85.55,9.33,3.46,22.85,27.55,5.04,289,76,,,,12.58,6.28,64.9,4.46,18.14,10.96,69.3,15.8,113.6,158.3,1.69,122.7,,18,,5.9,43.05,2.67,68.65,31.95,65.75
13:48:00,27,53.2,22.95,35.05,25,39.45,11.08,18.34,,15.94,5.79,11.32,17.36,4.31,11.64,32.65,4.79,90.05,,33.15,,,31.15,9.28,7.91,141.7,18.66,11.34,58.7,24,12.2,8.34,8.33,49.2,6.09,12.56,4.46,6.44,6.39,,57.8,135.8,64.05,83.35,38.75,,75.5,3.63,3.98,18.96,,,12.68,14.7,125.4,2.83,326.4,26.5,43,40.55,2.74,96.25,,4.62,,,,35.3,85.55,,3.46,22.85,27.5,,288.6,76.05,,,13.92,12.56,6.28,64.9,4.46,,10.96,69.35,,,158.3,1.68,122.6,4.54,17.96,31.2,5.89,43.1,2.67,,31.9,65.65
13:49:00,26.95,53.15,22.95,,25,39.35,11.08,18.32,,15.94,5.79,11.32,17.36,4.31,,32.65,4.79,90.05,,33.15,,23.15,31.15,9.27,7.9,141.7,18.68,11.34,58.75,,12.2,8.35,8.33,49.15,6.07,,,6.44,,48.4,57.75,135.7,64.05,83.35,38.75,,75.5,3.62,,18.96,,8.3,12.68,14.7,125.5,2.81,326,26.5,,40.6,2.74,,8,4.63,,61.45,,35.3,85.55,9.32,,22.85,27.55,5.04,288.8,76,30.35,42.7,13.98,,,64.9,4.45,,10.94,69.35,15.78,113.6,158.3,1.67,122.6,4.54,17.96,,5.89,43.05,2.67,68.6,,65.75
13:50:00,26.95,53.1,22.95,35.05,25,39.4,11.06,18.34,,,5.8,11.32,17.36,4.3,,32.7,4.79,90,,33.15,,23.15,31.15,9.27,7.9,141.5,18.66,,58.75,,12.2,8.35,8.33,49.2,6.07,,,6.44,,48.35,57.75,136,64.05,,38.75,,75.5,3.63,3.98,18.94,,8.3,12.68,14.72,125.4,2.83,326,26.5,,,2.74,,,4.64,,61.45,262.8,35.3,85.55,,,22.85,27.55,5.03,289,76.05,,42.7,13.92,,,64.95,4.46,,10.94,69.3,15.8,,158.2,1.67,122.6,4.54,17.98,31.35,5.89,,2.67,68.6,31.9,65.75
13:51:00,,53.15,23,35.05,24.95,39.3,11.04,18.34,11.14,15.94,5.79,11.32,,4.31,,32.65,4.79,89.9,,33.1,,23.1,,9.26,7.89,141.5,18.66,11.34,58.65,24,12.18,8.35,8.32,49.15,6.07,,4.46,6.45,,48.3,57.6,135.9,64.05,83.2,38.8,,75.5,3.62,3.98,19,,8.3,12.68,14.7,125.2,2.83,326,,,,2.74,96.2,7.99,4.64,,,263,35.3,85.6,9.32,,22.85,27.55,5.03,289,76.05,30.35,,,,6.27,64.95,4.47,,10.92,69.35,15.78,113.6,158,1.67,122.6,,17.98,31.35,5.89,43.05,2.67,,,65.7
13:52:00,26.95,53.1,22.9,35.1,24.95,39.3,11.06,18.34,11.16,15.94,5.8,11.3,,4.31,11.64,32.7,4.79,89.95,119.9,33.1,40.35,23.1,31.15,9.27,7.9,141.4,18.66,11.34,58.65,,12.18,8.35,8.32,49.2,,,,6.45,6.38,,57.4,135.6,64.1,83.2,38.8,,75.45,3.62,3.98,18.96,47.1,8.3,12.66,14.72,125.2,2.81,325.8,26.45,,40.55,2.75,96.2,7.98,4.64,,61.35,262.6,35.35,85.5,9.31,,22.85,27.5,5.03,289,76.05,,,13.92,12.56,,64.9,4.48,18.12,10.94,69.3,15.76,113.5,158,1.67,122.5,,17.98,31.35,5.89,43.05,2.67,68.6,31.85,65.65
13:53:00,26.95,53.05,22.95,35.05,24.9,39.3,11.06,18.32,,15.94,5.8,11.3,17.34,4.31,,32.7,4.79,89.9,119.9,33.15,40.35,23.05,,9.26,7.88,141.3,18.66,,58.65,24,12.16,8.34,8.32,49.15,6.07,12.54,4.46,6.43,6.37,48.2,57.45,135.6,63.95,,38.8,,75.4,3.62,3.98,18.96,,8.3,12.66,14.7,125.2,2.83,326,,42.95,40.55,2.74,96.2,,4.64,11.68,61.4,262.2,35.35,85.2,9.31,,22.85,27.4,5.02,289,75.9,30.35,42.6,,12.54,6.26,64.9,4.48,,10.94,,15.74,113.5,157.9,1.67,122.5,4.53,17.94,,5.88,43.05,2.66,68.6,31.85,
13:54:00,26.85,,22.95,35.05,24.9,39.3,11.04,18.28,,15.92,5.79,11.3,,4.3,11.64,32.65,4.79,89.9,,33.1,40.3,23.05,31.05,9.25,7.89,141.3,18.62,,58.65,23.95,12.16,8.35,8.31,49.1,6.08,,4.45,6.43,6.37,48.2,57.35,135.5,63.95,83.1,38.75,22.95,75.35,3.62,3.98,18.9,,8.3,,14.68,125.2,,325.8,26.45,,,2.74,96.05,,4.64,,61.3,262.2,35.2,85.2,9.3,,22.85,27.4,5.02,288.8,75.95,30.35,,13.9,12.5,,64.95,4.47,18.1,10.94,,15.74,,157.8,1.68,122.4,,17.94,31.35,5.89,43.05,2.65,68.6,,65.6
13:55:00,26.8,53.05,22.9,35.05,24.9,39.3,11.06,18.3,,,5.78,11.32,17.3,4.29,11.64,32.7,4.79,89.8,,33.05,40.3,,31.05,9.25,7.89,141.3,18.62,,58.6,,12.16,8.35,8.31,49.1,,,4.46,6.44,,48.15,57.4,135.5,63.9,83.3,38.8,,75.35,3.61,3.98,18.88,,,12.64,14.68,125.2,2.81,325.6,26.45,,40.55,2.74,96.1,7.98,4.64,,,262.2,35.25,85.15,9.3,3.45,22.9,27.4,5.02,288.8,75.9,30.35,,13.9,,6.26,64.95,4.47,,10.92,69.2,15.76,113.4,157.9,1.68,122.1,,17.96,31.35,5.89,43.05,2.66,68.4,,65.6
13:56:00,26.85,53.05,22.95,35.05,24.85,39.3,11.04,18.3,,,5.79,11.3,,4.29,,32.65,4.79,89.8,,33.05,,23.05,31.05,9.26,7.89,141.4,18.62,,58.55,,12.16,8.35,8.31,49.1,6.1,,4.46,6.44,6.37,48.15,57.4,135.5,63.9,83.2,38.8,,75.4,3.62,3.98,18.88,,,,14.68,125.3,,325.8,26.4,43,,2.74,96.15,7.98,4.65,,,262.2,35.25,85.15,9.31,3.45,22.85,27.5,5.02,288.6,75.95,,42.6,13.9,,6.26,64.95,4.47,18.08,10.9,69.25,15.74,,157.8,1.68,122.2,4.53,17.94,31.2,5.89,43,2.66,,31.85,65.7
13:57:00,26.85,53.05,22.95,35.05,24.85,39.35,11.06,18.28,,15.92,5.79,11.32,17.32,4.29,,32.7,4.79,89.8,,33.05,,23.05,31.05,9.28,7.88,141.4,18.64,11.36,58.55,,12.18,8.35,8.31,49.1,6.08,,4.46,6.45,6.38,48.15,57.3,135.5,64,83.05,38.75,22.95,75.3,3.61,3.98,18.9,,8.29,,14.7,125.2,2.82,325.8,,43,40.55,2.74,96.1,7.97,4.64,,,262.4,35.3,85.15,9.31,,22.9,27.4,5.02,288.6,75.9,,,13.96,,6.26,65.05,,18.08,10.9,69.2,15.74,113.5,157.7,1.69,122.3,4.53,17.96,31.35,5.88,43.05,2.66,68.35,31.8,65.65
13:58:00,26.85,53.1,22.95,35.05,24.95,39.35,11.06,18.32,,15.92,5.79,11.32,17.36,4.3,11.64,32.65,4.79,89.85,,33.05,,23.05,31.1,9.29,7.88,141.4,18.64,,58.5,23.9,12.16,8.34,8.31,49.1,6.08,12.52,,6.44,6.37,48.2,57.45,135.5,64,83.1,38.75,,75.25,3.62,3.98,18.92,47.05,,,14.7,125.2,2.81,325.8,26.45,42.95,40.55,2.74,96.15,7.97,4.64,,61.4,262,35.3,85.15,9.31,3.45,22.85,,5.01,288.6,75.95,30.35,42.65,13.9,12.5,6.26,65.05,,,10.96,69.25,15.76,113.5,157.8,1.68,122.4,4.54,17.94,31.35,5.88,43.05,2.66,,,65.75
13:59:00,26.85,53.05,22.95,35.05,24.95,39.35,11.06,18.32,11.14,15.92,5.79,11.32,,4.3,11.62,32.65,4.79,89.8,,33.05,,23.1,31.1,9.29,7.89,141.4,18.62,11.34,58.5,,12.16,8.34,8.31,49.1,,,4.46,6.45,6.37,48.2,57.35,135.3,63.95,83.2,38.7,,75.25,3.62,3.98,18.92,47.1,,12.66,14.66,125.3,2.81,326,26.45,42.95,,2.74,,7.98,4.64,,,262,35.25,85.2,9.32,3.45,22.85,27.5,5.01,288.6,75.95,30.3,42.65,13.9,,6.26,65,4.47,,,69.25,15.76,113.5,157.8,1.69,122.3,4.54,17.94,31.4,5.88,43,2.66,68.35,,65.7
14:00:00,26.9,53.05,22.9,35.05,24.9,39.35,11.06,18.32,11.16,15.94,5.79,11.3,,4.3,11.64,32.75,4.79,89.85,,33.1,,23.05,31.1,9.3,7.9,141.4,18.62,11.34,58.55,,12.16,8.35,8.31,49.1,,12.52,,6.43,,48.15,57.35,135.4,64,83.2,38.7,,75.25,3.61,3.98,18.94,47.2,,,14.66,125.3,2.82,326,,42.95,40.55,2.74,96.15,7.98,4.64,11.64,61.4,261.8,35.3,85.2,9.32,3.45,22.85,,5.01,288.8,75.95,30.3,,13.9,,6.27,65,4.47,18.08,10.96,69.25,15.74,113.5,157.8,1.69,122.3,,17.94,31.4,5.88,,2.66,,,65.75
14:01:00,26.9,53.1,22.95,35.05,24.95,39.25,11.04,18.32,,15.94,5.79,11.34,17.36,4.29,11.64,32.75,4.79,89.7,,,,23.1,31.15,9.27,7.9,141.3,18.62,11.34,58.4,,12.16,8.35,8.3,49.1,6.08,,,6.43,6.38,48.15,57.3,135.3,64,,38.7,,75.25,3.61,3.98,18.98,47.2,,12.66,14.68,125.2,,325.8,,42.95,,2.74,96.15,7.98,4.63,,,262,35.3,85.2,9.32,3.44,22.85,,5.01,288.6,75.9,,42.6,13.88,,6.25,65,4.45,,10.98,69.25,15.76,113.4,157.8,1.69,122.2,4.54,17.96,31.4,5.88,43,2.66,68.25,,65.75
14:02:00,26.95,53.05,22.95,35.05,24.85,39.2,11.04,18.32,11.14,15.9,5.8,11.3,17.32,4.29,11.62,32.65,4.78,89.65,,33.1,40.3,23.05,31.05,9.28,7.89,141.3,18.62,11.3,58.35,23.9,12.18,8.34,8.31,49.05,6.05,12.5,4.46,6.42,6.37,48.15,57.2,135.4,63.95,83.05,38.6,22.9,75.15,3.61,3.98,18.98,47.05,8.29,12.66,14.62,125,2.82,325.8,26.35,42.9,40.55,2.74,96.1,,4.63,11.64,61.3,262,35.3,85.15,9.3,3.44,22.85,27.45,5,288.4,75.9,30.2,42.5,,12.48,6.24,65.05,4.45,18.04,10.98,69.15,15.74,113.3,157.6,1.68,121.9,4.54,17.9,31.2,5.89,43,2.66,68.25,31.8,65.6
14:03:00,26.85,53,22.9,35.05,24.95,39.2,11.04,18.32,11.12,15.9,5.79,11.3,17.28,4.3,,32.65,4.78,89.5,119.7,33.1,40.25,23.05,31.05,9.27,7.87,141.2,18.64,11.3,58.35,,12.14,8.33,8.31,49.05,6.05,12.48,,6.4,6.36,48.1,57.25,135.3,63.95,82.9,,22.85,75.15,3.61,3.97,18.96,47,,12.64,14.64,125,2.82,325.8,26.3,42.85,40.55,2.74,96.05,7.99,4.62,11.62,61.2,261.6,35.25,85.15,9.3,3.44,22.85,27.45,5,288.4,75.9,30.2,42.5,,12.46,6.25,64.95,4.46,18.04,11,69.15,15.7,113.2,157.5,1.68,121.9,4.53,17.92,31.3,5.88,42.95,2.66,68.15,31.75,65.5
14:04:00,26.85,53.1,22.95,,24.9,39.15,11.04,18.32,11.12,15.9,5.8,11.3,,4.3,11.62,32.65,4.78,89.6,119.6,33.1,40.25,23.05,31.1,9.27,7.87,141.3,18.62,,58.4,23.85,12.16,8.33,8.3,49.05,,12.48,4.45,6.4,6.36,48.05,57.3,135.3,63.95,82.95,38.65,,75.2,3.62,3.98,18.94,,,,14.64,125.1,2.81,325.6,26.4,42.85,40.55,2.74,,7.99,4.63,,,262,35.25,85.15,9.3,3.45,22.85,,5,288.4,75.9,30.3,42.55,13.86,12.46,6.24,65.05,4.47,,11,69.15,15.68,113.2,157.7,1.68,122,4.55,18,31.3,5.87,,2.66,,,65.6
14:05:00,26.85,53,22.9,35.05,24.9,39.15,11.02,18.3,11.1,15.84,5.78,11.28,17.28,4.3,11.6,32.55,4.78,89.45,119.4,33.1,40.25,23.1,31,9.27,7.87,140.9,18.64,11.3,58.35,23.8,12.18,8.32,8.28,49,,12.48,4.44,6.41,6.35,48.1,57.2,135.2,63.85,82.9,38.5,22.85,75.1,3.61,3.96,18.92,46.95,8.29,12.64,14.6,124.8,2.82,325.2,26.3,42.85,40.55,2.74,95.95,,4.63,11.64,61.1,261.4,35.15,85.15,9.29,3.43,22.8,27.45,4.99,288.2,75.7,30.2,42.5,13.82,12.46,6.23,64.9,,18.04,11.02,69.1,15.7,113,157.5,1.68,121.8,4.53,18,,5.88,42.9,2.66,68.15,,65.55
14:06:00,26.8,52.9,22.9,34.9,24.85,39,11,18.28,11.08,15.84,5.79,11.26,17.26,4.29,11.6,32.55,4.78,89.2,119.1,33.05,40.2,22.95,30.9,9.24,7.83,140.7,18.58,11.24,58.15,23.8,12.16,8.32,8.25,48.85,,12.46,4.45,6.36,6.35,47.95,57.05,134.8,63.75,82.8,38.4,22.85,74.95,3.6,3.95,18.88,46.85,8.29,12.6,14.54,124.7,2.8,325,26.25,42.75,40.4,2.73,95.75,7.98,4.62,11.6,61.15,260.6,35.15,85.1,9.27,3.44,22.7,27.5,4.99,287.2,75.6,30.15,42.4,13.82,12.42,6.23,64.75,4.47,18,10.96,69.05,15.68,112.9,157.3,1.68,121.7,4.54,17.96,31.25,5.85,42.9,2.66,68.05,31.7,65.45
14:07:00,26.8,52.85,22.85,34.9,24.75,38.95,10.98,18.26,11.06,15.82,5.77,11.22,17.22,4.26,11.58,32.45,4.78,89.1,118.8,32.95,40.15,23,30.85,9.22,7.82,140.5,18.56,11.22,58.15,,12.12,8.32,8.25,48.85,6.02,12.44,4.43,6.36,6.33,47.95,57,134.8,63.7,82.7,38.25,22.8,74.7,3.58,3.95,18.88,46.8,8.29,12.54,14.5,124.5,2.79,324.4,26.25,42.6,40.35,2.73,95.65,7.96,4.6,11.66,61,260.6,35.15,85,9.26,3.44,22.65,27.35,4.98,286.8,75.5,30.15,42.4,13.8,12.46,6.22,64.7,4.45,17.98,11,69.1,15.68,113,157.1,1.68,121.2,4.52,17.92,31.1,5.85,42.75,2.65,68.05,31.7,65.25
14:08:00,26.8,52.9,22.85,34.9,24.75,38.95,10.98,18.26,11.08,15.8,5.77,11.22,17.22,4.27,11.56,32.5,,89.15,118.8,33,40.25,22.95,30.85,9.24,7.83,140.6,18.56,11.24,58.2,,12.12,8.33,8.25,48.85,6.02,12.46,,6.37,6.34,48,57.2,134.9,63.65,82.8,38.35,22.8,74.75,3.6,3.96,18.88,46.8,,12.56,14.5,124.7,2.79,325.4,26.3,42.65,40.3,2.73,95.75,7.95,,,61.1,261,35.15,85.15,9.27,,22.65,27.35,4.97,287.8,75.6,30.25,,13.82,,,64.75,4.45,18,10.96,69.1,15.64,,157.3,1.67,121.4,4.52,17.92,31.25,5.85,42.8,2.64,67.8,31.65,65.35
14:09:00,26.8,52.85,22.8,34.9,24.7,39.05,10.98,18.24,11.06,15.84,5.77,11.24,17.22,4.27,11.56,32.4,4.78,89.05,118.7,33,40.2,22.95,30.8,9.21,7.81,140.3,18.56,11.24,58.05,,12.12,8.31,8.24,48.7,6.02,12.42,,6.43,6.34,47.95,56.95,134.5,63.75,82.6,,,74.5,3.6,3.96,18.9,46.75,,12.56,14.46,124.6,2.79,325.2,26.25,42.6,40.3,2.73,95.6,7.95,4.6,11.64,61.05,260.6,35.15,85.15,9.26,3.42,22.65,,4.97,287.2,75.45,30.15,42.3,13.82,,6.22,64.7,4.45,18,,69.1,15.62,112.8,157,1.67,121.2,4.53,17.94,31.25,5.85,42.8,2.65,67.8,31.7,65.25
14:10:00,,52.85,22.85,,24.75,39.05,10.98,18.24,11.04,15.8,5.77,11.22,,4.27,11.56,32.4,4.78,88.9,118.8,33,40.2,22.95,30.8,9.22,7.82,140.2,18.56,11.24,58.1,23.75,12.1,8.32,8.23,48.75,6.02,12.44,4.44,6.43,6.34,47.9,57.05,134.6,63.75,82.65,38.4,22.8,74.65,3.6,3.96,18.9,,,12.56,14.46,124.6,2.79,325,26.2,42.55,40.3,2.74,95.55,,4.61,11.64,,260.8,35.1,85.05,9.26,3.42,22.65,27.35,4.96,287.2,75.35,,42.3,13.8,,6.21,64.75,4.45,17.98,10.92,69.1,15.68,112.8,157.1,1.67,121.2,4.53,17.94,31.15,5.85,42.8,2.65,67.85,,65.25
14:11:00,,52.85,22.8,34.9,24.75,39.05,10.98,18.22,,15.78,5.76,11.24,17.2,4.26,11.56,32.45,4.78,88.9,118.8,33,,22.85,30.8,9.22,7.83,140.1,18.52,,58.1,,12.1,8.31,8.23,48.75,6.02,12.44,,6.45,,47.9,56.95,134.5,63.7,82.5,38.4,,74.6,3.59,3.96,18.82,,,12.56,14.46,124.4,2.79,324.8,,42.6,,2.73,95.5,7.95,4.61,,61.05,260.8,35.15,85.05,9.26,,22.7,27.4,4.96,287.2,75.35,30.2,42.25,13.8,12.48,6.21,64.75,4.45,17.98,10.9,69.1,15.62,112.8,157,1.67,121.2,4.53,17.92,31.1,5.86,42.75,2.64,67.85,31.65,65.3
14:12:00,26.8,52.85,22.85,34.9,24.65,39.1,10.98,18.3,,15.78,5.75,11.22,17.22,4.27,11.58,32.4,4.78,88.95,,33,40.2,22.9,,9.22,7.83,140.1,18.52,11.22,58.05,23.8,12.12,8.31,8.23,48.7,,,4.44,6.41,,48.05,56.95,134.5,63.75,82.7,38.4,,74.7,3.59,,18.9,,8.27,12.58,14.48,124.5,2.79,325,26.2,42.6,,2.73,95.55,7.97,4.6,,61.05,260.8,35.2,85.2,9.26,3.42,22.65,27.45,4.97,287.4,75.4,30.2,42.3,13.8,12.48,6.23,64.8,,,10.92,69.1,,112.9,157.2,1.68,121.3,4.52,17.92,31.15,5.85,42.75,2.64,68,,65.3
14:13:00,26.85,52.9,22.85,34.9,24.7,39.1,10.96,18.3,11.06,15.78,5.76,11.22,17.16,4.26,11.56,32.45,4.78,89,118.8,33,,22.95,30.85,9.22,,140.3,18.52,11.24,58.15,23.75,12.12,8.31,8.24,48.8,6.03,12.42,,6.43,6.34,,57.1,134.6,63.8,82.7,38.3,,74.85,3.59,3.95,18.86,46.8,8.26,12.58,14.46,124.5,,325.4,,42.65,,2.72,,7.97,4.61,,,261.6,35.25,85.2,9.27,,22.65,27.4,4.98,287.4,75.45,,42.4,13.82,,,64.8,,,10.92,68.95,,,157.4,1.68,121.3,4.53,17.92,31.05,5.86,,2.65,,,65.4
14:14:00,26.8,52.85,22.8,34.9,24.75,39.05,10.96,18.26,11.04,15.78,5.75,11.2,17.16,4.26,11.58,32.4,4.78,89,118.7,,40.15,22.85,30.8,9.22,7.83,140.2,18.52,11.22,58.2,23.75,12.12,8.31,8.21,48.7,6.04,12.42,,6.42,6.32,48,57.1,134.5,63.7,82.5,,22.7,74.75,3.59,3.95,18.88,46.7,,12.58,14.44,124.3,2.79,325.2,26.2,42.5,40.3,2.73,95.35,7.97,4.61,11.6,61,261,35.1,85.1,9.25,3.43,22.65,27.35,4.97,287.2,75.3,30.15,42.3,13.8,12.46,6.21,64.75,4.45,17.98,10.92,69.2,15.62,112.8,157.2,1.67,121.2,4.52,17.92,31.15,5.87,42.65,,68,,65.4
14:15:00,26.8,52.8,22.8,34.9,24.75,39.05,10.96,18.28,11.08,15.76,5.75,11.2,17.14,4.26,,32.4,4.79,88.95,,33,40.1,22.9,30.75,9.22,7.83,140.1,18.48,11.22,58.15,,12.1,8.31,8.2,48.7,6.02,12.42,4.42,6.45,6.33,47.95,57,134.5,63.7,82.6,38.4,22.7,74.65,3.58,3.95,18.92,46.75,8.27,12.6,14.46,124.4,2.79,324.8,26.2,42.5,40.3,2.73,95.35,7.97,4.61,11.6,60.95,260.4,35.2,85.15,9.26,3.44,22.65,27.35,4.97,287.2,75.2,30.15,42.25,13.8,12.46,6.21,64.65,4.44,17.96,,69.2,,112.7,157.2,1.68,121.3,4.52,17.92,31.15,5.86,42.7,2.64,,,65.35
14:16:00,26.85,52.9,22.8,,24.8,39.15,10.98,,11.06,15.78,,11.2,,4.27,11.58,32.4,4.79,89.05,,33,40.15,22.9,30.8,9.22,7.84,140.4,18.5,11.2,58.35,,12.1,8.31,8.21,48.75,6.01,,4.42,6.44,6.33,48.05,57.15,134.7,63.7,82.7,38.5,,74.8,3.6,3.95,18.98,46.8,,12.62,14.52,124.7,2.79,325.2,26.2,42.55,,2.72,95.4,7.97,4.61,11.6,60.95,260.6,35.1,85.2,9.27,,22.65,27.35,4.98,287.4,75.25,,42.25,13.78,,6.23,64.7,4.45,17.98,10.92,69.2,15.6,112.9,157.4,1.68,121.4,,17.9,31.1,5.86,42.7,2.64,,,65.45
14:17:00,26.95,52.9,22.8,34.95,24.8,39.15,10.96,,,15.78,5.74,11.2,,4.27,,32.5,4.78,89.05,,33,40.2,22.9,30.85,9.23,7.83,140.2,18.48,,58.3,,12.1,8.31,8.22,48.75,6.03,,4.43,6.43,6.34,48.1,57.1,134.7,63.7,,38.5,,74.75,3.6,3.96,18.92,46.8,,,14.54,124.8,2.79,325.4,26.2,,40.3,2.72,95.35,,4.62,,60.9,260.2,35.1,85.2,9.27,3.44,22.65,27.45,4.98,287.6,75.3,,42.3,13.8,12.5,6.22,64.8,4.45,17.98,10.9,,15.6,112.8,157.4,1.68,121.4,,17.9,31.15,5.87,42.7,2.64,68,,65.45
14:18:00,26.95,52.85,22.85,34.9,24.75,39.15,10.98,18.32,11.08,15.76,5.75,11.2,,4.28,,32.5,4.78,89.1,118.8,,,22.95,30.85,9.23,7.83,140.4,18.48,,58.4,23.75,12.12,8.31,8.22,48.75,,12.44,,6.43,6.34,48.1,57.1,134.9,63.75,82.75,38.55,,74.75,3.59,,18.96,,,,14.52,124.9,,325.4,26.2,,,2.72,95.45,7.96,4.62,,60.95,260.8,35.1,85.25,9.26,3.43,22.65,27.4,4.98,287.8,75.25,30.15,42.35,13.78,,6.22,64.75,4.45,17.98,10.92,69.2,15.64,112.9,157.5,1.68,121.5,4.52,17.92,,5.86,42.7,2.64,68.25,31.7,65.45
14:19:00,26.9,52.85,22.85,,24.7,39.15,10.96,18.3,,15.8,5.75,11.22,,4.27,,32.5,4.78,89,118.7,33,,,30.85,9.24,7.84,140.2,18.5,11.22,58.35,,12.1,8.31,,48.75,6.05,,4.42,6.43,,48.1,57.1,134.6,63.75,82.75,,,74.75,3.59,,18.98,46.8,,12.62,14.54,124.7,2.78,325.2,,42.6,,2.73,95.35,7.96,4.62,11.6,,260.6,35.15,85.2,9.27,3.43,22.7,27.4,4.98,287.6,75.35,,,,,6.22,64.7,4.45,,10.92,69.2,15.62,112.9,157.4,1.68,121.4,,17.92,,5.86,42.75,2.64,68.25,,65.35
14:20:00,26.85,52.8,22.85,34.9,24.75,39.1,10.98,18.3,11.06,15.8,,11.2,17.2,4.28,11.58,32.5,4.78,89,,33,40.15,22.95,30.85,9.24,7.85,140.1,18.48,11.22,58.3,23.85,12.1,8.3,8.22,48.75,6.06,12.46,4.43,6.44,,48.05,57,134.7,63.7,82.75,38.55,,74.7,3.59,,19,46.85,8.26,12.6,14.52,124.6,2.79,325,26.2,,40.3,2.73,95.4,7.96,4.61,11.6,60.95,260.2,35.15,85.15,9.27,3.44,22.75,27.35,4.98,287.4,75.5,30.2,42.3,13.78,,6.22,64.75,,17.96,10.92,69.2,15.64,112.9,157.3,1.69,121.3,4.51,17.9,31.3,5.86,42.7,2.64,68.25,31.7,
14:21:00,,,22.85,34.85,24.75,39.1,10.98,18.28,11.1,15.8,5.75,11.24,17.2,4.28,11.58,32.5,4.78,89.05,118.7,33,40.15,22.85,30.8,9.25,7.84,140.2,18.48,,58.35,,12.12,8.3,8.22,48.75,,12.48,4.42,6.47,6.34,48.1,57.1,134.8,63.75,82.7,38.55,,74.75,3.6,3.95,18.98,,,12.6,14.54,124.5,2.79,325,,42.55,40.3,2.72,95.4,7.96,4.61,,,260,35.15,85.2,9.26,3.43,22.75,27.35,4.98,287.6,75.6,,,13.78,,6.21,64.65,4.45,,10.9,69.2,,112.9,157.4,1.68,121.2,4.51,17.9,31.15,5.86,,2.64,68.25,,65.35
14:22:00,26.85,52.8,22.8,34.85,24.7,39.15,10.96,18.28,,15.8,5.74,11.22,17.22,4.28,,32.45,4.78,89.15,,33,,,30.8,9.24,7.84,140.2,18.5,,58.4,23.85,12.1,8.3,8.22,48.75,6.04,12.5,4.43,6.46,6.34,,57.15,134.9,63.75,82.7,38.55,,74.8,3.6,,18.94,,,12.6,14.52,124.8,2.78,324.8,26.2,,,2.73,95.5,,4.61,,,259.8,35.05,85.2,9.27,3.43,,27.35,4.98,287.4,75.55,,42.35,13.8,,,64.65,4.45,17.98,10.9,69.2,,112.9,157.5,1.68,121.5,,17.9,31.2,5.86,42.75,2.64,68.2,31.75,65.35
14:23:00,,52.9,22.85,,24.7,39.15,11,18.32,,15.8,5.74,11.24,17.22,4.27,11.58,32.5,4.78,89.25,,32.95,40.15,22.9,30.8,9.24,7.82,140.5,18.52,11.22,58.45,23.8,12.1,8.31,8.22,48.8,6.04,,4.42,6.47,6.34,,57.25,135.1,63.75,,38.65,,74.8,3.6,,18.94,46.85,8.28,12.58,14.52,125,2.78,325.4,26.2,,,2.72,,7.97,4.61,,,260.4,35.15,85.2,9.28,,22.75,27.4,4.99,288.2,75.55,30.2,42.35,13.78,12.5,6.22,64.7,4.45,,10.9,,15.66,113.1,157.5,1.68,121.7,,17.9,31.3,5.86,,2.64,,31.75,65.45
14:24:00,26.85,52.85,22.85,34.85,24.7,39.15,10.98,18.32,11.04,15.8,5.74,11.22,17.2,4.28,11.56,32.5,4.78,89.2,,33.05,40.1,22.9,30.8,9.23,7.82,140.3,18.5,11.22,58.5,,12.12,8.31,8.21,48.7,,12.5,4.42,6.44,6.33,48.05,57.25,135,63.7,82.6,38.5,22.7,74.75,3.59,3.95,18.94,46.8,8.29,12.58,14.52,124.9,2.79,325,26.15,42.55,40.3,2.72,95.55,7.96,,11.6,60.95,260.2,35.1,85.25,9.27,3.43,22.7,27.4,4.99,288.2,75.5,30.15,42.25,13.8,12.5,6.23,64.6,4.45,17.96,10.92,69.2,15.66,113,157.4,1.68,121.5,4.51,17.9,,5.86,42.7,2.64,,31.75,65.35
14:25:00,26.85,52.9,22.9,34.85,24.7,39.15,11.02,18.28,11.1,15.82,,11.22,17.22,4.28,11.56,32.5,4.77,89.3,,33.1,,,30.8,9.24,,140.5,18.5,,58.6,,12.1,8.31,8.22,48.75,,12.5,4.43,6.44,,,57.2,135.2,63.75,,38.55,,74.75,3.59,,18.96,,8.29,12.62,14.54,125,2.79,325.4,,,,2.72,,7.96,4.6,,61,261.2,35.1,85.25,9.29,3.43,22.75,,5,288.8,75.55,,,13.8,,6.22,64.6,4.45,,10.92,69.15,15.64,113.1,157.7,1.69,121.6,4.52,17.9,,5.86,42.75,2.63,,31.75,65.4
14:26:00,26.8,52.9,22.85,34.9,24.7,39.15,11.02,18.26,11.06,15.8,5.74,11.2,17.2,4.27,11.56,32.5,4.78,89.2,118.7,33.15,40.1,22.95,30.75,9.23,7.82,140.3,18.5,11.22,58.5,23.85,12.1,8.31,8.2,48.75,,12.5,4.42,6.43,6.33,48.05,57.25,135.1,63.7,82.65,,22.7,74.7,3.6,3.95,18.96,46.75,,12.58,14.52,124.7,,325,26.15,42.5,40.3,2.73,95.55,7.96,4.6,11.6,60.9,260.4,35.1,85.25,9.28,3.43,22.7,27.35,5,288.2,75.45,30.1,42.25,13.84,12.5,6.21,64.6,4.45,17.96,10.94,69.2,,113.1,157.5,1.68,121.4,4.52,17.9,31.35,5.86,42.7,2.64,68.2,,65.3
14:27:00,,52.9,22.85,,24.75,39.25,11.02,18.24,,15.84,5.74,11.22,17.22,4.28,,32.45,4.78,89.2,,33.1,40.15,22.95,30.75,9.23,7.82,140.5,18.5,11.24,58.5,23.8,12.08,8.3,8.2,48.7,,,4.41,6.47,,48,57.3,135.2,63.7,82.85,38.5,,74.75,3.6,3.95,18.94,,,12.6,14.5,124.8,2.79,325,26.15,,40.25,2.72,95.65,7.96,4.6,,,260.6,35.15,85.25,9.29,3.43,22.7,27.35,5,288.2,75.45,30.25,,13.84,12.5,6.22,64.6,4.45,17.98,10.96,69.2,15.66,113,157.5,1.68,121.6,4.52,17.9,,5.85,42.75,2.64,68.15,31.75,65.3
14:28:00,26.8,52.9,22.85,34.85,24.75,39.2,11,18.22,,15.8,5.74,11.22,17.22,4.27,,32.45,4.78,89.15,,33.1,40.1,22.95,30.75,9.23,7.82,140.4,18.46,,58.4,,12.08,8.31,8.2,48.75,6.03,12.5,4.42,6.44,6.34,48,57.2,134.9,63.65,,38.75,,74.8,3.6,3.96,18.96,46.75,,,14.5,124.6,2.78,324.8,26.25,42.6,40.3,2.73,,7.96,4.6,,,260.2,35.15,85.2,9.28,3.42,22.75,27.35,4.99,288.6,75.45,30.25,,13.82,,6.21,64.5,,17.98,11,69.2,15.62,112.9,157.3,1.69,121.5,,17.92,,5.85,,2.64,68,31.75,65.3
14:29:00,26.85,52.85,22.85,34.85,24.7,39.2,11,18.22,11.06,15.8,5.74,11.22,,4.27,,32.45,4.78,89.1,118.7,33.1,40.15,22.9,30.75,9.22,,140.3,18.46,11.22,58.3,23.75,12.08,8.31,8.19,48.7,,12.5,4.41,6.42,6.33,48,57.15,134.7,63.6,82.65,38.6,22.7,74.75,3.59,3.96,18.96,46.75,,,14.54,124.6,2.79,325,,42.55,,2.72,95.5,7.96,4.61,,,259.8,35.15,85.15,9.27,3.43,22.75,27.35,4.98,288.2,75.35,,,13.84,,6.22,64.4,4.44,17.98,11.02,69.2,15.62,112.9,157.2,1.68,121.5,,17.9,31.35,5.85,42.7,,,31.75,65.35
14:30:00,26.8,52.85,22.85,34.85,24.7,39.15,11,18.26,,15.8,5.74,11.22,17.2,4.28,11.58,32.4,4.78,89,118.7,33.05,40.05,22.9,30.7,,7.82,140.1,18.48,11.22,58.3,23.75,12.08,8.31,8.17,48.65,,12.5,,6.49,6.32,47.95,57.1,134.9,63.6,82.65,38.75,22.7,74.7,3.6,3.95,18.94,46.7,,12.6,14.58,124.5,2.79,325,26.3,42.55,40.25,2.72,95.5,7.97,4.61,11.6,60.9,259.8,35.1,85.15,9.27,3.43,22.7,27.35,4.98,288.2,75.35,30.15,42.25,13.82,,6.2,64.45,4.43,17.98,11.08,69.2,,113,157.2,1.68,121.5,4.52,17.92,,5.85,42.75,2.64,68,31.75,65.3
14:31:00,26.8,52.75,22.8,34.85,24.65,39.1,10.98,18.22,11.02,15.78,5.73,11.18,17.18,4.27,11.56,32.45,4.78,88.9,118.7,33.05,40.05,22.9,30.65,9.25,7.81,139.9,18.5,11.22,58.35,,12.08,8.29,8.15,48.6,,12.48,4.41,6.42,6.32,47.9,56.95,134.8,63.55,82.5,38.8,22.65,74.55,3.58,3.94,18.96,46.7,8.28,12.58,14.52,124.4,2.78,324.6,26.35,42.5,40.25,2.73,95.25,7.96,4.62,11.58,60.85,259,35.1,85.15,9.27,3.43,22.7,27.35,4.97,287.8,75.2,30.1,42.2,,12.46,6.21,64.5,4.44,17.98,11.06,69.1,15.58,112.6,156.9,1.68,121.2,4.5,17.88,31.3,5.85,42.6,2.64,,31.7,65.3
14:32:00,26.8,52.8,22.85,34.85,24.7,39.15,10.98,18.22,11.04,15.8,5.73,11.2,,4.27,11.56,32.4,4.78,89,118.7,33.1,,22.8,30.7,9.26,7.82,140.1,18.48,11.24,58.35,23.7,12.08,8.31,8.16,48.65,6,12.48,,6.41,,47.9,57.05,134.8,63.65,82.45,38.75,,74.65,3.59,,18.92,,8.28,12.58,14.54,124.5,2.78,325,26.4,42.45,,2.72,95.35,7.96,4.62,,60.9,259.6,35.15,85.15,9.27,3.42,22.7,27.3,4.98,288,75.3,30.15,42.25,13.82,,6.21,64.55,4.44,17.98,11.02,69.15,15.58,112.6,157.3,1.68,121.1,4.51,17.88,31.3,5.85,42.55,2.64,,31.65,65.3
14:33:00,,52.8,22.8,,24.7,39.15,10.98,18.24,11.06,15.8,5.73,11.22,17.22,4.26,11.56,32.45,4.78,89.05,,33.1,40.1,22.85,30.7,9.27,7.82,140.3,18.48,,58.45,,12.08,8.31,8.16,48.75,6,,,6.43,6.33,47.95,56.95,135.2,63.6,82.7,38.75,,74.7,3.59,3.95,18.94,46.75,,,14.56,124.6,2.78,325.2,26.4,,,2.72,,,4.61,,,259.4,35.1,85.15,9.28,3.42,22.75,27.35,4.97,288.4,75.35,,,13.82,,6.2,64.5,4.44,,11.02,69.15,15.58,112.7,157.4,1.68,121.2,,17.88,31.1,5.85,42.65,2.64,,,65.35
14:34:00,26.8,52.85,22.85,34.8,24.65,39.15,10.98,18.24,11.06,15.8,,11.22,,4.27,,,4.78,89.05,118.7,33.1,40.1,,30.75,9.25,,140.4,18.56,,58.55,,12.08,8.3,8.16,48.75,6,12.48,,6.43,,48,57,135.2,63.6,82.55,38.75,22.65,74.7,3.59,,18.94,,,12.6,14.6,124.7,2.78,325,26.45,42.45,40.25,2.72,95.35,7.96,4.62,11.6,,260,35.15,85.3,9.28,,22.7,27.35,,288.4,75.4,,,,12.46,6.2,64.5,,,11.02,69.15,15.58,,157.3,1.69,121,4.52,17.88,31.3,5.85,42.65,2.64,67.9,,65.45
14:35:00,,52.85,22.85,34.9,24.65,39.15,10.98,18.22,11.02,15.82,5.74,11.24,,4.27,11.58,32.5,4.78,89.15,118.7,33.1,,22.9,30.8,9.26,,140.4,18.56,,58.55,,12.12,8.3,8.17,48.7,6,12.48,4.42,6.43,6.33,48,57.1,135,63.6,82.65,38.75,,74.8,3.58,,18.92,46.75,,,14.62,124.7,2.78,325,,42.5,40.25,2.72,,7.96,4.62,,,260,35.1,85.2,9.28,3.42,22.7,27.4,4.99,288.6,75.45,30.2,42.35,13.82,,6.2,64.45,4.44,,11.02,69.1,15.58,,157.4,1.68,121,4.52,17.88,,5.85,42.7,2.64,67.95,31.75,65.45
14:36:00,,52.95,22.85,,24.7,39.15,10.98,18.2,11.02,15.84,5.74,11.24,,4.27,11.58,32.5,4.78,89.25,,33.1,,,,9.26,7.83,140.6,18.58,,58.65,,12.08,8.3,8.18,48.8,6,12.5,4.42,6.42,6.33,48.05,57.15,135.2,63.65,82.7,38.75,,74.9,3.59,3.95,18.94,,8.28,,14.6,124.9,2.78,325,26.4,,40.25,2.73,95.4,7.96,4.62,,60.9,260,35.1,85.2,9.29,,22.75,27.45,4.99,289,75.45,,,13.82,,6.21,64.55,4.44,17.96,11.04,69.15,,112.8,157.5,1.69,121.4,4.52,17.88,31.35,5.85,42.7,2.63,67.85,,65.4
14:37:00,26.8,52.95,22.9,,24.7,39.15,11,18.2,11.04,15.84,5.75,11.24,,4.27,11.58,32.5,4.78,89.15,118.8,33.1,,22.85,30.75,9.27,7.83,140.4,18.58,11.24,58.6,,12.08,8.31,8.18,48.7,,12.5,,6.43,6.33,,57.15,135.2,63.6,82.7,38.65,22.7,74.85,3.59,,18.9,,8.27,12.58,14.6,124.8,2.78,325,,,,2.72,95.35,7.96,4.62,11.6,60.95,,35.1,85.2,9.29,3.42,22.75,27.4,4.99,288.8,75.5,,42.4,13.84,,6.21,64.5,4.44,17.96,11,69.15,15.56,112.8,157.4,1.68,121.4,4.52,17.9,31.15,5.85,42.7,2.64,67.9,,65.45
14:38:00,26.8,52.95,22.85,34.9,24.65,39.15,11,18.18,11.04,15.8,5.75,11.24,17.22,4.28,11.56,32.5,4.78,89.1,118.8,33.1,40.1,,30.75,9.27,,140.2,18.56,,58.5,23.75,12.08,8.31,8.17,48.7,5.99,12.5,4.41,6.42,6.33,48,57,135.1,63.6,82.7,38.7,22.65,74.75,3.59,3.96,18.92,46.75,,,14.6,124.5,2.78,325,26.45,,40.25,2.73,95.3,7.97,4.62,11.6,60.8,259.4,35.1,85.15,9.28,3.43,22.75,,4.99,288.8,75.4,,,,,6.2,64.45,4.44,,11,69.15,15.56,112.7,157.4,1.69,121.3,4.52,17.88,,5.85,42.7,2.64,68,,65.4
14:39:00,26.75,52.85,22.75,34.85,24.7,39,10.98,18.18,11.04,15.78,5.75,11.18,17.18,4.27,11.54,32.45,4.78,88.85,118.7,33.1,40.1,22.85,30.65,9.25,7.81,139.9,18.52,11.18,58.35,,12.08,8.3,8.17,48.65,6,12.48,,6.41,6.32,47.95,56.95,134.9,63.55,82.65,38.7,22.65,74.5,3.59,3.96,18.9,46.75,8.27,12.58,14.54,124.3,2.78,324.6,26.4,42.45,,2.73,95.2,7.96,4.62,,60.7,259.4,35,84.95,9.26,,22.75,27.35,4.98,288.2,75.35,30.15,42.25,13.8,,6.2,64.3,4.43,17.94,11,69.15,15.52,112.7,157.2,1.68,121.1,4.51,17.9,31.15,5.85,42.6,2.63,68,31.7,65.35
14:40:00,26.8,52.85,22.85,34.85,24.65,39,10.98,18.2,,,5.75,11.18,,4.27,,32.5,4.78,89.05,118.7,33.1,40.1,22.85,30.6,9.25,7.81,140.3,18.52,11.18,58.35,,12.06,8.3,8.17,48.7,,12.48,4.42,6.41,,48,56.95,135,63.6,82.75,,22.65,74.65,3.58,,18.9,46.7,8.27,12.6,14.54,124.4,2.78,325,26.45,42.45,,2.73,95.25,7.95,4.6,,60.8,259.2,35,84.95,9.28,3.43,,27.35,4.98,288.6,75.35,,42.25,13.84,,6.2,64.45,4.43,,10.98,69.3,15.5,,157.4,1.68,121.3,4.51,17.86,,5.85,42.65,2.63,,,65.4
14:41:00,26.8,52.85,22.8,34.9,24.6,39.05,10.98,18.2,11,15.78,,11.18,17.18,4.27,11.54,32.5,4.78,89,,33.1,,22.85,30.7,,7.82,140.1,18.52,11.18,58.35,,12.08,8.3,8.18,48.6,6,12.48,,6.43,6.33,48.1,56.95,135,63.55,82.7,38.75,,74.65,3.59,3.96,18.92,,,12.6,14.56,124.5,2.79,325,,42.45,40.3,2.72,95.25,7.94,4.61,,60.8,259,35.1,84.95,9.26,3.43,22.75,,4.98,288.6,75.4,,,13.8,,6.21,64.4,4.43,,10.98,69.3,15.54,,157.3,1.68,121.2,4.51,17.86,,5.85,42.6,2.63,67.9,31.65,65.35
14:42:00,26.8,52.85,22.8,34.9,24.65,39,10.98,18.18,11.02,15.78,5.73,11.18,,4.27,11.54,32.45,4.78,89,,33.1,40.1,22.85,30.65,9.26,,140.1,18.5,,58.4,,12.08,8.29,8.18,48.7,6,12.48,,6.43,6.32,48.05,57,135,63.6,82.7,38.7,22.65,74.65,3.59,,18.92,46.75,,,14.56,124.4,2.79,325,26.4,42.45,40.3,2.73,95.25,7.94,4.61,,60.85,259,35.15,85,9.27,3.43,22.75,27.35,,288.2,75.35,,42.25,13.8,,6.2,64.3,4.43,,10.98,69.3,,112.6,157.3,1.68,121.2,4.51,17.86,31.15,5.85,,2.62,67.95,31.65,65.4
14:43:00,26.75,52.85,22.8,,24.65,39,10.98,18.16,11.02,15.8,5.73,11.18,17.18,4.27,11.54,32.45,4.78,88.9,,33.1,40.1,22.85,,9.26,7.81,139.9,18.52,11.18,58.3,23.75,12.1,8.3,8.16,48.7,,12.48,4.42,6.41,,48.05,57,134.9,63.55,82.7,38.75,,74.65,3.59,3.95,18.92,46.75,,12.58,14.6,124.2,2.78,324.4,26.45,42.4,,2.73,95.2,7.96,4.6,11.6,60.75,259,35.15,84.9,9.26,3.43,22.7,27.35,,288.2,75.3,30.15,,13.82,,6.2,64.3,4.43,,10.98,69.3,15.54,112.4,157.2,1.68,121.2,4.51,17.86,30.95,5.85,42.6,,67.7,,65.4
14:44:00,26.8,52.75,22.7,34.9,24.6,38.9,10.98,18.16,11.02,15.78,5.74,11.18,17.18,4.27,11.52,32.45,4.78,88.8,118.8,33.1,40.1,22.8,30.6,9.26,7.8,139.8,18.52,11.18,58.2,23.75,12.08,8.3,8.16,48.65,6,12.46,4.42,6.42,6.32,48,56.95,134.9,63.55,82.55,38.65,22.65,74.6,3.58,3.94,18.9,,8.27,12.58,14.56,124.2,2.78,324.4,26.4,42.35,40.3,2.72,95.15,7.97,4.62,11.64,60.75,258.6,35.05,84.9,9.26,3.41,22.7,27.35,4.97,287.8,75.25,30.15,42.25,13.8,12.42,6.19,64.3,,17.94,10.98,69.1,15.56,112.5,157,1.67,121.3,4.51,17.86,31.15,5.85,42.55,2.63,,,65.4
14:45:00,26.8,52.75,22.75,34.9,24.6,38.95,10.96,18.16,11,15.8,5.73,11.16,17.18,4.27,11.52,32.45,4.77,88.9,118.8,33.05,,22.85,30.6,9.26,7.8,139.9,18.52,11.18,58.2,23.75,12.08,8.3,8.16,48.65,5.99,12.46,,6.41,6.33,48,57,134.9,63.55,82.55,,,74.7,3.58,,18.9,46.75,8.26,12.58,,124.3,2.78,324.2,26.45,42.35,40.35,2.72,95.15,7.97,4.62,,60.85,258.4,35,84.85,9.27,3.41,22.7,27.35,4.98,287.8,75.25,30.15,42.2,13.8,12.42,6.19,64.25,,17.94,10.98,69.2,15.56,112.5,157,1.67,121.3,4.51,17.86,30.95,5.85,42.55,2.63,67.7,31.7,65.4
14:46:00,,52.8,22.7,34.9,24.55,39,10.96,18.14,11.02,15.8,5.73,11.16,17.18,4.27,11.52,32.5,4.77,88.9,,33.05,40.1,22.85,30.65,9.25,7.81,140.2,18.52,11.16,58.25,23.7,12.1,8.3,8.16,48.65,6,12.46,4.42,6.42,6.33,47.95,57.05,135,63.6,82.55,38.8,22.65,74.75,3.59,3.95,18.94,46.7,,12.58,14.58,124.4,,324.6,26.45,,,2.73,,,4.62,11.62,60.8,258.4,35.1,84.9,,3.41,,27.4,4.98,287.8,75.35,,42.25,13.82,12.44,6.2,64.35,4.43,17.92,10.96,69.3,15.58,,157.2,1.68,121.3,4.5,17.9,31,5.85,42.55,2.63,67.8,31.65,65.45
14:47:00,26.8,52.75,22.75,34.9,24.55,39.05,11,18.16,,15.8,5.74,11.18,,4.27,11.52,32.5,4.77,89,118.7,33.05,,22.8,30.7,9.25,7.82,140.2,18.52,,58.25,,12.08,8.3,8.18,48.7,6,12.44,4.4,6.41,6.34,48,57.05,135.2,63.6,82.55,,,74.9,3.58,3.95,18.94,46.75,8.27,12.6,14.6,124.4,2.78,324.6,,,40.3,2.72,95.2,7.95,4.62,,,259.2,35.1,85,9.27,3.41,22.7,,,288,75.4,,42.25,13.82,,6.2,64.3,4.43,17.96,10.96,69.3,15.6,112.4,157.3,1.68,121.4,4.51,17.9,,5.85,42.6,2.63,67.75,31.65,65.45
14:48:00,26.8,52.75,22.75,34.85,24.55,39.05,10.98,18.14,11.02,15.8,5.75,11.2,17.2,4.27,11.5,32.45,4.77,88.9,118.8,33.1,40.1,22.8,30.7,9.25,7.81,140,18.52,11.16,58.3,,12.08,8.3,8.18,48.7,6.06,12.44,4.42,6.41,6.33,47.95,57.05,135,63.55,82.5,38.65,22.6,74.9,3.58,3.94,18.96,46.75,8.27,12.58,14.56,124.4,,324.4,26.4,42.35,40.3,2.72,95.15,7.97,4.62,11.6,60.75,259.2,35.1,84.95,9.27,3.42,22.7,27.4,4.98,288,75.4,30.15,42.2,13.82,12.44,6.2,64.35,,17.92,10.96,69.25,,112.4,157.3,1.67,121.3,4.51,17.9,31.15,5.85,42.65,2.62,67.5,,65.5
14:49:00,26.8,52.8,22.8,34.85,24.6,39.05,10.98,18.16,11.02,15.82,5.76,11.16,,4.27,11.5,32.45,4.77,89.05,118.9,33.1,,22.85,,9.25,,140.3,18.54,,58.35,23.7,12.08,8.3,8.18,48.75,6.13,12.48,,6.44,6.33,48.05,57.15,135.1,63.5,82.6,38.75,,74.85,3.59,3.94,18.94,46.75,,,14.58,124.5,,324.6,,,,2.72,95.1,7.97,4.62,,60.8,259,35.2,84.95,9.27,3.42,22.7,,4.99,288,75.45,,42.25,13.82,,6.2,64.35,4.43,,,69.3,15.62,112.4,157.3,1.68,121.4,,17.9,31.2,5.85,42.65,2.63,67.9,31.7,65.5
14:50:00,26.85,52.8,22.8,34.85,24.65,39.1,10.98,18.16,,15.86,5.76,11.2,17.22,4.27,11.52,32.55,4.78,89.05,,33.1,,22.85,30.75,9.25,7.82,140.2,18.54,11.18,58.45,23.7,12.08,8.3,8.18,48.8,6.1,,4.42,6.44,,48.1,57.25,135.3,63.6,,38.7,22.65,74.9,3.59,3.94,18.98,46.75,,12.6,14.58,124.5,2.77,325,26.45,,40.3,2.73,,7.96,4.62,,,259.2,35.2,85.2,9.28,3.42,22.65,27.4,5,288,75.45,30.15,,13.86,12.5,6.21,64.35,4.43,,10.96,69.3,15.62,112.4,157.5,1.69,121.5,4.51,17.88,31.25,5.85,42.7,,67.85,31.75,65.5
14:51:00,26.9,52.75,,34.85,24.65,39.1,10.98,18.16,,15.84,5.77,11.18,,4.27,11.52,32.55,4.78,89.1,118.9,33.1,40.1,22.8,30.8,9.25,7.83,140.2,18.54,11.18,58.4,23.7,12.1,8.3,8.19,48.75,6.1,,,6.42,6.33,48.1,57.25,135.2,63.6,82.85,38.75,,74.95,3.59,3.95,19.02,46.7,8.27,12.58,14.64,124.5,2.77,324.8,,42.45,40.3,2.73,95.2,7.96,4.62,,,259.2,35.3,85.2,9.27,,22.65,,4.99,288.2,75.4,,,,12.5,6.21,64.35,4.44,,10.96,69.35,,112.5,157.4,1.68,121.5,4.51,17.88,31.3,5.86,42.7,2.62,,,65.6
14:52:00,26.9,52.75,22.8,34.85,24.6,39.1,11,18.18,,15.84,5.76,11.18,17.22,4.27,,32.55,4.78,89.1,118.8,33.1,40.15,22.8,30.8,,,140.3,18.52,,58.35,23.7,12.12,8.3,8.19,48.85,6.09,12.46,,6.42,6.34,48.1,57.15,135.3,63.6,,38.75,,74.95,3.59,3.95,19.04,,,,14.64,124.5,,325,26.45,42.5,40.3,2.73,95.3,7.96,4.6,11.6,60.9,259,35.3,85.2,9.27,,22.65,,5,288.2,75.4,,42.25,,,6.22,64.35,,17.96,10.98,,15.62,112.5,157.4,1.68,121.6,,17.88,31.3,5.87,42.65,2.63,,,65.6
14:53:00,,52.75,22.75,34.85,24.7,39.1,10.98,18.16,,15.86,5.76,11.18,17.22,4.27,11.52,32.5,4.78,89.1,,33.15,40.2,22.8,,9.26,7.83,140.4,18.52,,58.35,23.7,12.1,8.3,8.19,48.85,6.07,,,6.42,6.33,48.05,57.1,135.3,63.55,82.85,38.75,,74.95,3.58,,19.06,46.75,,,14.64,124.5,2.77,324.6,26.45,42.45,,2.73,95.3,7.97,4.61,,60.95,259.2,35.2,85.2,9.28,3.42,22.7,27.35,4.99,288.2,75.55,30.2,42.25,13.86,,6.22,64.4,4.44,17.96,10.96,69.35,15.62,,157.5,1.68,121.6,4.52,17.9,31.35,5.85,42.7,2.63,67.95,31.75,65.6
14:54:00,26.85,52.8,22.75,34.85,24.7,39.1,11.02,18.16,,15.82,5.76,11.2,17.24,4.27,11.52,32.55,4.77,89,,33.1,40.1,22.85,30.75,9.26,7.82,140.3,18.52,,58.35,,12.1,8.31,8.19,48.8,6.06,12.46,4.42,6.42,6.33,,57.3,135.2,63.55,82.85,38.75,22.65,74.8,3.59,3.95,19.08,46.7,8.27,12.6,14.64,124.7,2.77,325,26.45,42.45,40.3,2.73,95.3,7.96,4.62,,60.9,259.2,35.25,85.3,9.27,3.42,22.65,27.35,5,288.2,75.6,,42.3,,,6.21,64.4,4.44,17.98,10.94,69.35,15.64,112.5,157.5,1.68,121.7,4.51,17.9,31.15,5.85,42.7,2.63,,31.8,65.65
14:55:00,26.9,52.8,22.8,34.9,24.7,39.1,11.02,18.2,,15.84,5.77,11.18,17.24,4.27,11.5,32.55,4.77,89.05,,33.1,40.15,22.8,30.8,9.26,7.83,140.4,18.52,11.18,58.4,23.65,12.1,8.31,8.19,48.85,6.07,,,6.44,,48.1,57.35,135.3,63.55,,38.75,,74.9,3.59,,19.1,46.8,,12.6,14.68,124.6,,325,26.5,42.5,40.35,2.73,95.4,7.96,4.61,,60.95,259.4,35.2,85.35,9.28,3.42,22.65,27.45,4.99,288.2,75.7,,42.3,13.84,,6.21,64.35,4.44,17.98,10.94,69.35,,,157.5,1.68,121.7,4.51,17.88,31.15,5.85,,2.63,,31.8,65.7
14:56:00,26.85,52.8,22.8,35,24.75,39.1,11,18.16,,15.84,5.77,11.2,17.26,4.27,11.52,32.5,4.77,89.05,,33.1,40.2,22.8,30.8,9.26,7.83,140.3,18.52,11.18,58.35,23.65,12.1,8.31,8.19,48.8,6.07,,4.41,6.44,6.33,48.15,57.45,135.2,63.65,82.85,38.75,22.7,74.9,3.58,3.95,19.1,46.8,8.27,12.6,14.7,124.7,2.77,325,26.5,42.45,40.4,2.72,,7.96,,,61.05,259.2,35.25,85.2,9.27,3.42,22.65,,5,288.2,75.75,,42.3,13.9,12.46,6.22,64.4,4.44,17.98,,69.35,15.64,112.6,157.4,1.69,121.6,4.51,17.88,,5.85,42.7,2.63,68.1,31.8,65.7
14:57:00,,52.8,22.8,35.05,24.75,39.1,11.02,18.16,11.02,15.84,5.77,11.2,17.26,4.27,11.52,32.5,4.77,89,,33.1,,22.85,30.75,9.27,,140.3,18.52,11.18,58.35,23.65,12.1,8.31,8.19,48.75,6.07,12.46,4.42,6.44,6.33,48.15,57.45,135.1,63.65,82.9,38.75,,,3.58,3.95,19.04,46.75,8.27,12.58,14.66,124.7,,324.8,26.45,,,2.72,,7.97,,,61.05,259.6,,85.2,9.27,3.42,22.65,27.4,4.99,288.4,75.65,,,,12.44,6.21,64.35,4.44,17.98,10.96,69.45,,,,1.68,121.7,4.52,17.88,31.15,5.85,,2.62,68.2,,65.7
14:58:00,26.85,52.8,22.75,34.95,24.7,39.1,11.02,18.18,11.02,15.84,5.77,11.2,17.26,4.27,11.52,32.5,4.78,89.05,118.9,33.15,40.1,22.9,30.7,9.27,7.83,140.3,18.52,11.18,58.35,23.65,12.1,8.31,8.19,48.8,6.08,12.44,4.41,6.45,6.33,48.1,57.3,135,63.65,82.85,38.75,22.65,74.9,3.58,3.95,19.06,46.8,,12.58,14.66,124.6,2.77,324.8,26.4,42.45,40.35,2.73,95.35,7.97,4.62,11.6,61,259.6,35.3,85.15,9.28,3.42,22.65,27.4,5,288.2,75.65,30.15,42.3,13.86,12.44,6.21,64.35,4.44,17.96,10.94,69.45,15.66,112.5,157.3,1.68,121.7,4.52,17.9,31.15,5.85,42.7,2.63,68.05,31.8,65.7
14:59:00,26.85,52.8,22.8,35,24.65,39.15,11.04,18.2,11.02,15.82,5.77,11.22,17.24,4.27,11.52,32.5,4.78,89.1,118.9,33.1,,22.9,30.75,9.27,7.82,140.4,18.54,11.2,58.35,23.65,12.1,8.32,8.19,48.8,,12.46,4.41,6.43,6.33,,57.35,135.2,63.6,,38.75,,74.95,3.59,3.95,19.04,46.8,,12.6,14.66,124.7,2.78,325,26.5,42.45,,2.73,95.35,7.97,4.61,,60.9,259.6,35.3,85.25,9.27,3.43,22.65,27.4,5,288.4,75.6,,42.3,13.86,,6.21,64.45,4.44,17.98,10.96,69.45,15.68,112.6,157.6,1.69,121.8,4.52,17.9,31.3,5.86,42.7,2.63,,31.8,65.75
15:00:00,26.85,52.8,22.8,35,24.7,39.15,11.04,18.22,11.04,15.84,5.77,11.22,17.22,4.27,,32.55,4.78,89.15,,33.1,40.15,22.9,30.8,9.27,7.83,140.3,18.52,,58.35,23.65,12.08,8.32,8.19,48.75,6.08,12.48,4.41,6.43,6.33,48.15,57.3,135.2,63.6,82.95,38.7,,75,3.59,3.96,19,46.8,8.27,12.58,14.72,124.7,2.77,325,26.55,42.45,40.4,2.72,95.4,7.97,4.61,11.62,,260,35.3,85.15,9.28,3.42,22.65,,5,288.6,75.6,30.2,42.3,13.9,,6.22,64.45,4.44,17.98,10.94,69.4,15.68,112.5,157.6,1.68,121.7,4.53,17.9,,5.86,42.75,2.62,,,65.75
15:01:00,26.85,52.85,22.8,35,24.75,39.15,11.02,18.24,11.06,15.86,5.77,11.22,17.22,4.27,11.52,32.55,4.78,89.15,119.3,33.1,40.1,22.9,30.8,9.26,7.83,140.5,18.56,,58.4,23.65,12.1,8.32,8.2,48.8,6.08,12.48,4.41,6.44,6.33,48.15,57.55,135.4,63.7,83.05,38.65,22.7,75.25,3.6,,19.06,46.8,,12.62,14.72,124.8,,325.2,26.55,42.5,40.4,2.72,95.5,7.96,4.62,11.62,61,260.4,35.25,85.25,9.3,3.42,22.7,27.4,5,288.6,75.75,,42.4,,12.44,6.22,64.45,4.44,17.98,,69.6,15.7,112.6,157.7,1.69,121.8,4.51,17.88,31.3,5.86,42.8,2.63,68.15,31.75,65.8
15:02:00,,52.9,22.85,,24.7,39.2,11.04,18.24,11.06,15.86,5.77,11.2,,4.27,11.52,32.65,4.78,89.25,,33.1,40.1,22.95,30.8,9.26,,140.6,18.56,,58.4,,12.1,8.32,8.2,48.7,6.04,12.48,4.42,6.45,6.33,48.2,57.5,135.4,63.6,83.1,38.65,22.75,75.2,3.6,3.95,19.08,46.9,,12.6,14.72,124.8,2.79,325,26.55,42.55,40.45,2.73,95.5,7.97,4.62,,61,260.4,35.25,85.25,,3.42,22.7,27.45,5.01,288.6,75.7,,,13.86,12.44,6.23,64.45,4.44,17.98,,,15.7,112.7,157.7,1.68,121.9,4.51,17.88,,5.86,42.85,2.64,,31.85,65.95
15:03:00,,52.85,22.85,,24.75,39.2,11.04,,11.06,15.84,5.78,11.2,,4.28,11.52,32.6,4.78,89.3,,33.1,40.2,23,30.8,9.29,7.83,140.6,18.56,,58.4,23.65,12.1,8.31,8.2,48.75,,12.5,,6.43,,48.2,57.65,135.3,63.65,,,,75.15,3.6,3.95,19.06,46.9,,12.62,14.7,124.9,,325,,42.6,,2.72,,7.97,4.61,,,260.6,35.3,85.25,9.31,3.42,22.7,27.45,5.01,288.6,75.65,,,13.88,12.46,6.22,64.45,4.45,17.98,10.96,69.75,,,157.7,1.69,122,4.52,17.88,31.2,5.86,42.85,2.64,68,31.85,66
15:04:00,26.95,52.85,22.85,35.05,24.75,39.25,11.04,18.24,,15.84,5.77,11.2,17.24,,,32.6,4.78,89.25,,33.15,,22.9,30.85,9.29,7.83,140.7,18.58,,58.4,23.7,12.1,8.32,8.2,48.75,,12.5,,6.44,,48.25,57.65,135.3,63.6,83.1,38.7,22.8,75.05,3.6,3.96,19.04,46.9,,12.62,14.72,124.8,,325,26.5,42.65,,2.72,95.6,,4.61,,61.05,260.6,35.3,85.2,9.31,3.42,22.75,,5.01,288.8,75.65,,42.45,,12.48,6.22,64.5,4.45,17.98,10.96,,15.7,112.7,157.7,1.69,121.8,4.52,17.88,31.1,5.86,42.9,2.64,68.1,31.85,66
15:05:00,26.9,52.9,22.85,35.05,24.65,39.2,11.02,18.22,11.06,15.88,5.77,11.2,17.22,4.28,11.54,32.55,4.78,89.25,119.3,33.15,,22.9,30.8,9.3,,140.6,18.56,11.22,58.45,23.65,12.1,8.32,8.2,48.8,,,,6.44,6.34,48.2,57.7,135.3,63.65,83.15,38.7,,75.1,3.59,3.95,19.02,46.9,,12.6,14.72,124.9,2.79,325,26.5,42.65,40.45,2.73,,7.96,4.61,,61.05,260.8,35.4,85.2,9.31,3.43,22.7,27.45,5.01,289,75.65,,,13.88,,6.22,64.45,4.44,17.98,10.96,69.75,,112.8,157.6,1.68,121.9,,17.86,31.3,5.86,42.9,2.64,68.05,31.85,66
15:06:00,,52.85,22.8,,24.65,39.25,11.02,18.22,11.06,15.86,5.77,11.22,17.22,4.27,11.54,32.6,4.78,89.3,119.1,33.15,,22.9,30.85,9.31,7.84,140.6,18.56,,58.4,23.65,12.1,8.31,8.2,48.8,6.01,,,6.41,6.33,,57.75,135.4,63.65,83.1,38.7,,75.05,3.6,3.96,19.06,46.8,8.27,12.62,14.72,124.8,2.76,324.8,26.5,42.65,,2.73,95.6,7.97,4.6,11.64,,260.8,35.4,85.25,9.32,3.42,22.7,27.4,5.02,288.8,75.65,,,13.9,12.48,6.22,64.5,4.45,17.98,,69.65,,112.7,157.5,1.69,121.9,4.52,17.86,,5.86,42.95,2.64,68,,65.95
15:07:00,,52.9,22.8,35,24.65,39.2,11.02,18.18,,15.82,5.77,11.2,17.18,4.28,11.54,32.55,4.78,89.2,119.2,33.15,40.15,22.9,30.75,9.31,7.83,140.7,18.56,11.2,58.25,,12.08,8.3,8.19,48.75,6.02,12.48,4.4,6.4,,48.15,57.8,135.3,63.6,83.15,38.6,,75,3.6,3.96,19.02,,,12.62,14.7,124.7,2.76,324.6,26.5,42.6,,2.73,95.6,7.97,4.58,,61.05,260.6,35.3,85.25,9.31,3.42,22.7,27.45,5.01,289,75.6,30.15,42.45,13.88,12.46,6.23,64.45,4.44,17.98,,69.6,15.66,112.7,157.5,1.68,121.7,4.52,17.86,31.4,5.86,42.85,2.64,,31.9,65.95
15:08:00,26.9,52.95,22.8,,24.65,39.25,11.02,18.22,11.06,15.82,5.76,11.2,17.18,4.28,11.52,32.6,4.78,89.2,,33.15,,22.9,30.75,9.3,7.83,140.7,18.56,11.2,58.4,23.7,12.08,8.3,8.17,48.75,6.03,12.48,4.4,6.42,6.33,,57.65,135.3,63.7,83.1,,22.75,75.05,3.6,3.95,19,46.85,,12.6,14.7,124.6,2.77,324.8,26.45,42.65,,2.73,95.6,7.97,4.59,,61.1,260.6,35.3,85.25,9.3,3.42,22.7,27.45,5.02,289.2,75.7,30.15,,13.88,,6.22,64.4,4.44,17.98,10.96,,15.68,112.8,157.5,1.69,121.8,,17.86,,5.85,42.85,2.64,68,31.85,65.85
15:09:00,,52.95,22.75,,24.6,39.25,11.02,18.2,,15.8,5.76,11.22,17.18,4.28,,32.55,4.78,89.2,119.1,33.1,40.15,22.9,30.75,9.32,7.83,140.7,18.56,11.2,58.35,,12.08,8.31,8.17,48.8,6.02,,4.42,6.41,6.33,48.05,57.7,135.3,63.65,83.15,38.6,22.8,75.1,3.6,,19,46.85,,12.62,14.68,124.6,,324.8,26.5,42.6,,2.72,95.55,7.97,4.62,11.6,61.05,260.4,35.3,85.25,9.32,3.42,22.75,27.45,5.01,288.8,75.6,30.15,,13.86,,6.22,64.35,4.44,17.98,10.96,69.5,15.66,,157.4,1.69,121.7,4.52,17.86,31.2,5.85,42.85,2.64,,31.85,65.85
15:10:00,26.9,52.9,22.75,35.05,24.65,39.25,11.02,,,15.8,5.77,11.2,17.18,4.28,11.52,32.6,4.78,89.15,119.2,33.1,40.2,22.9,30.75,9.33,7.84,140.7,18.56,,58.35,23.65,12.1,8.32,8.18,48.75,,12.48,,6.4,6.33,48.1,57.75,135.4,63.7,83.15,38.5,,75.1,3.59,,19.04,46.85,8.27,12.62,14.66,124.6,2.77,324.8,26.45,42.6,,2.72,95.55,7.98,4.6,,,260.4,35.3,85.25,9.33,3.42,22.7,27.5,5.01,289,75.65,,42.5,13.86,,6.22,64.4,4.44,17.98,,,15.64,112.8,157.5,1.68,121.8,4.52,17.86,31.4,5.84,42.85,2.64,67.95,,65.9
15:11:00,26.95,52.95,22.75,,24.65,39.3,11.04,18.22,,15.82,5.76,11.2,17.16,4.28,11.54,32.55,4.78,89.2,119.1,33.05,,22.9,30.8,9.36,7.84,141.1,18.56,11.2,58.4,23.65,12.08,8.31,8.19,48.75,6.01,12.48,,6.4,6.34,48.05,57.85,135.5,63.7,83.25,,,75.1,3.6,3.95,19,,8.27,12.62,14.68,124.5,,325,26.45,42.6,40.45,2.73,95.65,7.98,4.6,11.62,61.15,260.2,35.3,85.25,9.34,3.42,22.7,27.5,5.01,289,75.7,30.2,42.5,13.86,,6.22,64.45,4.43,18,10.96,,,112.8,157.5,1.69,121.8,4.52,17.86,31.4,5.84,42.9,2.64,,31.85,65.95
15:12:00,26.9,52.95,22.75,35.05,24.65,39.25,11.02,18.22,11.08,15.8,5.76,11.22,17.18,4.27,11.52,32.6,4.78,89.25,,33.05,40.15,22.9,30.75,9.33,7.83,141,18.56,11.2,58.4,23.65,12.12,8.31,8.18,48.8,6.02,12.5,4.41,6.43,6.34,,57.85,135.4,63.7,83.25,,22.8,75.1,3.59,3.96,19.02,46.9,8.27,12.62,14.68,124.6,2.77,324.8,26.5,42.55,40.4,2.72,95.8,7.98,4.61,11.6,61.15,260.2,35.25,85.2,9.34,3.42,22.75,27.4,5.02,289.2,75.7,30.2,42.5,13.86,,6.22,64.45,4.43,18,10.94,,,113,157.5,1.69,121.8,4.51,17.88,31.4,5.83,42.9,2.63,67.95,,65.9
15:13:00,26.95,52.95,22.8,35.05,24.7,39.25,11,18.22,11.08,15.8,5.77,11.2,17.18,4.28,11.54,32.6,4.78,89.2,,33.1,40.15,22.9,30.75,9.35,7.83,140.8,18.56,,58.35,23.65,12.1,8.32,8.19,48.75,6.03,12.48,4.4,6.41,6.34,48.1,57.75,135.4,63.7,83.25,38.6,,75.1,3.59,3.97,19.04,46.9,,12.62,14.68,124.7,2.77,324.8,,42.55,,2.72,95.8,7.98,4.61,,61.15,260.4,35.3,85.15,9.35,3.42,22.7,27.45,5.01,289.2,75.7,30.2,42.45,13.86,,6.21,64.5,4.44,18,10.94,,15.7,113.1,157.4,1.68,121.8,4.51,17.86,31.25,5.83,42.95,,,,65.9
15:14:00,26.9,52.95,22.75,35.05,24.7,39.3,11.02,18.24,11.06,15.8,5.77,11.2,17.16,4.28,,32.6,,89.2,119.3,33.1,40.15,22.9,30.8,9.35,7.83,140.7,18.54,11.22,58.4,23.65,12.1,8.31,8.19,48.75,,12.52,,6.43,6.33,,57.85,135.4,63.65,83.25,38.6,22.8,75,3.59,3.97,19.06,46.85,8.27,12.62,14.68,124.5,2.77,324.6,26.55,42.55,40.4,2.73,95.8,,4.59,11.6,61.1,260.2,35.3,85.15,9.35,3.42,22.75,27.45,5.01,289.2,75.65,30.2,42.55,13.86,,6.23,64.55,4.44,18,10.94,,15.72,113.1,157.4,1.68,121.8,4.51,17.86,31.4,5.83,43,2.64,,,65.95
15:15:00,26.9,52.9,22.8,35.05,24.7,39.3,11.02,18.24,11.06,15.8,5.78,11.2,17.18,4.28,11.52,32.6,4.78,89.25,119.5,33.05,,22.9,,9.35,7.85,140.9,18.56,11.22,58.35,,12.12,8.31,8.19,48.8,,12.52,,6.41,6.34,,57.85,135.3,63.7,83.25,38.6,,75.05,3.58,3.97,19.04,46.9,8.25,12.62,14.68,124.6,2.77,324.6,,42.65,,2.73,95.9,7.99,4.6,,61.1,260.8,35.3,85.2,9.36,3.42,22.75,27.45,5.02,289.2,75.65,,42.55,13.86,,6.22,64.45,4.43,18,10.96,,15.74,113.2,157.5,1.68,121.8,,17.86,,5.83,43.05,2.64,,,65.9
15:16:00,26.9,52.85,22.75,35.05,24.65,39.3,11,18.26,11.08,15.8,5.77,11.18,17.16,4.28,,32.6,4.78,89.25,119.5,33.05,40.15,22.9,30.8,9.34,7.86,140.8,18.54,11.22,58.35,23.7,12.12,8.32,8.2,48.75,6,12.52,4.4,6.41,6.34,48.15,57.8,135.4,63.6,83.25,38.65,,75.05,3.59,,19.04,46.9,8.28,12.62,14.8,124.7,,324.4,26.45,42.7,,2.73,95.9,7.99,4.6,,,260.8,35.35,85.25,9.34,3.42,22.7,27.5,5.01,289.2,75.65,,42.5,13.86,,6.21,64.55,4.45,18,10.96,69.5,15.68,113.2,157.5,1.69,121.8,4.52,17.86,,5.84,43.1,2.64,,31.95,65.95
15:17:00,26.9,52.95,22.8,35.05,24.65,39.35,11.02,18.3,,15.82,5.78,11.18,17.16,4.27,,32.6,4.78,89.35,,33.05,40.25,22.9,30.85,9.33,7.86,141,18.56,,58.3,,12.12,8.32,8.21,48.85,6.05,12.5,4.41,6.43,6.35,48.2,57.8,135.4,63.6,83.35,38.6,22.85,75.2,3.59,3.97,19.04,46.95,,12.6,14.84,124.9,2.78,325,26.5,42.7,40.45,2.73,96.05,7.99,4.6,,61.1,261,35.45,85.4,9.36,3.42,22.7,27.5,5.01,289.2,75.75,,42.55,13.88,,6.21,64.5,4.45,18.02,,,15.7,113.2,157.7,1.69,121.9,4.52,17.86,31.4,5.85,43.15,2.64,67.95,31.85,66.05
15:18:00,26.9,52.95,22.8,35.05,24.65,39.35,11.02,18.3,,15.84,5.78,11.2,17.18,4.28,11.54,32.55,4.78,89.4,119.5,33.05,40.3,22.9,30.85,9.34,7.87,141.1,18.56,,58.4,23.65,12.1,8.3,8.21,48.8,,12.5,4.41,6.41,6.35,48.25,57.95,135.5,63.7,83.35,38.6,22.85,75.2,3.59,3.97,19.06,46.95,8.28,12.6,14.86,124.9,,325,26.5,42.7,,2.72,96.05,8,4.6,11.6,61.15,261,35.45,85.5,9.36,,22.75,27.4,5.02,289.2,75.75,30.25,42.55,,,6.23,64.5,4.45,18.02,10.94,,15.7,113.2,157.6,1.69,121.9,4.52,17.84,,5.85,43.1,2.64,67.95,,66.05
15:19:00,26.9,52.95,22.8,35.05,24.7,39.35,11.02,18.3,11.06,15.84,5.78,11.2,17.16,4.28,11.54,32.6,4.78,89.35,119.5,33.05,40.3,22.9,30.9,9.34,7.87,141.1,18.56,11.2,58.3,23.65,12.14,8.29,8.19,48.8,,12.5,4.41,6.43,6.35,48.25,57.8,135.5,63.65,83.3,38.6,,75.15,3.59,3.97,19.06,46.95,8.29,12.62,14.82,124.9,,325,26.5,42.7,,2.72,96.05,8,4.59,11.62,61.15,260.6,35.45,85.5,9.36,3.41,22.75,27.45,5.01,289.2,75.85,,42.55,13.86,,6.23,64.55,4.44,18.02,10.9,,15.66,113.2,157.6,1.69,121.7,4.52,17.86,31.4,5.84,43.15,2.64,67.95,,66.15
15:20:00,26.9,52.9,22.8,35.05,24.7,39.35,11,18.3,11.06,15.82,5.77,11.2,17.16,4.28,11.54,32.65,4.78,89.35,,33,40.3,22.9,30.85,9.33,7.86,141,18.56,11.2,58.3,23.65,12.12,8.3,8.19,48.75,6.04,12.5,,6.41,6.35,48.2,57.8,135.5,63.7,83.35,38.6,22.9,75.05,3.59,3.97,19.02,46.95,,12.62,14.8,124.8,,324.8,26.45,42.7,40.4,2.72,96.05,8,4.59,11.64,61.15,260.8,35.45,85.4,9.35,3.41,22.7,27.45,5.01,289.4,75.75,30.2,42.5,,12.46,6.21,64.55,4.45,18,10.92,,15.7,113.2,157.5,1.69,121.7,4.51,17.84,31.4,5.84,43.1,2.64,67.9,,66.05
15:21:00,26.95,52.95,22.8,,24.65,39.35,11.02,18.3,11.06,15.8,5.77,11.18,17.16,4.27,11.54,32.65,4.78,89.4,,33,40.35,22.95,,9.33,7.87,141.1,18.56,11.22,58.35,23.65,12.12,8.3,8.19,48.75,6.05,12.52,4.4,6.41,6.35,48.25,57.9,135.5,63.65,83.4,38.6,22.9,74.95,3.58,,19.02,46.9,,12.62,14.8,125,,325,26.5,42.7,,2.72,96,8,4.59,,61.15,260.4,35.45,85.55,9.36,,22.75,27.4,5.01,289.4,75.75,,42.45,13.88,12.48,6.21,64.55,4.45,,,,15.68,113.3,157.7,1.68,121.8,4.51,17.92,,5.84,43.15,2.63,67.9,,66.1
15:22:00,26.95,52.95,22.8,35.05,24.7,39.35,11.02,18.3,11.06,15.8,5.76,11.18,17.18,4.27,11.52,32.6,4.79,89.3,,33,40.35,22.95,30.85,9.33,7.86,140.9,18.56,11.22,58.25,23.65,12.1,8.3,8.18,48.7,6.05,12.52,4.42,6.4,6.35,48.25,57.95,135.4,63.7,83.4,38.6,22.9,75,3.58,3.97,19.04,46.9,,12.62,14.78,124.8,,324.8,,42.7,40.45,2.73,95.9,8,4.59,11.64,61.15,260,35.45,85.45,9.34,3.41,22.7,27.4,5.01,289.4,75.65,30.15,42.45,13.86,,6.21,64.6,4.45,18,10.92,69.55,15.66,113.1,157.5,1.69,121.7,4.51,17.92,31.4,5.84,43.1,2.63,67.9,,66.2
15:23:00,26.9,52.95,22.8,35.05,24.7,39.35,11,18.28,11.06,15.78,5.76,11.18,17.18,4.28,,32.65,4.79,89.25,119.5,33,40.3,22.95,30.85,9.35,7.87,140.9,18.56,,58.3,,12.12,8.3,8.18,48.65,6.05,12.48,4.41,6.42,6.34,48.25,57.8,135.4,63.7,83.4,38.55,22.85,75,3.58,3.96,19.06,46.9,8.29,12.62,14.74,124.7,2.77,324.6,26.45,42.7,40.4,2.72,95.7,8,4.58,11.66,61.05,260,35.35,85.45,9.35,3.41,22.7,27.4,5.01,289.2,75.55,30.15,42.45,,12.46,6.21,64.55,4.45,17.98,10.92,69.45,,113.2,157.5,1.69,121.7,4.51,17.88,31.4,5.84,43.1,2.63,,31.9,66.25
15:24:00,26.95,52.95,22.8,35.05,24.75,39.35,11,18.28,11.06,15.78,5.76,11.18,17.16,4.28,11.52,32.65,4.79,89.3,119.6,33,40.3,22.9,30.85,9.35,7.87,140.9,18.54,,58.4,23.65,12.1,8.3,8.18,48.65,6.03,12.48,,6.44,6.35,48.25,57.8,135.5,63.7,83.4,38.5,22.9,75,3.58,3.97,19.08,46.9,8.29,12.62,14.76,124.7,,324.4,26.45,42.7,,2.73,95.7,8.01,,,61.05,260,35.3,85.45,9.34,,22.7,27.5,5.01,289.4,75.6,,42.55,,,6.21,64.5,4.45,17.98,10.92,,15.68,113.3,157.5,1.69,121.7,4.51,17.88,31.15,5.84,43.1,2.63,68.05,31.9,66.25
15:25:00,26.95,52.9,22.8,35.05,24.75,39.4,11,18.32,11.06,15.78,5.76,11.18,17.16,4.28,11.54,32.6,4.79,89.35,119.6,33,,22.95,30.9,9.35,7.88,141,18.56,11.24,58.35,23.65,12.1,8.3,8.18,48.7,6.04,12.48,,6.45,6.34,48.25,57.75,135.5,63.75,83.4,,22.9,75.05,3.58,3.97,19.1,,8.29,12.62,14.76,124.6,,324.4,26.45,42.7,,2.72,95.75,8.01,4.6,,61.05,260.2,35.3,85.45,9.35,3.41,22.7,27.5,5.01,289.2,75.6,,42.45,13.86,,6.21,64.6,4.45,,10.92,,15.68,113.3,157.5,1.69,121.8,4.51,17.88,31.35,5.84,43.15,2.63,67.95,31.9,66.35
15:26:00,26.85,52.95,22.8,35,24.7,39.4,11,18.3,11.06,15.78,5.76,11.2,17.18,4.28,11.54,32.55,4.78,89.25,119.5,32.95,40.25,22.9,30.85,9.36,7.88,140.9,18.54,11.24,58.35,23.7,12.1,8.3,8.17,48.75,6.02,12.52,4.41,6.43,6.34,48.25,57.65,135.4,63.7,83.4,38.45,22.85,75,3.58,3.96,19.08,46.85,8.29,12.62,14.7,124.5,,324.6,26.45,42.6,40.4,2.73,95.75,8,4.59,11.64,61.1,260,35.25,85.4,9.34,3.41,22.7,27.45,5,289.2,75.55,30.15,42.45,,,6.22,64.6,4.45,17.98,10.92,,15.68,113.2,157.4,1.69,121.8,4.52,17.88,,5.84,43.15,2.63,,31.85,66.3
15:27:00,26.9,52.95,22.8,35.05,24.75,39.4,11.02,18.3,11.06,15.78,5.76,11.18,17.18,4.28,11.52,32.55,4.78,89.3,119.6,32.95,,22.9,30.85,9.36,7.88,141.1,18.56,,58.4,,12.1,8.3,8.18,48.7,6.01,12.52,4.4,6.44,6.35,48.25,57.75,135.2,63.75,83.4,38.25,22.9,74.95,3.59,3.97,19.06,46.95,8.28,12.62,14.72,124.7,,324.8,26.45,,40.45,2.72,95.8,8.01,4.58,,61.15,260,35.35,85.4,9.35,3.41,22.7,27.5,5.01,289.2,75.55,,42.45,13.86,12.46,6.21,64.6,4.45,18,10.94,69.4,15.68,113.3,157.6,1.69,121.7,4.51,17.9,31.25,5.84,43.15,2.63,,31.9,66.3
15:28:00,26.85,52.95,22.8,35.05,24.75,39.45,11.02,18.26,11.08,15.78,5.77,11.16,17.18,4.27,11.54,32.55,4.78,89.2,119.6,32.95,,22.95,30.85,9.35,7.88,141.1,18.56,11.24,58.3,,12.12,8.3,8.18,48.7,,12.5,4.41,6.42,6.34,48.25,57.7,135.4,63.75,83.4,,22.85,75,3.58,,19.04,46.95,8.25,12.62,14.72,124.7,2.77,324.6,26.35,42.65,40.45,2.72,95.8,8.01,4.6,,61.2,259.8,35.3,85.4,9.36,3.42,22.75,27.45,5.01,289.2,75.55,,42.45,,12.48,6.22,64.6,4.45,18,10.94,,15.68,113.3,157.6,1.69,121.8,4.51,17.88,31.2,5.84,43.1,2.64,,31.9,66.2
15:29:00,26.85,52.95,22.8,35.05,24.7,39.45,11,18.28,11.08,15.8,5.76,11.2,17.18,4.28,,32.55,4.78,89.25,119.5,32.95,,22.85,30.85,,7.86,141.2,18.58,11.24,58.3,,12.1,8.29,8.18,48.7,6.01,12.5,4.39,6.4,6.35,48.3,57.7,135.3,63.8,83.35,38.15,22.9,75,3.58,3.97,19.06,46.9,,12.62,14.68,124.7,2.78,324.4,26.45,42.6,,2.73,95.85,8,4.6,,61.2,259.6,35.4,85.45,9.36,3.42,22.7,27.5,5.01,289.2,75.5,30.25,42.5,13.84,,6.22,64.6,4.45,18,,69.5,,113.3,157.6,1.69,121.6,4.51,17.88,31.2,5.84,43.1,2.64,67.9,,66.3
15:30:00,26.9,52.95,22.8,35,24.75,39.45,11,18.3,,15.78,5.77,11.18,17.18,4.27,11.54,32.55,4.78,89.3,119.6,32.95,,22.85,30.9,9.35,7.88,141.1,18.58,11.22,58.3,23.65,12.12,8.3,8.19,48.75,6.01,12.5,,6.42,6.34,48.3,57.8,135.3,63.85,83.4,38.2,22.9,74.95,3.59,3.96,19.04,46.9,,12.62,14.7,124.6,,324.4,26.4,42.6,,2.73,95.95,8,4.6,11.62,61.15,259.6,35.3,85.55,9.36,3.42,22.7,27.5,5.01,289.2,75.55,,42.5,13.86,12.46,6.21,64.6,4.44,17.98,10.94,69.45,15.68,113.3,157.5,1.69,121.6,4.52,17.88,31.2,5.85,43.1,2.63,67.95,31.9,66.25
15:31:00,26.85,52.95,22.8,35,24.7,39.45,11,18.28,11.08,15.76,5.77,11.2,17.18,4.28,11.54,32.55,4.78,89.2,119.6,32.95,40.3,22.95,30.85,9.35,7.86,140.9,18.6,11.22,58.25,23.65,12.1,8.3,8.18,48.7,6.02,12.48,4.4,6.4,6.35,48.3,57.7,135.4,63.7,83.35,38.4,,74.9,3.58,3.96,19.06,46.9,8.25,12.62,14.72,124.5,2.78,324.4,26.45,42.6,40.45,2.72,95.9,8,4.59,11.6,61.25,259.8,35.4,85.45,9.35,3.41,22.7,27.5,5.01,289,75.6,30.15,42.45,,12.46,6.21,64.55,4.45,18,10.94,,15.72,113.3,157.4,1.69,121.5,4.51,17.9,,5.84,43.1,2.63,,,66.2
15:32:00,26.85,52.95,22.8,35.05,24.65,39.45,11.02,18.3,11.08,15.76,5.77,11.18,17.16,4.27,,32.55,4.78,89.2,,32.95,40.35,22.9,30.8,9.36,7.87,141,18.6,11.24,58.25,23.7,12.12,8.3,8.19,48.7,,12.48,4.39,6.4,6.34,48.25,57.7,135.3,63.7,83.4,38.4,22.9,74.9,3.59,3.96,19.06,46.9,,12.62,14.8,124.5,2.78,324.8,26.35,42.6,40.55,2.72,95.95,,4.59,,61.15,260,35.35,85.4,9.34,3.42,22.7,27.45,5.02,289.2,75.65,,42.5,13.9,12.46,6.22,64.55,4.45,18,10.96,69.65,15.72,113.3,157.4,1.69,121.6,4.52,17.9,,5.85,43.1,2.64,67.9,31.9,66.3
15:33:00,26.85,52.8,22.8,35,24.7,39.35,11,18.28,11.06,15.76,5.76,11.18,17.16,4.27,,32.5,4.78,89.05,119.5,32.95,40.25,22.95,30.8,9.36,7.86,140.7,18.6,11.22,58.2,23.7,12.1,8.3,8.17,48.6,,12.48,4.39,6.4,6.34,48.25,57.5,135.3,63.65,83.3,38.35,22.85,74.9,3.58,3.97,19.08,46.85,8.27,12.62,14.78,124.4,2.78,324.4,26.45,42.55,40.45,2.72,95.6,8,4.58,11.6,61.1,259.8,35.35,85.4,9.34,3.42,22.7,27.45,5.01,288.6,75.55,30.15,42.45,13.88,12.46,6.21,64.5,4.43,17.98,10.94,69.4,15.7,113.2,157.3,1.69,121.5,4.51,17.88,31.15,5.86,43,2.64,67.9,31.9,66.25
15:34:00,26.85,52.8,22.8,35.05,24.65,39.4,10.98,18.32,11.06,15.74,5.76,11.16,17.18,4.27,11.54,32.45,4.78,89.05,119.5,33,40.25,22.9,30.75,9.32,7.86,140.5,18.6,11.2,58.15,23.65,12.1,8.3,8.18,48.65,6.03,12.48,4.39,6.4,6.35,48.25,57.5,135.1,63.65,83.2,38.45,22.8,74.9,3.58,3.96,19.12,46.85,,12.62,14.82,124.4,2.77,324,26.35,42.5,40.45,2.72,95.55,8.01,4.59,11.6,61,259.6,35.3,85.15,9.33,3.42,22.7,27.4,5,288.6,75.5,30.2,42.4,,12.48,6.21,64.5,4.44,17.98,10.94,69.5,15.68,113.2,157.3,1.68,121.2,4.52,17.86,31.15,5.86,43,2.64,67.9,31.85,66.2
15:35:00,26.8,52.85,22.8,,24.65,39.45,11,18.32,11.06,15.76,5.76,11.18,17.14,4.28,11.54,32.45,4.78,89.1,119.5,32.95,40.25,22.9,30.8,9.33,,140.7,18.62,11.22,58.25,23.7,12.12,8.3,8.18,48.7,6.02,12.48,4.4,6.41,6.34,48.2,57.6,135.4,63.65,83.2,38.45,22.85,74.9,3.58,3.96,19.12,46.9,8.27,12.62,14.82,124.5,2.78,324,26.4,42.5,,2.73,95.65,8.01,4.59,11.62,61.05,259.6,35.3,85.15,9.33,3.43,22.75,27.4,5.01,288.6,75.55,,42.4,13.86,12.48,6.22,64.5,4.44,,,69.5,15.72,113.1,157.4,1.69,121.2,4.52,17.88,31.2,5.86,43.05,2.63,67.9,31.75,66.3
15:36:00,26.9,52.85,22.8,35.05,24.65,39.4,11,18.32,11.06,15.74,5.76,11.16,17.18,4.28,,32.45,4.78,89,119.5,32.95,,22.85,30.75,9.34,7.86,140.5,18.6,11.2,58.2,23.65,12.1,8.3,8.18,48.65,6.02,12.48,4.39,6.39,6.33,48.25,57.6,135.2,63.7,83.15,38.45,,74.9,3.58,3.96,19.14,46.85,8.27,12.62,14.8,124.6,,324.2,26.4,42.5,40.55,2.72,95.65,8.01,4.59,,61.1,259.6,35.35,85.35,9.35,3.42,22.75,27.4,5.02,288.8,75.55,,42.45,13.86,,6.21,64.45,4.44,17.96,10.94,,15.72,113.2,157.5,1.69,120.9,4.51,17.88,,5.86,43.05,2.63,67.95,,66.15
15:37:00,26.8,52.85,22.8,35.05,24.7,39.4,11,18.3,11.06,15.74,5.77,11.18,17.16,4.27,,32.4,4.78,89,119.5,33,40.2,22.85,30.75,9.35,7.85,140.4,18.6,11.2,58.2,23.65,12.1,8.27,8.17,48.65,6,12.46,4.4,6.39,6.34,48.3,57.6,135.1,63.65,83.15,38.45,22.8,74.7,3.58,3.96,19.18,46.9,8.27,12.62,14.78,124.5,2.77,324,26.35,42.5,40.45,2.73,95.7,8.01,4.59,11.62,61.1,259.8,35.25,85.35,9.33,3.42,22.7,27.4,5.02,288.6,75.55,30.15,42.45,13.86,,6.22,64.45,4.44,17.96,10.94,69.65,15.72,113.2,157.4,1.69,121,4.52,17.86,31.05,5.86,43.05,2.63,67.85,31.85,66.15
15:38:00,26.8,52.85,22.85,35.05,24.7,39.4,11.02,18.3,11.06,15.74,5.77,11.18,17.18,4.27,,32.4,4.77,89,,33,,22.8,30.75,9.34,,140.5,18.6,11.2,58.25,23.65,12.12,8.28,8.18,48.65,6.03,,4.4,6.4,6.34,,57.6,135.2,63.65,83.15,38.4,,74.8,3.58,3.96,19.18,46.85,8.27,12.62,14.78,124.6,2.77,324.2,26.4,42.45,40.55,2.73,95.75,8.02,4.58,,61.1,259.8,35.25,85.35,9.34,3.43,22.75,27.45,5.01,288.8,75.55,30.15,42.45,13.84,12.5,6.22,64.5,4.44,17.98,10.94,69.65,15.7,113.2,157.4,1.69,120.9,4.52,17.84,,5.85,43,2.64,68.2,,66.1
15:39:00,26.85,52.85,22.85,35,24.7,39.45,11,18.34,11.08,15.78,5.77,11.16,17.16,4.28,,32.4,4.77,89.1,119.5,33.05,,22.85,30.75,9.34,7.85,140.7,18.58,11.22,58.35,23.65,12.12,8.28,8.17,48.65,6.02,12.48,4.4,6.4,6.34,48.4,57.65,135.2,63.7,83.1,38.25,22.8,74.75,3.58,3.97,19.24,46.9,,12.62,14.76,124.6,2.77,324.4,,42.7,,2.73,95.75,8.02,4.56,,61.05,260,35.3,85.35,9.34,,22.7,27.45,5.03,288.8,75.65,30.15,42.45,13.84,,6.22,64.5,4.45,18,10.92,69.65,15.7,113.3,157.5,1.69,121,4.51,17.84,,5.85,43.05,2.63,67.95,,66.1
15:40:00,26.85,52.85,22.85,35,24.7,39.45,11.02,18.32,11.06,15.8,5.78,11.18,17.16,4.27,11.54,32.45,4.78,89.2,119.5,33.05,,22.85,30.8,,7.86,140.9,18.6,11.2,58.4,23.7,12.12,8.27,8.18,48.6,6.02,12.48,4.4,6.4,6.34,48.35,57.6,135.2,63.7,83.25,38.2,22.85,74.9,3.58,3.96,19.22,46.95,8.24,12.6,14.76,124.7,2.77,324.4,26.45,42.7,40.55,2.72,95.8,8.02,4.58,11.62,61.1,259.8,35.25,85.3,9.34,3.43,22.7,27.5,5.03,289,75.55,30.15,42.4,13.86,,6.21,64.55,4.45,18,10.98,69.65,15.68,113.3,157.6,1.69,120.9,4.52,17.84,31.05,5.85,43.05,2.64,68,31.8,66.15
15:41:00,26.85,53,22.8,35,24.7,39.5,11.02,18.32,11.06,15.82,5.78,11.16,17.16,4.28,,32.45,4.78,89.4,119.7,33,40.25,22.9,30.75,9.35,7.86,141.1,18.58,11.22,58.45,23.65,12.1,8.28,8.18,48.6,6.03,12.46,4.39,6.4,6.34,48.35,57.7,135.4,63.7,83.3,38.4,22.8,74.9,3.58,3.96,19.22,46.95,8.27,12.62,14.76,124.9,2.78,325,,42.7,40.5,2.73,95.65,8.02,4.57,11.62,61.1,260.4,35.3,85.3,9.36,3.42,22.7,27.5,5.03,289.2,75.55,,42.5,13.88,12.5,6.21,64.55,4.45,18,10.98,69.65,,113.2,157.7,1.68,121.5,4.51,17.88,,5.85,43.05,2.64,,,66.2
15:42:00,26.85,53,22.85,35,24.7,39.5,11.04,18.32,11.06,15.82,5.78,11.16,17.2,4.27,11.52,32.45,4.78,89.45,,33.05,,22.9,30.75,9.36,7.86,141.2,18.6,11.2,58.45,23.65,12.12,8.27,8.17,48.75,6.03,12.48,4.4,6.42,6.35,48.35,57.65,135.4,63.7,83.4,38.35,22.85,74.9,3.59,3.96,19.22,46.95,8.28,12.62,14.76,125,,325,26.45,42.65,40.55,2.72,95.75,8.02,4.58,11.64,61.1,260.6,35.3,85.4,9.35,3.42,22.7,27.45,5.03,289.6,75.55,30.15,42.45,13.86,12.5,6.22,64.6,4.45,18,10.94,69.7,,113.2,157.7,1.69,121.4,4.51,17.9,31.05,5.86,43.05,2.64,,,66.4
15:43:00,26.85,53,22.8,35,24.7,39.45,11.04,18.34,11.06,15.82,5.76,11.16,17.2,4.27,11.54,32.5,4.77,89.45,,33,,22.9,30.85,9.37,7.86,141.1,18.6,,58.4,23.6,12.12,8.28,8.18,48.75,6.03,12.48,4.4,6.41,6.34,,57.65,135.3,63.7,83.4,38.45,,74.9,3.58,3.97,19.22,46.95,8.28,12.62,14.76,124.9,2.78,325,26.45,42.7,40.55,2.72,95.8,,4.57,11.62,61.1,260.6,35.25,85.4,9.36,3.42,22.7,27.5,5.03,289.8,75.6,30.15,42.5,13.86,,6.22,64.6,4.44,18,10.96,69.7,,113.2,157.7,1.69,121.4,4.52,17.9,,5.86,43.15,2.63,,,66.4
15:44:00,26.85,53.05,22.85,35.05,24.7,39.45,11.04,18.34,11.06,15.82,5.76,11.16,17.2,4.27,11.54,32.5,4.77,89.35,,33.05,40.2,22.95,30.85,9.36,7.85,141.1,18.62,11.2,58.35,23.7,12.1,8.27,8.18,48.8,,12.48,4.38,6.39,6.34,48.35,57.65,135.3,63.65,83.4,38.45,22.85,74.85,3.58,3.97,19.22,46.9,8.29,12.6,14.8,124.7,2.78,324.8,26.4,42.7,40.55,2.73,95.8,8.01,4.59,11.62,61.05,260.4,35.25,85.55,9.36,3.42,22.7,27.45,5.03,289.8,75.55,30.15,42.45,13.86,12.48,6.21,64.6,4.43,18,10.96,69.65,,113.2,157.6,1.69,121.3,4.51,17.9,31.1,5.85,43.1,2.63,,,66.3
15:45:00,26.75,52.95,22.85,35,24.75,39.45,11.04,18.32,11.06,15.78,5.76,11.18,17.18,4.27,11.54,32.45,4.77,89.3,,33.1,40.2,22.85,30.8,9.37,7.86,141,18.62,11.2,58.3,,12.1,8.28,8.18,48.7,6,12.48,4.39,6.38,6.34,48.35,57.65,135.2,63.6,83.4,38.5,22.9,74.8,3.58,3.96,19.22,46.95,8.29,12.6,14.8,124.7,2.75,324.8,26.45,42.7,40.5,2.73,95.7,8.01,4.59,11.62,61.05,260.2,35.25,85.4,9.36,3.42,22.7,27.45,5.02,289.8,75.6,30.15,42.4,13.86,12.48,6.21,64.6,4.43,17.98,10.98,,15.68,113.3,157.7,1.69,121.4,4.52,17.88,31.05,5.85,43.2,2.63,67.95,,66.15
15:46:00,26.75,53.05,22.8,35,24.75,39.45,11.04,18.32,11.06,15.82,5.77,11.18,17.2,4.28,11.54,32.45,4.77,89.3,119.6,33.1,,22.85,30.85,9.37,7.86,141,18.6,11.2,58.35,23.7,12.1,8.28,8.18,48.75,6.01,12.48,,6.38,6.35,,57.7,135.2,63.6,83.4,38.5,,74.8,3.58,3.96,19.22,47,8.29,,14.78,124.6,2.76,324.4,26.4,42.65,40.55,2.72,95.75,8.01,4.58,11.6,61,260.2,35.25,85.4,9.35,3.42,22.7,27.5,5.03,289.8,75.6,30.1,42.4,13.9,12.48,6.21,64.55,4.43,18,10.98,69.7,15.7,113.2,157.7,1.68,121.4,4.52,17.9,31.1,5.86,43.1,2.63,,,66.35
15:47:00,26.75,52.95,22.8,35.05,24.75,39.45,11.02,18.34,11.06,15.78,5.77,11.16,17.2,4.28,11.54,32.45,4.77,89.3,,33.15,,22.9,30.8,9.37,7.86,141.2,18.6,11.2,58.3,,12.1,8.29,8.17,48.75,6,12.48,,6.38,6.34,48.3,57.6,135.3,63.65,83.35,38.5,22.9,74.85,3.58,3.96,19.28,47,8.29,12.62,14.78,124.8,2.74,324.4,26.45,42.6,40.55,2.72,95.7,8.01,4.59,11.6,61,260.2,35.25,85.4,9.36,3.42,22.7,27.5,5.02,289.6,75.6,30.1,42.4,13.9,12.48,6.21,64.55,4.43,18,10.96,69.7,15.68,113.3,157.6,1.69,121.3,4.52,17.9,,5.85,43.1,2.64,68,31.8,66.35
15:48:00,26.8,52.95,22.8,35,24.7,39.5,11.06,18.34,11.06,15.78,5.77,11.18,17.2,4.28,11.52,32.45,4.77,89.3,119.5,33.05,40.2,22.9,30.8,9.36,7.86,140.9,18.6,11.2,58.35,23.65,12.1,8.29,8.17,48.7,6.02,12.46,4.39,6.37,6.35,48.35,57.5,135,63.65,83.35,38.55,,74.85,3.58,3.97,19.26,46.95,8.29,12.62,14.78,124.7,2.77,324.4,26.45,42.6,40.55,2.72,95.6,8.01,4.59,11.6,61,260.2,35.25,85.55,9.36,3.42,22.75,27.5,5.03,289.6,75.55,30.2,42.45,13.86,12.48,6.22,64.6,4.44,18,10.98,69.7,15.72,113.2,157.5,1.69,121.3,4.52,17.9,,5.85,43.1,2.63,68,,66.2
15:49:00,26.85,53,22.75,35,24.7,39.5,11.06,18.34,11.06,15.78,5.76,11.18,17.2,4.28,11.52,32.45,4.77,89.35,119.6,33.15,40.2,22.9,30.8,9.37,7.86,141.2,18.58,11.2,58.4,23.65,12.1,8.28,8.17,48.75,6.05,12.48,4.4,6.39,6.35,48.35,57.6,135,63.6,83.35,38.55,,74.8,3.58,3.96,19.26,46.95,8.29,12.62,14.78,124.9,,324.4,26.4,42.6,40.55,2.72,95.75,8.02,4.58,11.6,61,260.2,35.25,85.55,9.35,3.42,22.7,27.5,5.04,289.8,75.6,,42.5,13.9,12.46,6.24,64.55,4.44,18.06,10.96,69.7,15.72,113.3,157.5,1.69,121.4,4.52,17.88,,5.85,43.1,2.63,67.95,31.75,66.25
15:50:00,26.8,53,22.8,35,24.75,39.55,11.06,18.38,11.06,15.8,5.76,11.18,17.2,4.27,11.54,32.45,4.77,89.35,119.5,33.15,,22.9,30.75,9.36,7.85,141.2,18.58,11.2,58.45,23.7,12.08,8.29,8.17,48.7,6.05,12.48,4.39,6.39,6.34,48.4,57.6,135.2,63.65,83.4,38.55,22.85,74.8,3.58,3.96,19.26,46.9,8.29,12.6,14.8,124.8,,324.6,26.4,42.65,40.55,2.72,95.8,8.03,4.58,11.6,61.05,260.2,35.25,85.55,9.36,3.42,22.75,27.5,5.03,289.6,75.55,30.25,42.55,13.9,12.48,6.25,64.5,4.43,18.06,10.96,69.7,15.72,113.3,157.4,1.69,121.4,4.52,17.88,,5.85,43.1,2.63,67.95,31.75,66.35
15:51:00,26.9,53,22.8,35,24.75,39.55,11.06,18.38,11.08,15.8,5.76,11.18,17.2,4.27,,32.45,4.77,89.4,,33.2,,22.85,30.8,9.37,7.87,141.2,18.56,11.22,58.45,23.65,12.08,8.28,8.18,48.7,6.05,12.48,4.38,6.37,6.34,48.5,57.65,135.1,63.6,83.35,38.55,,74.9,3.58,3.97,19.24,46.95,8.29,12.62,14.78,124.8,2.76,324.6,26.5,42.6,40.55,2.73,95.8,8.03,4.58,11.6,61.15,260.2,35.25,85.55,9.37,3.43,22.7,27.5,5.05,289.8,75.6,,42.5,13.88,12.5,6.23,64.5,4.44,18.06,10.96,69.7,,112.9,157.6,1.69,121.2,4.52,17.88,31.15,5.86,43.1,2.64,68,31.8,66.3
15:52:00,26.9,53,22.85,35,24.75,39.55,11.04,18.38,11.08,15.78,5.75,11.18,17.18,4.28,11.52,32.45,4.77,89.3,119.8,33.25,,22.9,30.7,9.37,7.87,141.2,18.56,11.2,58.45,23.75,12.08,8.29,8.17,48.7,6.01,12.48,4.38,6.37,6.34,48.5,57.7,135,63.6,83.35,38.55,22.8,74.95,3.59,3.96,19.2,46.95,8.29,12.6,14.78,124.7,2.77,324.4,26.55,42.65,40.55,2.72,95.7,8.02,,11.6,61.15,260.2,35.25,85.55,9.37,3.43,22.7,27.45,5.03,289.8,75.6,30.15,42.5,,,6.24,64.5,4.44,18.08,10.94,69.7,15.74,112.9,157.6,1.69,121.1,4.52,17.9,,5.85,43.1,2.63,68,,66.25
15:53:00,26.95,53,22.75,35,24.8,39.6,11.06,18.4,11.06,15.78,5.76,11.18,17.18,4.27,11.54,32.45,4.77,89.4,119.8,33.25,40.25,22.9,30.75,9.37,7.87,141.2,18.62,11.22,58.5,23.75,12.06,8.29,8.18,48.75,6.02,12.5,4.38,6.36,6.34,48.55,57.65,135,63.6,83.3,38.55,22.8,75,3.59,3.96,19.2,46.95,8.3,12.6,14.8,124.9,,324.6,26.5,42.65,40.55,2.73,95.7,8.03,4.58,11.64,61.2,260,35.25,85.6,9.37,,22.7,27.45,5.04,289.8,75.55,30.15,42.6,13.92,12.5,6.26,64.55,4.44,18.08,10.94,69.7,15.76,113,157.8,1.69,121.2,4.51,17.88,31.05,5.85,43.1,2.63,68,31.9,66.3
15:54:00,26.95,53,22.85,35,24.85,39.6,11.06,18.42,11.06,15.8,5.75,11.18,17.18,4.27,11.54,32.45,4.77,89.4,119.8,33.2,,22.9,30.75,9.38,7.86,141.2,18.62,11.22,58.5,23.75,12.06,8.29,8.18,48.7,6,12.5,4.38,6.37,6.35,48.55,57.7,134.9,63.6,83.4,38.6,22.8,74.95,3.58,3.95,19.2,46.9,8.3,12.6,14.76,125,2.76,324.6,26.4,42.65,40.55,2.72,95.75,8.03,4.57,,61.1,259.8,35.25,85.5,9.38,3.44,22.7,27.45,5.04,290,75.6,30.25,42.55,13.88,12.5,6.26,64.55,4.45,18.08,10.94,69.65,15.76,113.2,157.8,1.69,121.1,4.5,17.9,,5.87,43.1,2.63,68,31.9,66.25
15:55:00,26.95,53,22.8,35,24.9,39.5,11.04,18.46,11.08,15.78,5.75,11.16,17.18,4.27,11.54,32.45,4.78,89.45,119.8,33.2,40.3,22.95,30.75,9.38,7.87,141.1,18.6,11.24,58.5,23.7,12.06,8.29,8.19,48.7,6.03,12.5,4.38,6.37,6.35,48.55,57.7,135,63.6,83.4,38.55,22.85,74.95,3.58,3.95,19.22,46.95,8.3,12.6,14.76,124.8,2.77,324.8,26.45,42.65,40.55,2.72,95.7,8.04,4.58,11.66,61.15,259.8,35.25,85.6,9.37,3.44,22.7,27.45,5.03,290,75.55,30.2,42.7,13.92,12.48,6.26,64.55,4.44,18.06,10.94,69.7,,113.2,157.8,1.68,121.2,4.5,17.9,,5.86,43.15,2.63,68,,66.3
15:56:00,26.95,53,22.8,35.05,24.85,39.5,11.04,18.46,11.06,15.78,5.76,11.18,17.22,4.28,11.54,32.5,4.78,89.35,,33.15,40.3,22.95,30.8,9.38,7.87,141.1,18.6,11.24,58.35,23.75,12.08,8.29,8.18,48.7,6.03,12.5,4.38,6.36,6.35,48.5,57.7,135,63.6,83.4,38.55,22.85,74.9,3.58,3.95,19.18,47,8.28,12.6,14.78,124.8,2.77,324.8,26.45,42.65,40.55,2.72,95.6,8.03,4.57,,61.1,260.4,35.3,85.45,9.38,3.44,22.7,27.45,5.03,289.6,75.55,30.2,42.7,13.88,,6.25,64.5,4.45,18.06,10.94,69.7,15.78,113,157.9,1.69,121.1,4.53,17.9,31.05,5.86,43.15,2.63,68.2,31.9,66.3
15:57:00,26.95,53,22.8,35,24.9,39.55,11.04,18.46,11.06,15.8,5.75,11.18,,4.28,11.52,32.5,4.78,89.35,119.6,33.2,40.3,22.95,30.7,9.38,7.87,141.1,18.58,11.24,58.3,23.75,12.08,8.29,8.18,48.75,6.01,12.48,4.38,6.37,6.35,48.55,57.65,135.2,63.6,83.4,38.5,22.85,74.9,3.58,3.95,19.2,47,8.26,12.6,14.78,124.8,2.77,324.6,26.45,42.65,40.5,2.73,95.65,8.03,4.58,11.62,61.15,260.2,35.3,85.6,9.39,3.42,22.75,27.45,5.05,289.2,75.55,30.2,42.7,13.88,12.5,6.26,64.45,4.44,18.06,10.94,69.65,15.8,113.1,158,1.68,121.1,4.51,17.9,31.15,5.86,43.1,2.63,67.95,31.95,66.3
15:58:00,26.95,52.95,22.8,35.15,24.9,39.6,11.04,18.46,11.06,15.78,5.76,11.18,,4.28,11.54,32.45,4.77,89.35,,33.2,40.3,23.05,30.7,9.38,7.87,140.9,18.6,11.24,58.5,23.7,12.08,8.29,8.18,48.65,6.01,12.46,4.39,6.36,6.34,48.55,57.7,135.1,63.6,83.4,38.5,22.8,74.95,3.58,3.97,19.18,47,8.26,12.6,14.78,124.9,2.77,324.6,26.45,42.6,40.5,2.72,95.75,8.04,4.58,11.66,61.2,260.4,35.25,85.45,9.37,3.42,22.7,27.5,5.05,289.6,75.5,30.25,42.7,,12.5,6.27,64.5,4.45,18.06,10.9,69.6,15.8,113.1,158,1.69,121.1,4.53,17.9,31.05,5.86,43.05,2.63,67.95,31.95,66.25
15:59:00,26.9,52.9,22.8,35.15,24.95,39.55,11.06,18.44,11.08,15.8,5.76,11.16,17.22,4.28,11.54,32.45,4.78,89.45,,33.2,40.4,23,30.8,9.37,7.86,141,18.58,11.22,58.45,23.75,12.08,8.29,8.19,48.65,6.02,12.46,4.38,6.35,6.36,48.55,57.7,135.2,63.6,83.4,38.4,22.85,74.95,3.59,3.97,19.16,47.1,8.27,12.62,14.8,125,2.75,325,26.5,42.7,40.45,2.72,95.85,8.03,4.56,11.66,61.3,260.4,35.25,85.45,9.37,3.43,22.75,27.5,5.05,289.6,75.55,30.3,42.7,13.92,12.5,6.27,64.45,4.44,18.06,10.9,69.6,15.8,113.2,157.9,1.69,121.2,4.52,17.9,31.15,5.87,43,2.63,68.1,31.95,66.25
16:00:00,26.95,52.8,22.85,35.1,24.9,39.6,11.06,18.48,11.08,15.76,5.77,11.18,17.26,4.27,11.54,32.5,4.79,89.45,119.7,33.25,40.4,22.95,30.75,9.37,7.86,141,18.62,11.28,58.35,23.7,12.1,8.29,8.18,48.8,6.01,12.5,4.39,6.37,6.37,48.6,57.55,135.1,63.65,83.25,38.55,22.85,74.85,3.59,3.95,19.22,47,8.28,12.62,14.8,125,2.76,325,26.55,42.65,40.55,2.73,95.8,8.02,4.56,11.62,61.35,260.2,35.25,85.4,9.39,3.42,22.75,27.55,5.05,289.4,75.55,30.25,42.75,13.86,12.5,6.25,64.55,4.45,18.04,10.94,69.6,15.82,113.2,157.8,1.68,121.2,4.54,17.9,31.25,5.85,43,2.64,68.2,31.95,66.15
