Minutes,Stock1,Stock2,Stock3,Stock4,Stock5,Stock6,Stock7,Stock8,Stock9,Stock10,Stock11,Stock12,Stock13,Stock14,Stock15,Stock16,Stock17,Stock18,Stock19,Stock20,Stock21,Stock22,Stock23,Stock24,Stock25,Stock26,Stock27,Stock28,Stock29,Stock30,Stock31,Stock32,Stock33,Stock34,Stock35,Stock36,Stock37,Stock38,Stock39,Stock40,Stock41,Stock42,Stock43,Stock44,Stock45,Stock46,Stock47,Stock48,Stock49,Stock50,Stock51,Stock52,Stock53,Stock54,Stock55,Stock56,Stock57,Stock58,Stock59,Stock60,Stock61,Stock62,Stock63,Stock64,Stock65,Stock66,Stock67,Stock68,Stock69,Stock70,Stock71,Stock72,Stock73,Stock74,Stock75,Stock76,Stock77,Stock78,Stock79,Stock80,Stock81,Stock82,Stock83,Stock84,Stock85,Stock86,Stock87,Stock88,Stock89,Stock90,Stock91,Stock92,Stock93,Stock94,Stock95,Stock96,Stock97,Stock98,Stock99,Stock100
09:31:00,22,4,11,22,4,46,181,32,16,59,139,21,8,44,25,134,125,54,1,19,5,67,23,102,2,80,5,1,86,32,127,11,48,76,18,138,72,58,18,0,82,98,34,16,0,8,55,38,16,8,22,29,6,27,227,3,114,40,16,2,53,12,7,4,0,3,78,12,124,23,27,52,25,5,42,157,2,15,19,0,18,12,6,36,4,19,0,36,20,22,35,60,4,5,1,59,44,0,2,37
09:32:00,10,21,16,4,25,1,45,104,2,54,44,60,0,2,20,83,125,96,1,2,0,36,45,69,21,74,23,0,32,23,106,27,31,88,14,33,46,27,0,0,63,32,9,0,8,0,8,71,41,0,18,13,0,71,127,10,131,20,27,0,10,34,4,7,8,0,18,17,148,0,3,14,1,11,55,41,0,6,24,0,28,13,19,0,2,12,0,0,62,38,77,24,19,23,26,41,9,0,3,2
09:33:00,7,2,2,4,8,15,59,2,18,32,41,6,24,68,21,18,64,115,1,0,0,3,10,53,7,29,3,0,18,0,192,16,18,27,11,19,26,25,0,0,44,0,11,0,3,12,49,11,0,4,0,30,0,30,149,0,69,18,1,0,1,0,1,9,0,0,14,2,152,34,5,11,3,5,15,65,0,6,0,0,25,6,9,13,0,1,0,0,9,25,35,39,13,0,4,20,21,13,6,13
09:34:00,0,0,0,2,27,10,113,20,2,19,35,0,1,9,19,19,20,61,3,3,1,1,18,19,0,2,9,0,37,0,77,11,3,27,34,3,14,41,4,0,52,8,2,31,5,0,42,9,4,5,39,18,0,10,127,2,34,0,1,0,2,1,11,22,0,2,4,2,188,0,0,4,11,11,32,12,0,7,15,0,12,12,20,0,0,4,3,0,8,52,20,7,24,3,7,7,3,3,0,14
09:35:00,33,7,0,1,15,7,124,50,7,11,39,12,19,9,5,26,22,50,0,18,0,22,8,33,2,38,3,1,37,4,37,27,2,60,36,3,11,18,1,29,81,16,5,3,0,4,0,24,11,1,2,13,0,13,97,10,79,0,4,0,3,14,28,10,0,2,28,8,157,27,2,19,30,12,41,8,0,8,45,33,23,10,2,0,3,9,0,2,19,91,85,15,3,11,2,3,4,9,3,8
09:36:00,11,3,2,1,26,15,83,7,0,29,53,4,0,12,33,3,23,14,0,11,0,12,30,51,1,29,4,14,27,40,16,25,0,28,9,26,11,37,0,3,5,0,1,5,0,1,19,6,1,5,9,27,3,28,93,0,25,0,0,0,1,3,8,6,0,2,1,2,123,5,0,7,5,8,22,102,0,7,36,0,5,5,0,2,0,55,0,0,44,32,38,28,9,16,10,63,25,0,0,2
09:37:00,12,0,0,5,12,12,110,13,0,7,38,3,8,9,7,10,75,30,1,1,0,1,6,111,5,19,16,1,22,1,22,14,18,30,13,20,4,63,1,7,58,21,7,1,3,1,7,8,2,1,4,17,3,9,59,9,60,0,0,0,2,6,3,1,0,2,32,35,70,23,27,0,7,4,42,40,2,11,24,0,11,1,21,0,8,3,0,0,19,9,17,18,2,5,5,1,6,1,12,3
09:38:00,10,4,18,7,2,16,62,4,1,14,24,11,13,91,55,8,118,34,1,2,3,3,2,119,2,24,7,16,22,0,38,2,2,9,5,9,6,31,0,8,42,17,10,19,3,5,49,11,1,3,2,18,0,19,119,0,64,1,29,1,0,0,29,1,1,0,5,3,121,26,24,3,8,7,38,61,0,9,33,26,10,3,0,23,3,0,0,22,11,11,43,8,4,3,5,31,4,2,0,15
09:39:00,10,7,6,7,32,2,42,8,0,12,11,10,29,5,8,6,83,41,1,8,2,2,33,64,1,5,12,1,59,0,55,13,11,25,0,5,5,27,0,1,55,3,2,3,4,2,3,22,5,5,2,9,1,51,92,0,23,1,0,25,3,5,4,12,1,0,7,5,93,2,35,0,10,6,33,69,27,8,23,11,60,17,0,1,7,13,0,1,0,14,57,1,15,1,4,2,3,0,0,29
09:40:00,10,0,2,17,27,18,79,2,0,4,18,6,11,5,36,7,143,53,0,2,2,0,7,65,0,63,4,0,65,0,23,4,1,60,0,2,4,30,0,2,28,20,1,31,0,3,20,13,3,1,5,28,4,23,68,1,45,12,0,0,1,0,28,7,0,1,15,9,86,6,1,0,2,2,20,11,0,2,5,0,8,2,0,0,12,14,0,0,3,82,59,1,4,0,0,17,1,3,0,5
09:41:00,7,0,2,0,4,0,50,49,1,2,7,2,2,4,5,14,90,45,0,0,4,2,4,19,1,24,16,0,98,0,55,8,1,27,0,1,6,65,6,1,12,4,2,8,1,0,18,92,1,1,0,65,1,27,98,0,26,5,0,0,2,0,18,1,0,1,8,1,76,9,5,1,2,11,42,4,0,0,26,0,3,13,13,6,3,15,1,4,6,11,27,36,5,2,1,3,7,1,5,16
09:42:00,0,0,0,3,4,4,63,114,1,7,11,5,20,2,25,3,49,12,0,12,1,0,1,16,0,20,6,0,36,0,47,16,19,16,7,7,6,65,0,0,44,16,4,0,2,1,43,20,52,0,0,27,0,15,92,0,58,0,1,0,2,9,27,6,0,8,0,0,89,0,5,0,2,10,4,102,2,3,2,0,17,3,0,1,2,1,0,0,22,11,21,0,0,3,1,4,3,2,0,28
09:43:00,7,13,26,8,5,12,21,0,0,16,32,17,28,4,4,3,56,39,0,5,1,0,23,12,1,22,5,15,59,1,48,1,10,17,0,27,1,103,0,0,86,9,12,0,3,9,4,3,2,2,10,86,0,16,108,18,20,0,1,0,1,9,4,24,0,0,0,0,177,0,4,48,13,2,12,37,12,0,20,0,14,4,0,18,2,2,1,41,10,1,29,18,9,6,10,13,91,0,0,8
09:44:00,3,1,1,1,5,11,17,5,5,2,46,0,14,3,6,3,25,33,1,2,0,0,1,5,0,8,3,2,61,0,22,16,8,12,6,8,5,74,0,0,42,13,1,0,1,0,2,48,16,3,1,37,0,9,84,0,26,0,9,0,55,3,2,7,0,0,5,0,68,2,8,0,0,0,9,2,0,12,5,0,2,15,8,0,4,11,0,1,0,10,11,0,4,6,6,22,3,1,0,5
09:45:00,3,0,0,0,0,1,41,4,1,1,5,0,13,4,9,31,55,33,0,8,7,1,1,0,0,22,5,0,5,0,70,34,0,23,1,0,0,9,0,0,92,7,24,0,8,0,21,2,7,5,2,40,3,14,99,0,31,2,1,0,5,2,47,11,0,0,6,0,54,0,10,1,1,5,67,46,0,0,16,0,12,4,0,1,13,17,0,1,0,2,26,8,2,10,0,2,4,0,0,24
09:46:00,33,0,0,3,3,14,25,8,2,15,20,0,15,8,8,64,29,20,0,0,1,18,0,34,9,2,0,0,48,0,10,17,0,22,1,0,10,25,0,0,81,28,1,0,0,0,1,0,1,0,2,13,0,16,93,0,37,0,1,0,2,2,5,1,0,0,3,0,84,0,22,1,5,8,16,4,0,0,4,0,37,3,0,0,6,14,0,0,2,1,43,0,2,9,0,2,1,0,0,7
09:47:00,0,0,1,0,7,5,21,34,0,24,11,12,8,3,5,2,35,10,3,1,0,36,20,50,1,7,2,0,55,46,20,23,0,38,1,9,1,1,2,1,65,6,1,0,2,0,23,11,0,1,0,14,0,24,117,0,79,0,0,2,3,2,0,1,0,0,1,0,17,5,1,1,2,9,17,119,0,6,1,0,43,4,0,1,7,31,0,1,1,7,35,0,2,3,7,1,7,0,0,8
09:48:00,2,0,0,0,16,8,20,7,7,1,13,15,14,3,7,37,38,38,14,8,0,0,3,6,0,53,1,1,64,5,52,0,0,15,3,25,0,17,2,2,113,16,4,2,2,1,58,3,3,0,1,41,0,7,127,0,84,1,0,0,2,3,2,0,0,0,16,0,56,22,1,1,0,0,109,39,0,0,11,0,21,3,4,5,1,16,0,0,31,8,51,2,0,5,2,4,12,0,0,27
09:49:00,1,2,1,0,0,22,32,6,0,11,21,0,7,7,17,8,56,90,4,6,1,0,0,5,0,42,10,0,39,0,65,0,0,10,4,0,3,2,6,0,70,21,2,22,1,2,0,2,15,0,6,42,0,19,136,3,72,19,0,0,2,2,41,13,3,1,7,0,44,12,0,3,5,12,29,9,0,0,36,0,14,7,12,0,0,15,1,11,36,17,49,0,17,10,3,2,8,15,0,12
09:50:00,0,0,2,0,9,11,26,9,0,2,18,12,0,3,12,25,40,32,5,4,6,19,3,23,9,12,0,6,46,0,49,14,0,23,4,0,0,7,0,17,86,15,4,12,0,2,9,1,0,4,0,40,28,8,147,4,88,0,0,1,1,1,2,2,0,0,11,0,32,12,1,0,16,3,38,51,0,1,29,0,0,21,0,0,1,1,1,15,0,18,40,2,7,0,14,3,10,0,0,15
09:51:00,0,2,1,3,2,21,25,5,0,3,11,1,2,3,15,22,26,52,1,4,2,2,0,9,1,15,0,0,24,0,86,10,0,12,4,3,1,9,61,3,64,11,3,0,3,3,0,3,0,1,0,40,25,27,114,2,60,0,0,24,2,0,5,3,0,0,11,0,42,0,5,1,0,1,18,71,0,3,18,22,9,4,0,1,0,27,3,9,19,5,31,1,0,7,1,2,3,0,0,3
09:52:00,0,4,0,0,6,16,30,3,0,2,43,9,4,5,23,11,109,20,0,0,4,0,0,63,1,24,3,0,56,0,39,4,0,25,1,6,23,45,0,0,40,26,14,0,1,0,5,1,5,1,2,23,11,9,93,1,37,1,0,1,1,0,0,17,0,1,11,2,76,3,7,1,1,0,56,44,0,1,0,0,8,2,0,4,2,8,0,4,9,23,17,24,10,0,0,2,8,6,0,2
09:53:00,19,1,1,3,0,18,40,0,0,5,14,0,2,8,15,7,91,26,0,15,0,16,0,28,0,36,0,0,44,4,35,5,2,15,4,24,13,52,0,0,22,11,5,13,1,0,11,1,20,2,2,5,12,11,108,0,29,1,23,0,2,0,4,0,0,2,7,0,31,11,9,0,0,3,44,116,0,1,6,11,25,9,0,4,2,0,0,3,41,8,14,1,13,0,1,3,10,0,6,4
09:54:00,0,0,0,1,1,17,37,8,0,10,16,0,19,10,14,9,11,42,0,0,0,3,16,12,0,22,2,0,58,1,52,4,0,10,1,12,5,3,0,0,55,50,2,0,0,0,3,4,16,1,2,10,7,10,71,0,79,2,0,0,2,10,1,0,0,2,5,0,36,2,2,1,2,0,26,6,1,17,2,0,11,5,0,1,3,0,0,2,6,4,61,0,12,9,3,39,8,0,0,1
09:55:00,6,2,1,0,6,21,70,4,0,7,41,2,0,3,84,40,8,18,2,7,1,0,15,19,0,9,1,0,45,0,17,5,0,11,1,3,0,1,3,1,47,22,7,1,2,1,18,41,13,1,1,29,8,4,109,0,33,0,0,0,2,1,4,0,0,0,8,0,72,0,7,1,6,1,25,47,0,0,3,0,14,6,0,0,2,1,0,0,0,12,23,8,9,12,0,1,6,0,0,22
09:56:00,7,0,0,2,2,18,71,0,0,8,12,1,0,4,14,1,85,68,0,3,0,0,0,57,0,8,1,0,35,3,20,32,0,54,4,0,1,32,15,1,44,19,10,0,0,1,9,1,1,0,2,56,15,16,115,3,23,0,0,3,3,0,2,0,0,0,1,0,83,2,2,0,0,0,26,32,1,2,1,0,43,10,0,0,10,1,0,1,2,5,26,3,5,6,3,4,8,11,0,7
09:57:00,6,5,0,1,0,10,25,24,0,1,8,0,1,5,10,1,41,23,0,15,0,0,1,4,1,7,1,5,7,0,21,0,0,2,3,0,9,14,1,1,4,16,8,0,1,1,0,0,0,0,1,22,12,2,120,0,23,0,1,0,2,0,0,14,0,0,6,0,30,1,2,1,2,0,23,15,0,2,10,1,2,18,0,1,1,12,4,0,2,2,13,7,2,8,2,6,8,10,0,11
09:58:00,8,10,4,2,0,5,48,0,7,24,34,0,0,3,14,3,21,56,10,1,0,0,0,19,10,13,2,0,23,2,24,2,0,38,4,0,9,8,0,0,81,16,7,0,2,0,18,4,2,8,3,15,12,23,82,2,73,5,1,0,5,2,6,1,0,2,15,6,26,14,3,1,1,1,32,55,0,0,7,0,3,6,11,0,11,0,0,0,28,7,21,30,11,6,1,9,5,9,0,18
09:59:00,17,0,0,0,6,25,78,22,5,20,29,22,0,2,16,8,30,93,1,5,1,39,26,68,2,80,2,0,61,1,33,2,0,12,1,0,6,14,0,10,72,13,5,0,1,0,10,3,7,3,3,14,8,22,107,0,121,11,0,0,4,2,4,2,0,1,35,13,33,21,4,2,4,31,44,39,0,15,2,0,9,3,1,1,8,3,0,0,26,17,67,8,8,5,0,21,2,2,0,10
10:00:00,27,0,2,0,0,12,76,1,1,0,9,0,8,1,13,31,10,68,18,0,0,1,7,76,0,5,35,0,7,1,17,2,0,24,10,0,3,48,0,1,19,23,10,1,0,0,7,1,13,4,41,2,11,15,80,2,26,1,1,0,6,8,33,0,0,0,3,2,32,2,6,2,4,6,0,8,0,0,27,0,35,53,0,12,4,16,0,2,15,27,29,7,11,9,2,9,2,1,0,32
10:01:00,6,14,3,4,16,18,78,9,10,5,30,0,15,2,9,8,15,27,1,7,1,1,3,46,12,28,3,1,27,0,10,5,0,40,0,41,20,6,22,6,60,13,11,16,2,12,35,2,6,1,19,7,7,5,127,0,76,3,15,0,3,5,22,0,0,0,27,0,33,8,29,8,11,0,48,60,0,0,0,7,18,23,0,4,3,12,1,17,30,8,48,4,5,8,2,20,2,11,0,7
10:02:00,0,0,4,0,2,21,85,6,0,13,33,0,6,7,9,0,12,42,0,6,0,0,32,32,1,33,4,1,11,0,10,6,0,19,3,0,6,2,0,2,39,15,6,0,2,1,6,4,0,0,0,20,11,44,111,0,26,1,0,0,5,3,4,0,0,0,11,10,105,0,1,0,20,1,21,59,0,0,1,0,40,34,1,0,3,5,6,3,15,18,27,0,1,14,1,6,2,0,0,38
10:03:00,11,4,10,1,3,7,47,18,0,8,7,0,9,8,27,3,10,41,0,1,0,2,13,12,0,18,2,0,19,1,16,3,0,32,33,3,7,8,0,3,25,6,11,0,6,5,9,3,0,0,0,61,12,15,73,0,25,0,0,0,4,0,3,20,0,2,8,1,49,2,1,3,0,9,25,15,0,2,12,0,32,6,0,1,3,47,0,0,4,17,4,2,1,10,3,5,3,0,1,17
10:04:00,1,0,1,1,3,10,33,20,0,12,7,0,0,9,22,31,9,31,0,1,0,0,1,35,5,7,0,0,14,1,17,15,0,24,1,5,14,4,0,1,8,12,14,0,3,0,18,10,0,4,3,45,12,23,57,0,33,0,0,0,6,0,0,0,0,0,4,1,24,0,6,1,0,1,16,8,0,3,4,0,4,6,0,1,0,19,1,2,9,14,6,33,8,6,0,11,2,0,0,7
10:05:00,0,0,2,0,0,0,52,28,0,8,9,2,0,12,27,2,5,17,0,12,0,1,26,40,0,2,2,1,22,1,49,2,27,23,0,1,13,3,0,0,62,22,12,1,1,1,7,14,0,0,0,29,13,14,64,0,46,0,0,1,3,1,1,0,1,0,9,0,89,0,5,3,4,3,22,74,1,2,0,13,4,4,0,2,1,33,0,5,7,12,4,1,2,8,12,0,3,11,0,6
10:06:00,9,0,11,2,0,1,47,36,1,3,6,2,2,9,22,6,10,5,14,0,0,13,0,2,0,3,9,0,23,1,30,0,0,9,2,1,3,20,3,0,47,13,1,8,2,0,19,17,8,1,2,25,16,23,59,4,33,0,3,0,11,0,0,0,0,1,5,0,83,3,1,3,3,4,30,25,20,2,33,0,12,43,1,0,2,52,1,9,3,22,23,0,9,7,0,1,2,0,0,4
10:07:00,15,0,1,2,1,21,89,31,0,12,23,1,1,7,28,27,2,64,0,3,0,9,0,0,7,25,2,1,19,0,28,2,0,16,2,0,0,2,17,9,43,20,2,0,0,2,9,9,28,3,1,21,14,4,113,16,82,35,0,0,13,11,2,2,0,1,18,0,89,2,0,1,3,0,39,62,2,0,15,0,25,20,0,0,5,8,0,11,46,8,9,28,2,5,0,3,3,0,17,2
10:08:00,1,2,2,1,5,0,68,6,0,10,14,1,1,13,21,0,13,51,0,3,0,0,0,0,1,77,1,2,13,1,27,2,27,30,1,36,0,3,0,7,47,5,2,27,0,3,0,5,31,0,2,19,4,19,60,0,39,1,0,0,7,0,8,1,0,0,29,3,65,11,3,3,7,3,44,2,18,29,38,11,33,3,24,1,2,1,0,0,13,4,31,3,0,3,14,6,2,4,0,40
10:09:00,0,2,0,27,1,0,86,12,0,3,8,37,2,7,16,15,1,20,2,3,0,0,2,2,0,11,4,0,21,0,1,5,0,5,29,0,4,3,0,5,23,23,16,11,0,10,10,7,0,0,0,35,4,0,89,1,18,0,0,0,12,0,8,0,1,28,39,0,111,12,3,2,7,0,27,12,0,0,6,0,8,3,0,0,2,31,0,2,9,9,12,7,13,3,9,7,5,0,0,18
10:10:00,0,7,1,0,11,20,55,0,0,13,12,0,6,6,20,18,1,37,0,8,2,1,0,78,0,16,0,0,15,0,2,5,21,28,9,3,25,99,0,0,41,13,2,4,1,5,2,8,0,0,1,31,9,7,111,1,40,3,0,0,9,0,2,0,0,2,18,1,140,0,1,2,4,0,11,88,0,0,14,0,1,6,0,0,0,28,0,1,9,5,25,32,9,3,3,5,7,0,17,9
10:11:00,0,5,1,2,8,1,47,0,6,13,17,2,18,9,36,3,3,40,6,4,2,5,5,21,6,25,11,14,15,2,9,2,0,19,26,6,4,10,0,1,25,10,54,0,0,2,2,12,0,0,22,36,17,40,75,0,48,0,0,1,85,0,5,1,0,2,0,1,122,0,2,3,14,0,13,9,0,0,5,0,1,22,0,5,1,4,0,4,6,3,18,9,2,1,14,2,8,0,0,22
10:12:00,1,3,0,3,12,7,33,1,0,30,20,20,0,7,34,2,15,19,0,5,1,2,15,37,0,3,0,0,16,0,16,0,1,13,7,1,4,37,0,8,28,8,16,2,5,1,0,124,2,0,2,18,7,42,96,2,50,0,38,0,17,13,0,0,0,0,1,18,23,2,27,2,3,0,30,8,0,0,13,0,6,15,0,28,1,15,5,27,4,26,29,5,0,0,0,35,8,0,8,34
10:13:00,1,1,1,2,1,0,36,0,0,5,13,0,0,7,24,16,9,5,0,7,3,17,10,44,0,12,2,14,16,18,44,7,5,14,2,3,4,3,0,0,24,14,6,0,0,0,2,9,1,1,0,16,3,23,112,0,23,0,0,0,2,1,17,2,0,0,0,3,30,2,0,28,10,0,33,34,0,0,13,0,8,8,5,2,2,2,1,10,15,64,20,0,1,6,0,5,9,3,0,15
10:14:00,10,0,10,2,5,0,46,2,9,10,24,0,0,14,10,7,1,11,2,5,0,0,7,185,0,44,19,7,45,0,15,3,0,28,4,3,12,13,0,1,32,31,3,0,1,2,79,10,2,4,0,13,0,50,131,0,15,0,0,0,3,0,9,21,0,2,29,9,96,15,3,3,8,1,13,6,0,0,37,0,1,3,0,2,1,13,0,12,21,55,35,0,13,3,3,6,3,0,0,7
10:15:00,0,8,5,3,3,16,17,20,6,41,11,0,6,118,22,10,34,74,0,12,0,1,4,105,4,11,1,0,18,1,13,7,0,5,25,3,8,4,7,0,32,27,0,0,2,0,2,21,7,4,0,3,0,80,95,1,15,1,0,0,72,1,1,0,0,2,27,0,99,12,1,3,4,6,28,11,0,1,39,0,6,5,16,0,2,32,2,20,19,76,12,2,16,1,0,24,1,0,0,27
10:16:00,7,0,41,4,3,5,52,3,0,34,16,0,4,1,5,4,9,18,0,23,1,0,20,8,1,3,2,0,44,3,11,46,1,35,15,3,6,11,27,0,37,10,2,0,0,0,10,35,0,1,5,3,0,101,95,20,62,0,0,0,9,0,0,0,0,0,1,22,28,0,2,32,7,1,17,12,0,2,0,0,1,1,0,2,7,12,3,21,3,34,20,30,2,0,0,5,3,6,8,40
10:17:00,1,2,3,1,11,0,68,0,1,15,17,0,18,1,5,6,1,66,1,11,3,0,21,43,0,26,0,4,44,0,19,8,15,3,8,2,16,8,0,1,44,1,3,0,0,0,0,72,0,5,2,27,0,62,79,0,21,0,0,0,46,0,0,0,0,4,26,3,24,4,0,10,4,1,5,7,18,0,21,0,13,4,10,1,15,55,3,2,7,20,28,11,3,0,0,4,2,2,2,11
10:18:00,1,0,3,2,6,5,26,2,0,13,18,0,8,3,6,6,2,34,11,5,2,4,12,36,2,56,0,4,33,0,47,2,0,9,6,0,1,110,3,1,39,67,9,0,0,0,6,24,0,1,0,6,4,51,68,3,82,0,3,0,42,0,4,87,2,3,6,1,77,7,12,2,4,1,3,3,1,0,12,0,13,4,0,1,10,1,0,13,26,8,25,2,11,0,8,2,1,4,2,10
10:19:00,0,1,18,3,8,5,30,40,2,23,35,1,0,3,9,16,0,6,3,7,0,19,29,28,0,24,1,0,50,0,16,1,0,24,1,0,7,27,10,1,39,47,0,0,0,1,0,28,0,0,0,22,0,75,39,4,27,0,0,0,2,6,2,5,1,18,2,5,69,7,1,1,0,50,15,2,0,4,10,0,4,19,16,6,15,1,0,0,21,5,24,29,0,6,7,0,0,4,1,15
10:20:00,0,1,0,2,15,10,82,22,0,18,11,36,0,3,11,47,0,112,1,0,1,22,8,35,1,30,1,15,54,0,18,18,22,47,7,1,8,10,2,8,46,50,7,8,0,16,74,66,0,0,1,14,12,59,105,6,74,11,10,31,3,17,67,3,0,0,9,4,49,0,3,1,8,12,88,92,0,0,14,0,10,7,0,8,2,6,0,5,34,1,27,4,3,5,6,16,1,5,1,9
10:21:00,2,0,1,1,4,1,61,1,0,8,9,0,0,1,10,1,0,33,1,9,1,0,5,11,2,1,0,2,20,0,12,7,1,20,5,2,19,29,0,7,37,16,9,0,2,1,0,22,0,0,1,30,0,51,87,0,15,0,0,0,5,1,7,0,0,0,11,9,41,2,2,3,2,3,30,7,0,0,54,0,4,9,0,1,9,2,1,14,13,5,11,5,11,2,4,9,1,0,18,20
10:22:00,1,5,0,5,7,2,70,1,0,22,8,2,0,3,10,19,4,51,0,12,0,23,7,9,0,85,0,0,61,0,25,4,4,43,4,30,0,20,0,0,40,29,4,0,1,0,5,47,1,0,0,14,0,41,73,0,44,3,0,0,43,0,2,7,0,0,8,1,29,11,3,0,2,30,23,10,3,2,41,0,16,2,0,1,1,83,4,4,18,1,33,5,10,1,5,13,1,0,0,15
10:23:00,8,0,1,3,17,3,40,0,5,9,16,0,4,3,9,4,0,22,1,18,0,0,7,7,0,12,1,0,21,26,13,4,0,43,2,4,1,35,2,0,23,12,1,0,2,0,0,5,3,6,1,29,3,44,94,0,42,1,0,0,15,4,3,2,0,1,4,9,12,1,28,2,4,8,14,19,0,0,12,0,16,4,0,19,7,7,2,0,14,6,16,6,10,0,11,11,1,2,2,6
10:24:00,10,0,1,4,23,8,63,43,0,8,52,0,0,8,18,52,1,13,2,0,0,22,6,10,0,24,27,15,13,37,9,9,1,33,1,1,7,30,1,2,14,5,0,0,0,1,0,54,2,2,0,10,3,6,77,0,46,0,0,6,1,1,8,1,0,1,1,14,26,1,0,0,3,0,15,13,0,1,6,0,37,11,24,12,2,7,1,5,4,4,26,28,0,1,3,2,1,2,12,5
10:25:00,0,0,3,43,10,11,19,0,0,16,13,3,0,10,3,1,5,22,0,13,0,27,0,9,2,19,25,0,28,21,16,13,0,19,3,15,1,46,2,1,32,36,2,0,0,4,5,32,2,1,1,1,0,28,60,0,33,0,0,0,11,4,24,4,0,0,12,3,16,10,0,29,6,4,0,94,0,0,3,0,6,12,0,0,2,4,1,12,16,7,30,0,23,1,35,4,1,5,5,26
10:26:00,0,3,32,1,48,0,46,5,0,8,23,6,6,8,8,0,26,4,1,0,0,3,6,5,4,4,0,1,20,5,11,13,3,28,2,19,3,57,0,0,10,6,10,0,0,2,1,4,59,0,0,10,1,41,29,0,28,0,0,0,1,1,8,0,0,0,11,3,99,0,0,1,4,15,9,0,1,2,35,0,3,5,0,0,4,3,0,2,0,1,14,0,0,4,5,1,1,0,0,0
10:27:00,0,13,32,7,12,2,36,18,0,10,5,28,0,4,9,27,0,112,6,10,1,1,16,23,7,35,5,0,59,0,5,15,22,13,6,2,2,127,0,0,39,25,22,0,1,2,34,5,1,2,29,16,1,18,80,0,26,0,10,1,1,0,0,0,0,12,18,0,78,14,2,1,12,4,65,13,7,74,0,0,11,17,0,19,9,1,0,2,24,5,31,15,10,0,5,6,1,0,0,29
10:28:00,13,3,2,1,13,3,18,12,2,16,1,7,0,15,7,3,0,15,0,2,20,1,12,40,2,22,18,0,24,13,0,10,2,18,0,13,7,27,20,0,7,17,0,0,3,0,3,7,1,3,1,10,0,78,111,0,5,0,3,0,1,9,3,0,0,1,3,6,13,0,7,1,7,1,4,9,0,2,1,2,2,5,0,0,4,69,2,1,5,12,29,14,6,5,5,2,3,2,0,24
10:29:00,0,0,2,2,5,10,10,10,6,15,5,7,0,154,19,1,5,33,0,3,0,1,14,8,0,3,3,0,41,1,1,7,1,10,11,2,16,45,0,0,3,4,4,1,0,0,1,9,0,0,1,12,1,66,106,9,7,0,0,1,27,0,1,8,0,1,2,10,3,2,0,5,5,4,13,10,3,0,1,0,7,16,0,0,2,0,0,2,0,12,2,8,10,0,5,9,1,1,0,4
10:30:00,1,0,0,0,6,2,74,13,0,17,8,1,0,2,11,3,8,56,0,3,0,4,6,84,0,79,4,1,48,8,24,19,16,16,2,3,2,26,0,13,43,46,0,6,0,2,27,7,21,1,7,1,0,25,77,5,93,0,0,1,3,13,2,8,46,1,21,3,76,12,2,1,8,22,21,52,0,0,6,1,22,1,0,26,4,0,0,1,21,12,45,19,18,0,27,30,0,1,0,45
10:31:00,0,0,3,0,7,10,82,5,0,10,28,1,0,5,25,7,0,8,1,4,2,13,17,41,3,24,3,0,41,0,7,5,1,18,2,18,2,19,1,0,20,12,15,10,0,1,4,11,2,3,31,1,0,36,57,0,17,0,0,0,2,1,14,2,0,0,2,1,67,0,9,3,4,6,13,3,7,0,0,0,10,3,0,1,8,3,0,2,0,110,19,4,0,0,6,5,3,1,10,12
10:32:00,0,1,0,0,6,8,61,5,0,4,19,1,1,6,7,21,0,18,0,11,3,13,18,24,1,25,0,0,21,15,7,4,0,6,7,2,1,101,1,0,25,9,1,0,7,2,2,13,1,0,2,18,2,28,34,0,30,0,0,0,16,1,14,0,0,2,0,4,12,1,5,19,10,4,10,4,4,0,0,16,25,1,0,1,8,6,0,43,2,6,21,8,0,2,9,16,2,0,7,4
10:33:00,0,8,4,1,6,9,59,0,2,17,3,2,2,20,52,41,0,110,2,15,0,20,1,16,2,43,4,1,31,16,1,2,21,48,19,0,1,88,2,0,27,56,1,0,1,4,0,24,1,2,38,29,1,45,79,0,32,2,7,8,2,3,0,1,0,3,17,4,64,0,15,4,16,28,14,65,0,0,2,0,7,1,0,1,1,2,0,9,23,24,4,14,1,0,16,17,2,0,2,18
10:34:00,0,6,1,1,0,2,57,0,4,8,2,1,0,6,16,3,0,24,0,4,4,0,7,14,0,6,0,3,99,75,14,11,2,6,0,0,1,13,2,0,11,18,0,0,0,24,1,10,16,2,0,6,2,27,31,0,60,0,2,0,1,2,8,1,0,1,1,5,6,1,36,9,15,2,2,2,0,0,0,0,2,50,0,0,3,3,0,4,1,3,2,0,5,0,6,2,3,5,0,6
10:35:00,0,0,12,2,1,23,45,0,0,9,52,2,2,3,18,16,1,18,0,20,2,0,4,12,1,26,0,0,54,0,3,0,0,4,3,1,2,13,2,0,21,31,5,0,7,0,11,17,11,0,0,5,0,33,76,0,18,0,0,0,19,2,4,1,0,0,0,3,62,8,10,3,3,1,3,8,1,1,11,0,2,1,0,0,3,8,0,0,1,6,13,0,0,1,8,2,1,3,0,13
10:36:00,1,3,19,2,5,2,13,9,1,12,12,1,1,4,54,2,1,46,13,5,0,16,2,2,5,16,15,0,104,0,16,0,4,57,3,0,2,1,1,0,24,17,25,2,0,1,31,15,5,4,0,2,0,27,74,0,29,1,0,0,2,2,7,0,0,0,14,4,4,1,0,1,12,18,37,11,1,6,1,16,34,0,0,0,4,6,0,5,34,26,30,0,0,0,5,1,1,0,0,30
10:37:00,0,4,0,21,8,3,31,38,4,23,11,1,2,2,109,1,7,11,0,8,2,0,4,9,0,5,0,0,50,0,1,1,3,6,14,5,1,28,1,0,27,2,1,0,0,0,1,6,7,0,0,9,0,49,53,0,22,0,4,0,5,2,19,1,0,17,2,0,9,0,2,1,8,7,15,73,1,6,9,1,2,5,8,0,5,5,0,0,2,13,6,9,0,0,4,1,4,1,0,13
10:38:00,25,2,0,0,1,6,55,0,1,19,22,0,0,19,48,1,31,7,0,1,1,0,0,0,2,0,0,0,20,0,31,12,0,7,7,2,8,54,2,11,9,0,2,2,0,0,40,15,13,4,0,0,1,35,23,0,6,0,2,0,13,1,15,0,0,0,2,3,13,7,9,20,1,0,9,11,9,11,5,2,10,2,0,0,8,3,0,7,2,3,18,0,3,0,5,2,1,0,0,28
10:39:00,1,0,6,0,0,9,16,0,3,21,33,12,0,4,48,5,0,50,0,1,0,0,4,4,0,5,0,12,36,0,17,1,0,7,18,1,6,24,2,0,18,35,1,0,1,0,3,39,23,1,1,0,3,54,28,0,3,2,0,0,2,2,2,7,0,2,0,3,7,0,1,1,5,0,9,57,0,2,2,0,3,16,1,0,3,3,0,9,0,63,17,2,0,0,7,0,2,1,0,6
10:40:00,1,0,29,0,0,2,15,1,0,15,25,3,0,2,34,2,0,6,0,2,0,0,12,8,2,1,13,0,34,2,1,19,0,16,4,3,2,3,2,0,5,3,3,0,0,0,17,13,15,0,1,16,0,67,26,0,9,1,0,0,46,8,13,0,1,0,4,3,8,4,5,0,2,2,4,16,1,0,20,0,24,5,0,0,6,6,0,0,2,13,4,2,0,0,8,4,1,0,0,1
10:41:00,0,0,4,1,0,3,15,26,2,16,13,10,1,0,9,60,0,32,1,0,1,0,1,14,0,1,0,2,49,0,11,0,1,21,44,2,13,16,2,1,10,3,1,0,2,1,57,2,29,0,0,0,0,11,63,6,19,0,0,5,4,1,12,1,0,1,4,3,7,1,16,2,3,0,8,18,1,1,8,0,0,1,19,0,0,3,0,9,0,2,10,2,0,1,5,2,1,1,0,5
10:42:00,2,1,0,4,0,15,43,0,0,23,10,11,0,1,11,3,14,8,0,1,0,0,0,2,0,0,0,0,35,11,1,0,0,48,0,4,5,29,1,1,4,20,1,0,0,5,0,18,2,2,0,0,0,16,88,1,24,0,0,0,2,1,7,1,1,3,5,2,7,1,2,2,8,0,28,19,0,0,2,1,1,2,0,0,0,40,0,4,0,4,4,11,0,3,5,6,4,0,0,0
10:43:00,0,0,1,2,1,3,14,2,0,17,19,12,0,2,2,1,1,15,7,14,2,0,3,8,0,2,0,1,23,8,33,9,1,38,0,4,1,64,1,0,32,2,0,0,0,0,1,2,3,1,4,6,0,10,68,0,19,0,0,0,6,0,26,0,0,0,3,3,11,2,0,0,2,10,1,19,10,1,9,0,2,3,0,0,6,5,0,14,9,5,25,38,0,5,6,0,1,0,0,6
10:44:00,0,9,2,3,18,1,5,2,0,19,3,11,2,1,2,2,0,24,0,2,2,5,0,0,0,48,0,0,34,37,12,8,1,57,1,43,17,10,3,1,31,19,3,0,0,0,53,2,2,0,0,9,0,6,37,0,49,0,0,0,63,0,9,3,0,1,27,1,9,26,0,2,4,2,54,83,1,37,1,0,18,6,0,6,2,1,0,3,1,7,42,6,0,5,27,0,1,1,4,14
10:45:00,0,0,17,1,9,17,63,7,0,29,3,8,3,1,2,2,0,55,0,6,0,11,16,2,0,35,5,0,32,0,8,16,3,18,14,5,1,16,2,0,33,41,13,0,0,0,36,3,3,0,1,0,0,31,41,10,27,0,0,0,3,0,3,1,0,0,2,4,11,0,0,2,4,4,39,8,0,0,9,0,4,5,0,0,1,4,0,1,35,69,19,10,0,14,7,1,1,0,0,10
10:46:00,0,0,0,1,0,2,7,30,2,18,1,5,0,1,21,3,0,2,0,3,0,0,0,5,0,18,1,0,34,0,11,13,12,0,3,2,1,5,1,0,24,4,0,0,2,0,7,8,3,0,0,0,0,18,25,0,74,2,0,1,3,0,3,28,1,0,19,8,5,0,0,3,3,1,28,40,1,0,3,0,13,4,0,7,2,1,0,1,9,2,53,17,1,7,6,25,1,0,5,2
10:47:00,0,12,1,0,3,2,78,0,0,16,3,16,0,1,8,1,0,68,0,7,1,4,0,156,1,23,1,1,39,0,0,9,1,39,3,1,1,4,0,0,44,24,0,0,2,0,0,10,29,7,3,4,1,22,47,0,41,1,0,0,1,1,29,16,22,0,12,17,97,12,19,2,10,19,10,18,1,2,5,0,15,2,0,1,3,6,0,1,10,79,32,14,0,5,6,3,1,0,1,12
10:48:00,0,0,5,0,6,1,64,0,13,9,2,17,30,3,10,3,0,38,0,4,0,0,1,3,5,4,0,1,26,0,9,1,11,11,12,4,1,3,0,0,12,5,52,34,0,0,0,5,2,0,19,2,0,14,40,0,49,2,0,0,2,0,0,40,0,0,8,3,83,11,1,1,15,0,40,17,0,2,4,10,27,3,0,0,2,11,0,14,6,15,43,7,27,8,6,0,1,20,0,21
10:49:00,1,4,12,1,2,3,24,0,0,15,0,3,14,3,27,32,30,18,1,0,1,1,0,1,1,71,2,0,17,0,8,2,12,4,5,22,0,2,0,8,27,6,1,4,0,0,27,11,4,0,0,18,1,20,28,0,47,0,0,0,1,0,8,21,0,1,3,2,18,1,0,4,21,0,43,14,2,4,7,1,1,3,0,3,7,26,0,2,7,11,2,1,2,9,6,2,1,4,0,3
10:50:00,0,0,14,2,4,1,52,0,1,11,7,5,25,7,21,2,0,5,0,1,2,0,0,6,1,12,1,0,5,0,10,12,4,10,4,11,2,7,0,0,32,5,2,3,0,0,23,4,3,0,1,5,0,9,44,0,19,0,0,0,1,2,0,1,0,0,11,2,5,34,0,1,4,5,11,21,1,2,6,2,1,1,0,0,3,5,1,2,2,9,23,3,7,8,6,3,1,1,0,2
10:51:00,0,2,5,1,4,6,12,4,1,11,8,1,0,8,8,1,5,32,0,0,0,0,0,0,2,0,4,5,37,0,6,13,0,1,0,0,0,44,0,0,19,14,1,4,0,0,3,5,23,2,0,5,0,22,58,0,21,2,0,0,2,0,36,42,0,0,17,1,7,3,0,2,8,0,3,4,2,2,5,0,0,16,1,0,5,3,4,2,0,6,21,3,2,7,4,1,3,0,0,0
10:52:00,1,2,0,0,2,1,13,1,0,7,1,1,11,7,40,0,0,4,0,0,0,0,14,47,0,2,6,0,10,0,7,0,0,7,0,1,2,19,0,0,11,17,0,1,0,0,15,5,7,0,0,0,0,11,55,0,37,0,0,0,3,0,15,17,0,0,0,1,79,0,1,0,7,1,3,4,0,0,1,0,1,6,0,0,5,0,0,0,8,22,6,23,4,7,17,0,0,0,3,7
10:53:00,0,1,0,0,2,1,44,10,0,15,2,0,0,5,44,0,0,22,0,0,0,0,5,9,0,39,0,0,49,0,5,19,0,2,22,4,19,4,0,0,4,5,5,3,1,0,11,8,3,0,0,13,0,7,38,2,16,0,0,0,1,0,1,10,0,0,0,1,26,5,0,2,2,0,15,37,0,3,2,0,0,6,3,0,1,6,0,3,0,0,28,2,0,8,6,1,1,0,0,3
10:54:00,0,0,2,0,0,5,22,0,1,14,3,0,1,2,19,2,0,1,0,9,0,0,0,1,0,10,0,0,22,0,3,0,0,8,0,0,1,1,0,0,40,1,1,2,0,3,12,8,1,0,0,1,0,15,56,0,32,0,0,0,4,0,2,6,0,0,1,4,48,5,0,3,1,0,27,3,1,0,1,0,1,2,1,0,14,36,0,1,0,4,17,5,2,8,6,0,1,0,0,1
10:55:00,1,0,1,0,0,5,14,0,0,10,0,2,37,5,17,2,0,5,0,1,3,0,0,4,0,3,0,2,15,0,2,6,0,10,2,0,4,1,0,0,2,0,0,2,0,0,13,31,2,1,0,8,0,14,79,0,28,0,0,0,2,0,1,1,0,0,8,3,77,0,1,1,0,0,27,7,0,0,3,0,0,3,0,0,0,0,0,1,0,3,4,0,0,10,8,2,2,0,0,1
10:56:00,0,0,6,1,5,9,7,1,0,9,33,0,10,3,27,0,1,6,0,0,0,0,0,10,0,0,1,0,12,0,13,0,0,10,2,2,1,10,1,0,6,2,2,0,0,0,15,24,15,0,0,4,0,31,60,0,7,0,0,0,1,0,13,1,0,1,3,5,8,0,1,2,3,1,9,6,0,2,3,5,27,4,0,0,4,5,4,0,7,7,8,0,0,2,9,7,1,1,0,1
10:57:00,1,0,24,0,0,3,31,0,0,10,1,1,0,2,22,1,1,5,0,3,0,0,3,0,0,12,12,0,5,0,3,1,0,38,1,3,2,3,0,0,3,0,1,1,0,0,11,9,1,1,0,0,8,4,33,0,12,0,0,0,2,0,10,0,0,0,4,2,32,0,0,2,4,0,33,8,1,2,8,0,0,1,0,0,8,4,0,1,0,0,2,2,0,0,6,3,1,0,0,1
10:58:00,0,0,18,0,8,6,42,0,0,9,7,0,0,4,16,12,0,2,0,0,0,0,0,6,2,1,2,0,37,0,5,5,8,27,3,5,2,48,0,0,20,31,1,0,0,0,24,8,8,0,0,0,0,15,43,0,18,0,1,0,2,0,0,5,0,0,13,1,96,0,0,3,1,1,4,23,0,4,2,0,0,1,0,0,6,0,0,0,0,3,3,21,13,1,8,2,1,0,0,1
10:59:00,0,0,4,0,2,3,15,0,0,18,32,0,24,3,130,5,0,30,0,1,1,0,0,1,0,3,0,4,47,0,74,5,0,1,5,30,0,6,0,0,0,1,3,2,0,0,18,9,3,0,0,0,0,14,74,0,17,0,0,0,2,1,0,6,0,0,3,1,63,0,0,1,3,0,8,78,5,7,4,0,3,2,1,1,8,4,0,0,1,0,11,11,0,0,8,1,1,0,0,3
11:00:00,1,0,9,1,4,7,67,0,0,6,35,23,2,2,35,0,1,67,0,0,0,38,0,2,0,41,0,11,23,0,14,3,1,61,1,4,5,1,0,1,44,32,8,0,0,0,4,8,4,2,0,1,0,3,47,0,56,0,1,0,2,21,6,67,0,38,17,0,11,12,0,5,0,19,18,5,0,25,7,1,0,1,0,0,11,10,0,1,23,3,62,0,8,0,20,22,1,0,0,30
11:01:00,1,1,2,1,0,3,22,1,0,10,18,3,25,1,15,4,0,2,0,32,0,0,0,0,0,11,0,0,7,0,11,10,1,2,17,2,2,4,0,0,2,5,6,34,0,0,10,8,2,0,0,12,0,34,35,0,9,0,0,0,1,0,9,0,0,1,2,1,49,0,0,7,12,2,19,7,0,6,8,3,1,7,0,0,4,4,3,2,0,1,8,0,0,0,6,6,2,0,0,7
11:02:00,3,0,3,1,0,3,39,0,0,22,2,1,27,2,11,7,0,19,1,14,1,0,2,7,1,6,0,0,11,0,5,0,0,12,0,0,8,8,1,0,3,0,2,1,0,0,19,11,3,0,0,1,0,10,60,0,10,0,0,0,2,2,9,0,0,0,8,4,6,2,0,1,2,0,17,8,0,9,9,0,0,5,0,0,5,1,0,0,5,3,20,0,0,0,6,3,1,0,0,19
11:03:00,2,0,0,0,0,10,6,1,1,6,4,3,0,5,14,6,4,6,1,11,1,0,0,2,0,34,0,0,36,0,6,9,2,5,2,0,31,31,2,2,25,26,1,0,1,0,3,6,0,0,0,13,0,22,41,0,1,0,0,0,1,3,2,0,0,0,1,2,8,1,1,1,5,2,21,7,0,8,7,0,1,2,0,0,8,3,0,0,0,1,4,1,0,0,6,4,0,0,0,24
11:04:00,0,2,0,1,2,6,44,0,0,11,1,5,0,3,30,7,23,10,11,2,0,0,0,3,0,5,0,1,30,0,2,0,0,6,1,0,0,0,18,11,27,3,2,1,0,1,0,11,2,0,0,2,4,33,62,15,7,0,0,0,5,1,11,0,0,3,2,1,9,0,1,0,0,0,34,10,0,1,0,0,0,3,0,0,1,5,0,2,0,3,4,1,1,0,6,2,1,0,2,12
11:05:00,1,0,4,0,4,8,9,0,0,14,1,1,0,4,29,9,0,2,0,1,1,1,0,1,0,13,0,0,31,0,5,0,1,9,1,5,1,2,2,0,10,1,0,1,0,0,1,5,3,0,1,7,0,12,51,0,10,0,0,0,2,3,14,0,0,0,1,3,107,7,0,1,6,0,22,2,0,1,31,1,1,3,0,0,1,6,0,1,1,1,3,0,16,0,3,2,5,0,0,3
11:06:00,3,2,0,2,6,3,21,4,5,12,23,4,0,3,71,71,1,47,0,10,0,0,1,1,0,0,27,0,11,0,12,1,2,4,1,0,1,0,0,3,11,0,6,0,0,0,0,58,7,1,0,11,0,11,47,10,14,0,0,2,3,0,7,0,0,1,0,4,24,5,0,0,0,0,46,4,0,0,4,0,3,4,0,1,4,54,0,3,1,2,7,1,1,1,5,2,1,0,2,2
11:07:00,0,0,0,2,0,8,3,0,0,11,2,3,3,3,12,4,2,13,0,1,0,0,0,1,0,10,11,0,0,0,7,0,0,11,3,1,2,3,14,0,7,2,0,0,1,1,3,8,1,0,0,1,0,1,44,0,20,0,10,0,3,0,12,3,0,2,0,6,3,0,10,1,1,0,3,7,0,0,7,0,0,4,0,2,9,17,0,2,15,2,26,1,3,0,7,0,1,3,0,4
11:08:00,0,3,0,2,1,22,4,0,5,14,1,0,0,1,36,6,0,46,0,19,1,35,0,3,2,11,0,1,49,0,16,4,0,6,0,1,0,0,1,0,34,12,2,0,0,0,2,24,2,0,1,3,0,32,74,0,13,0,0,1,2,0,5,1,0,0,1,2,1,3,0,4,2,3,12,23,0,0,8,0,13,2,0,2,1,0,0,3,3,3,29,0,14,1,4,0,1,0,0,13
11:09:00,0,1,0,2,0,2,2,0,0,21,1,1,4,5,18,1,0,8,0,5,1,1,27,2,2,2,0,0,26,0,13,1,0,5,7,1,3,4,1,30,7,0,1,1,0,0,54,5,4,0,3,2,0,3,56,1,6,0,0,0,1,0,15,0,0,1,0,0,42,0,0,1,5,0,16,3,1,0,2,0,1,4,0,0,5,4,0,1,8,1,33,3,31,0,15,1,1,0,0,1
11:10:00,0,0,2,2,0,3,7,0,0,17,2,1,2,2,29,20,2,24,1,0,0,2,2,1,0,5,0,0,52,22,36,0,0,28,0,0,5,22,5,1,26,55,2,0,1,0,4,6,6,0,0,7,1,5,50,1,13,0,0,0,1,0,2,0,0,3,1,10,39,1,0,2,11,5,2,16,1,0,0,7,2,2,0,0,2,14,0,0,4,2,19,0,8,0,13,2,2,0,0,14
11:11:00,0,0,8,2,3,22,3,1,0,13,3,1,0,2,24,16,5,4,5,0,2,1,0,1,1,4,19,0,33,1,36,5,0,6,6,49,0,44,1,0,6,8,3,0,0,1,2,13,3,1,0,11,0,10,51,2,69,0,0,0,1,0,22,0,0,3,4,2,2,0,0,0,3,0,15,15,0,0,0,0,1,3,0,1,0,1,1,1,0,0,14,0,9,0,2,1,1,0,0,6
11:12:00,1,0,4,0,5,42,69,0,0,10,2,0,0,2,4,42,0,26,0,0,0,1,0,3,0,15,0,1,30,0,11,1,0,5,35,10,5,25,0,0,20,8,1,0,0,0,67,15,3,1,2,0,0,13,71,1,18,0,0,0,10,0,15,2,0,2,2,1,13,0,0,3,8,0,26,6,0,0,3,0,2,11,0,0,2,2,0,3,13,5,10,42,38,0,6,3,1,0,0,11
11:13:00,0,0,30,1,2,2,10,0,0,14,27,3,0,1,7,1,0,12,0,8,1,6,0,21,0,13,0,0,33,0,15,4,0,55,3,31,38,7,1,0,21,27,2,20,0,0,13,19,3,0,0,10,0,34,41,0,4,0,0,0,6,1,4,0,0,0,17,4,67,0,0,1,9,3,41,95,1,2,2,5,0,20,2,0,1,1,2,0,4,3,25,2,4,1,6,0,1,2,0,10
11:14:00,56,0,31,0,8,3,31,0,0,31,6,0,1,1,20,36,3,45,0,1,0,3,20,13,0,14,0,0,20,0,15,28,0,50,20,16,1,46,8,11,16,21,1,0,0,1,26,62,8,0,0,5,12,24,46,0,51,24,0,0,2,17,0,0,0,0,3,4,52,0,5,0,4,5,62,1,0,3,6,0,0,2,0,0,2,7,0,0,11,12,35,19,20,0,9,1,0,0,0,9
11:15:00,0,0,2,4,1,5,10,0,1,13,0,28,14,6,12,6,0,3,0,1,1,5,0,9,14,1,0,0,40,0,14,0,0,12,2,36,1,10,0,12,11,5,0,0,0,0,1,10,5,0,0,0,0,48,25,3,3,0,0,0,52,0,5,0,0,1,5,4,10,0,1,0,9,18,16,5,1,2,3,0,0,2,0,28,7,39,0,0,4,3,10,1,4,0,6,1,1,1,0,3
11:16:00,5,0,1,0,0,0,10,1,0,8,5,3,1,3,30,2,0,4,2,4,1,1,0,4,3,19,2,1,4,0,5,0,3,23,7,22,1,11,1,16,7,1,1,0,2,0,0,7,0,1,0,9,1,16,53,0,13,1,2,0,3,0,5,1,0,2,5,3,13,2,3,1,4,24,9,7,1,74,1,1,1,10,0,0,9,3,1,2,2,2,5,2,7,9,6,0,2,0,0,0
11:17:00,3,0,2,4,0,2,20,0,0,19,6,1,0,2,12,2,0,9,0,1,0,3,0,8,1,1,0,0,1,0,12,0,19,7,0,10,59,4,1,7,1,0,3,0,1,1,1,10,0,9,0,0,9,25,45,0,60,0,0,0,2,0,35,0,0,5,3,1,8,0,0,1,0,2,1,15,0,0,2,0,0,1,0,7,1,0,0,6,2,7,3,2,11,0,13,2,3,1,0,1
11:18:00,0,0,7,2,4,3,76,0,0,17,8,0,0,2,15,0,0,7,0,15,2,2,10,0,3,6,0,0,0,0,12,0,0,12,0,4,26,2,1,1,29,2,2,0,0,0,25,12,1,0,0,0,0,26,32,20,39,0,0,0,3,1,6,0,0,0,0,0,171,25,0,1,0,1,8,7,0,31,1,1,0,9,0,0,0,11,0,0,2,4,21,1,7,0,7,4,1,0,0,17
11:19:00,0,0,6,0,2,5,34,0,0,15,12,6,7,1,40,6,0,10,1,1,0,0,0,25,1,11,0,1,17,0,8,0,21,16,1,4,11,3,5,0,2,35,0,0,0,0,8,9,1,3,0,27,0,37,8,0,16,0,0,0,4,1,7,2,0,0,2,9,4,0,0,1,2,0,19,12,0,2,1,0,0,5,0,4,0,5,0,2,3,14,7,1,9,0,0,3,2,2,0,0
11:20:00,2,0,2,1,2,1,21,14,0,15,1,2,0,3,24,5,16,5,0,6,0,0,0,69,0,1,0,0,19,0,3,0,0,6,2,5,12,5,1,0,3,2,6,1,4,2,3,7,4,0,0,4,0,2,5,0,15,1,0,0,4,1,0,0,0,3,2,7,6,1,1,4,3,1,12,9,2,1,15,0,10,23,0,1,0,0,0,0,1,2,7,4,15,0,11,4,2,0,0,3
11:21:00,0,1,2,0,6,11,12,1,0,16,0,2,0,4,17,4,6,44,0,7,3,0,0,17,0,27,1,1,20,0,18,0,0,5,5,4,0,45,2,2,33,35,4,0,0,0,28,35,1,0,1,7,1,9,48,0,17,0,0,0,23,1,0,1,0,0,16,2,17,5,2,6,0,2,0,4,0,8,16,0,8,2,0,0,1,2,0,0,6,2,3,1,13,0,6,3,1,1,0,10
11:22:00,1,0,7,3,1,16,10,2,0,13,1,26,0,1,10,3,0,22,1,9,1,0,3,0,0,5,1,0,41,0,70,0,0,8,1,4,1,22,0,0,20,17,1,1,0,1,2,4,2,0,1,13,0,6,46,0,5,0,0,0,2,1,7,0,0,1,0,3,20,0,0,0,0,4,26,2,8,5,10,0,0,4,2,0,4,2,0,1,4,7,5,0,8,0,11,32,5,1,0,2
11:23:00,4,0,2,0,6,10,48,0,0,14,25,2,0,2,40,5,1,47,0,1,0,8,3,1,1,35,0,1,18,0,16,0,0,20,5,16,6,13,0,2,24,37,14,2,0,2,39,4,1,0,0,3,1,10,52,0,73,0,0,1,3,3,2,1,0,0,7,0,11,7,0,2,0,5,10,3,0,0,1,0,4,6,0,4,2,2,0,0,28,12,50,43,14,0,0,6,1,0,0,10
11:24:00,0,1,2,0,0,13,31,2,0,9,5,1,17,3,26,49,5,19,0,0,2,10,1,135,0,8,5,0,16,0,19,2,0,7,1,14,2,2,3,1,15,2,0,0,0,1,0,4,1,0,0,0,4,11,39,0,5,0,0,0,3,2,32,16,0,5,4,0,0,0,0,3,1,2,16,3,0,10,18,0,2,3,0,0,7,2,1,1,2,6,22,2,10,0,5,2,1,3,0,9
11:25:00,0,0,2,0,0,1,1,2,0,9,0,0,25,5,13,2,3,2,10,0,1,6,0,8,0,9,1,20,5,0,5,2,0,6,4,0,1,7,1,12,15,1,0,2,0,24,0,3,0,0,1,0,1,28,13,0,11,0,0,0,0,7,13,0,0,1,6,3,0,0,0,0,1,0,14,2,3,2,1,0,3,16,0,0,10,0,0,0,0,1,3,2,12,0,6,2,0,1,0,0
11:26:00,0,2,1,0,1,1,15,56,0,12,3,1,0,10,18,14,0,59,0,4,1,39,0,7,0,20,1,0,23,0,2,1,0,0,2,0,1,3,4,9,15,1,3,1,0,22,39,6,3,0,0,0,0,19,50,0,12,7,0,0,2,2,5,0,0,0,11,3,14,6,0,2,3,2,20,3,0,3,26,0,31,5,0,0,0,6,0,1,10,5,13,1,15,0,7,4,1,1,0,12
11:27:00,0,1,5,6,11,7,9,6,0,15,9,0,0,6,10,7,0,13,0,5,1,2,1,2,0,3,55,0,17,0,10,7,7,2,3,1,4,5,1,0,3,0,0,2,1,3,5,4,2,1,27,0,0,21,12,0,15,0,0,1,3,2,11,0,0,0,5,0,48,1,3,1,0,1,34,3,0,28,10,0,1,31,0,0,1,0,0,1,1,1,2,2,9,0,16,6,1,0,0,4
11:28:00,0,1,5,13,0,1,5,1,0,10,18,8,2,8,13,10,8,4,0,0,0,0,0,0,0,32,1,0,5,0,11,26,0,8,8,1,0,5,1,3,1,4,4,26,0,1,5,5,0,1,0,0,0,12,23,0,16,0,0,0,2,1,15,1,0,2,5,6,40,0,0,0,23,2,21,5,0,14,8,0,1,1,0,1,1,2,1,2,11,5,4,2,3,0,4,7,3,1,0,7
11:29:00,0,1,2,2,0,7,34,0,1,7,13,6,0,8,14,24,3,6,0,2,0,3,1,7,0,8,0,3,48,0,2,10,1,42,2,1,3,65,1,2,26,2,2,1,0,0,0,5,1,0,0,3,0,7,22,0,16,0,0,0,2,0,0,0,0,0,0,12,3,0,0,2,3,1,14,4,0,26,5,0,1,21,0,0,3,12,3,1,0,83,20,2,6,0,5,2,78,0,0,1
11:30:00,0,1,18,0,3,14,9,2,0,23,10,2,0,6,24,78,2,58,0,8,2,10,12,2,0,62,0,13,20,0,4,33,2,9,1,29,2,36,0,1,20,59,2,0,0,20,0,5,1,0,33,0,0,14,36,0,65,1,20,0,2,1,1,0,0,1,4,3,41,8,1,0,2,3,38,8,0,4,24,0,0,2,25,0,1,49,1,0,14,8,12,1,12,1,4,38,1,1,15,9
11:31:00,0,0,2,2,1,4,4,1,8,10,2,15,0,5,5,1,0,1,0,13,0,1,0,0,0,0,0,0,5,2,8,5,1,12,15,0,1,19,2,0,2,6,4,0,0,0,4,3,1,2,2,15,0,30,10,0,1,0,0,0,1,0,1,0,0,0,1,4,1,0,35,0,12,0,10,7,0,4,12,0,1,1,0,0,2,4,1,1,0,3,19,0,7,0,4,8,2,1,0,0
11:32:00,0,0,3,0,0,0,5,0,0,10,5,2,0,7,8,3,0,6,0,0,1,1,0,1,0,6,0,0,8,0,7,18,0,6,1,0,1,14,7,0,3,4,3,0,0,1,1,5,0,0,2,4,0,19,12,0,2,0,0,0,5,1,1,79,0,0,0,10,41,3,0,2,0,3,6,3,0,4,2,0,5,3,0,0,7,5,0,7,1,1,4,1,0,0,5,8,1,0,0,3
11:33:00,0,0,4,2,1,6,3,0,0,9,0,0,0,2,12,2,1,5,1,0,1,1,0,1,0,1,0,1,6,0,19,1,1,2,1,0,1,52,7,0,3,0,2,0,2,0,9,4,0,0,1,0,0,21,47,0,6,0,0,0,2,1,5,0,0,0,7,2,48,8,2,2,4,0,33,8,0,0,0,0,1,19,0,0,2,3,0,2,4,1,5,1,7,0,8,9,1,0,0,0
11:34:00,0,0,4,2,0,0,6,6,0,10,15,2,1,94,47,1,0,8,1,1,1,0,14,1,23,24,0,0,1,0,8,3,0,67,3,0,20,18,0,1,24,1,11,1,1,0,5,5,0,1,0,0,0,26,11,0,5,0,0,0,1,2,1,0,0,0,8,3,0,2,1,1,1,0,17,7,0,0,0,2,0,1,0,0,2,23,0,2,1,1,1,1,0,0,4,6,1,0,0,0
11:35:00,4,1,10,3,4,2,18,1,0,14,3,0,0,1,23,2,0,2,2,2,1,0,2,50,6,8,0,0,16,1,74,0,0,5,1,2,0,29,0,0,19,0,0,0,0,0,0,4,56,0,0,0,0,26,9,5,7,3,0,0,3,2,4,0,0,0,4,4,6,1,0,0,2,0,11,5,0,0,0,0,4,5,0,0,14,5,6,1,0,1,2,2,0,0,7,6,3,0,0,0
11:36:00,34,0,5,0,0,4,2,0,0,9,0,5,0,4,18,3,0,8,1,0,1,0,2,1,4,1,0,0,3,57,16,2,1,1,2,1,1,6,1,0,18,1,5,1,0,0,6,4,7,0,0,0,0,32,40,0,13,0,0,2,0,4,0,1,0,0,10,4,19,1,0,0,0,0,12,3,0,2,1,0,1,0,0,12,0,6,1,0,0,0,17,1,1,0,5,5,0,1,9,0
11:37:00,0,0,6,1,6,35,1,0,0,7,2,0,0,7,6,1,0,12,0,2,1,0,3,0,4,3,0,0,0,0,16,1,8,8,3,2,0,20,1,0,1,3,1,0,0,0,5,5,0,0,0,3,0,4,9,0,11,0,0,0,1,2,6,2,0,0,0,2,2,5,0,1,0,0,3,3,0,0,0,0,1,2,0,0,1,1,1,0,0,1,16,0,0,0,11,2,0,0,0,0
11:38:00,0,0,2,1,3,4,3,3,0,26,2,6,1,6,20,2,2,32,0,15,0,0,7,24,0,4,0,0,4,0,11,4,0,20,2,2,1,19,13,0,28,30,0,2,0,0,10,8,24,0,0,0,5,31,9,0,8,0,0,0,0,1,10,8,0,0,0,11,48,0,2,2,9,3,7,91,2,0,0,0,5,0,0,0,2,1,0,0,0,1,1,3,1,1,2,8,0,1,0,1
11:39:00,30,1,3,3,6,11,6,0,0,6,1,0,0,0,20,0,0,59,0,3,1,7,0,18,0,47,1,0,37,10,13,15,0,23,7,3,0,41,5,2,15,26,4,1,0,0,2,9,3,0,0,0,4,8,55,0,37,1,0,0,0,2,1,4,0,0,2,3,7,0,0,0,0,5,13,5,0,0,0,0,0,0,0,0,2,5,0,0,26,7,25,1,0,0,8,0,0,1,0,9
11:40:00,0,0,4,2,0,0,5,2,0,9,3,5,1,0,10,2,7,2,0,10,1,0,16,1,0,0,4,0,9,0,38,6,0,4,20,2,8,34,4,0,1,2,1,3,0,2,2,7,0,0,0,0,1,4,9,0,4,0,0,0,1,0,19,7,0,0,1,1,2,0,1,0,4,0,2,2,0,0,1,0,0,14,0,0,1,5,0,0,0,1,4,1,16,0,7,1,1,0,0,0
11:41:00,0,2,28,1,0,0,11,5,0,6,7,0,0,2,11,2,0,9,0,0,1,0,2,0,2,9,0,0,3,0,6,0,1,8,9,4,1,23,2,0,0,3,2,1,0,0,1,7,0,0,0,0,1,1,40,0,26,0,0,0,1,0,14,4,0,0,5,1,1,2,8,4,2,2,3,1,1,0,1,0,0,6,0,0,9,0,0,0,0,0,2,2,3,0,5,0,0,13,0,6
11:42:00,0,0,2,2,0,4,4,4,0,9,4,7,0,1,8,1,0,51,0,0,2,0,1,1,0,18,0,1,6,0,7,8,0,0,7,3,39,10,9,0,17,19,1,0,0,1,55,5,13,0,0,2,0,3,17,4,4,1,0,0,0,0,7,3,0,0,5,3,6,0,1,0,1,1,13,5,0,4,0,0,0,0,0,0,5,0,0,0,0,3,4,3,4,0,4,0,1,0,0,14
11:43:00,37,0,7,0,0,4,8,1,0,13,3,1,1,1,23,5,0,7,0,4,1,0,20,125,0,3,3,0,13,8,9,11,15,7,29,2,0,17,6,0,28,1,1,0,1,0,0,8,1,0,0,2,33,19,8,2,5,0,0,0,2,0,5,3,0,0,2,1,14,0,0,0,4,0,5,6,2,0,1,0,0,8,0,0,1,4,1,2,0,1,2,0,8,0,4,1,1,0,1,3
11:44:00,31,19,4,2,5,16,27,0,0,6,3,0,0,2,18,0,0,28,0,5,2,5,15,19,3,9,1,0,4,0,4,0,0,31,7,4,0,46,1,0,8,21,2,0,0,0,2,3,3,0,0,0,0,24,39,0,7,6,0,0,0,0,13,3,0,0,5,11,5,0,16,1,0,4,13,5,0,3,2,0,2,0,0,0,7,4,1,0,12,2,33,1,12,0,6,1,0,0,1,5
11:45:00,0,1,8,5,1,1,3,10,0,8,5,1,0,2,4,1,0,48,0,7,1,4,0,7,0,5,1,0,9,0,11,2,3,17,1,3,0,5,0,0,10,29,1,1,0,1,1,10,2,0,0,1,0,7,42,0,28,0,0,0,0,1,6,5,0,0,15,9,4,0,2,0,5,1,13,4,0,2,3,0,1,3,0,5,2,50,0,2,1,1,8,2,7,0,5,0,0,1,2,12
11:46:00,2,5,9,3,0,4,7,0,0,12,7,2,0,4,9,0,1,4,0,9,1,7,0,8,0,4,1,1,1,0,12,0,0,12,1,4,0,21,0,0,7,1,1,15,0,1,3,12,2,0,0,0,0,6,10,0,37,0,0,0,0,0,0,1,0,2,4,6,8,21,0,1,15,3,16,3,15,4,7,0,11,2,0,0,2,22,0,1,1,2,4,0,6,0,5,0,0,0,1,7
11:47:00,2,5,1,1,0,1,52,1,0,9,4,2,0,3,13,1,0,4,0,5,0,0,8,0,0,14,3,0,9,0,6,2,14,2,0,0,3,27,1,0,8,0,0,0,19,0,2,8,0,0,2,2,0,1,26,0,3,0,0,0,2,0,7,2,0,0,7,7,5,1,0,2,6,1,84,2,0,1,2,0,2,2,0,0,2,8,0,0,2,1,12,0,9,0,12,1,0,1,0,3
11:48:00,0,0,1,1,9,2,52,0,0,7,3,2,0,2,24,0,1,44,0,6,2,27,1,9,8,46,1,0,22,0,2,0,2,13,4,0,0,9,0,0,22,36,4,1,7,2,51,12,19,1,1,3,0,8,15,0,86,0,2,0,1,1,4,1,0,1,8,0,3,2,8,0,3,22,17,26,0,33,2,0,0,3,0,0,5,23,0,1,22,9,22,18,3,0,5,4,0,0,0,14
11:49:00,22,0,33,2,0,1,28,1,0,9,3,6,0,5,14,1,0,11,3,1,0,2,10,1,34,12,6,0,20,0,10,0,6,8,2,0,2,16,0,0,1,16,3,1,1,1,5,10,0,6,1,0,0,27,11,0,37,0,1,0,0,0,5,1,0,0,5,9,8,15,1,1,4,30,8,4,5,4,1,0,0,2,2,2,2,2,1,0,16,4,9,3,2,0,7,4,1,0,1,6
11:50:00,1,1,1,1,1,32,9,0,2,9,14,1,0,2,3,3,2,61,0,0,1,2,5,0,0,58,2,2,3,0,7,13,1,6,4,0,0,43,0,0,4,5,4,0,9,2,5,10,0,6,1,0,0,17,39,0,5,0,0,0,0,1,9,0,0,0,16,5,7,9,1,1,6,2,13,8,0,1,0,0,1,6,0,0,2,15,0,0,5,5,9,1,1,0,6,0,1,0,1,1
11:51:00,0,2,45,6,0,5,40,2,0,11,2,1,1,1,8,0,0,0,0,0,1,0,9,1,0,20,1,0,3,15,6,1,3,13,4,0,0,25,3,0,2,6,2,26,1,1,25,16,22,0,1,0,0,14,11,0,32,0,0,0,0,0,0,0,0,0,1,0,2,0,5,3,7,2,6,66,1,6,0,0,0,0,0,0,0,2,0,0,0,0,4,3,1,0,7,0,3,0,0,0
11:52:00,2,2,1,2,3,3,5,0,0,7,3,1,2,1,9,0,0,6,0,0,0,2,18,2,0,7,3,0,6,0,3,1,0,13,1,0,0,21,0,0,0,1,1,2,0,1,7,22,2,0,3,25,0,24,4,0,8,0,0,0,2,1,17,1,0,1,1,0,3,1,0,0,4,0,9,2,0,7,1,0,0,2,21,0,1,1,0,0,0,3,11,2,2,0,4,23,2,0,10,0
11:53:00,0,0,5,2,0,0,3,1,0,10,9,3,1,2,14,3,0,5,0,0,0,0,7,5,0,2,0,0,6,0,6,3,4,5,1,0,0,21,6,0,30,3,2,2,0,1,1,193,0,0,2,5,1,8,26,3,3,0,0,0,0,2,0,0,0,0,1,0,4,0,0,15,2,4,17,1,1,8,2,0,0,2,0,1,0,25,0,2,0,1,1,13,2,0,8,12,0,0,0,0
11:54:00,5,0,1,1,0,0,24,1,1,11,42,3,1,27,15,1,0,1,0,1,2,0,1,4,1,4,3,0,0,0,6,5,2,0,3,27,8,13,0,1,1,5,1,0,7,2,3,12,1,0,2,0,1,17,24,0,2,0,0,0,10,1,7,12,0,0,0,0,6,1,0,1,11,2,6,4,0,5,0,0,0,4,0,0,1,3,1,0,0,3,3,6,9,0,0,0,3,0,0,0
11:55:00,2,4,3,3,1,1,35,0,6,7,4,0,0,9,7,0,16,10,0,17,0,1,2,2,0,6,2,2,13,0,13,1,1,3,1,0,0,30,2,0,1,10,2,1,1,0,0,11,2,0,0,0,0,17,33,0,11,0,0,0,2,1,9,1,0,0,0,0,7,0,0,0,6,3,23,3,1,9,1,0,1,3,0,2,2,5,1,0,1,5,15,6,2,0,4,0,1,0,0,1
11:56:00,1,2,1,1,1,0,21,1,5,9,4,1,15,12,17,36,1,45,1,21,0,5,2,92,3,33,1,1,15,0,3,9,1,2,7,0,1,22,2,0,29,42,0,0,0,1,1,21,2,0,0,0,0,16,51,0,4,0,0,0,2,1,0,4,0,0,18,0,8,0,0,2,7,8,8,5,7,4,31,0,2,1,0,0,2,0,0,5,14,4,24,0,2,0,6,0,0,0,0,4
11:57:00,0,3,1,2,1,2,8,2,0,11,6,0,0,12,4,1,2,4,0,10,2,0,0,9,1,3,0,0,0,0,18,14,0,1,3,0,1,95,4,0,5,2,45,0,0,3,45,19,7,0,0,1,0,16,6,0,6,0,0,0,4,1,0,0,0,0,2,8,5,0,0,2,5,1,11,2,0,3,0,0,2,1,0,0,1,4,9,1,1,1,2,4,1,0,6,1,0,0,0,0
11:58:00,1,0,1,2,1,2,3,1,0,15,1,3,0,11,13,2,1,5,1,6,1,0,0,0,0,1,0,0,4,0,0,28,1,3,8,0,5,74,0,0,2,1,24,2,1,1,1,22,2,0,0,19,0,11,27,0,5,0,0,0,2,1,0,0,0,0,0,1,5,0,0,36,5,2,5,6,0,0,1,0,1,5,0,1,2,11,0,0,0,3,3,11,2,0,5,3,3,0,0,0
11:59:00,6,0,1,10,0,3,5,0,0,6,4,1,0,10,5,41,1,8,0,11,2,2,11,0,3,2,0,1,2,0,6,0,0,7,12,0,9,20,1,0,2,2,1,1,0,15,5,25,2,0,1,5,1,50,6,1,6,0,0,0,2,3,6,0,0,2,2,0,15,1,0,0,11,1,9,31,0,2,4,0,2,0,0,0,1,17,0,2,0,0,0,10,0,0,0,1,0,0,0,2
12:00:00,2,0,2,2,0,3,6,6,0,9,10,4,1,2,1,2,8,46,0,0,0,1,1,1,2,3,0,0,17,0,4,0,2,33,12,1,5,29,3,0,4,1,0,1,0,1,2,33,1,0,0,8,1,13,15,0,37,2,0,0,2,6,4,0,0,0,1,1,43,3,0,0,16,3,28,3,5,1,1,0,2,5,0,0,1,4,0,0,0,2,6,6,3,0,8,2,0,1,0,0
13:01:00,25,11,3,11,6,86,88,46,9,42,15,9,3,67,97,80,14,55,0,1,3,30,18,190,15,55,6,0,28,0,26,11,20,68,19,33,1,13,15,1,55,42,12,13,1,9,68,71,7,5,19,13,5,73,91,0,110,18,1,0,3,7,9,0,0,20,31,2,110,18,7,17,3,17,14,67,1,28,0,10,61,19,0,0,24,15,6,39,30,13,26,27,28,0,6,4,32,11,6,23
13:02:00,0,0,3,3,3,8,4,4,2,25,4,47,0,1,25,20,0,10,2,2,0,5,15,8,0,40,22,0,22,1,6,0,4,16,0,0,2,0,0,0,38,29,1,1,0,0,39,31,1,0,0,5,0,54,30,1,21,0,0,0,4,1,33,6,0,1,14,0,94,9,2,1,1,4,0,17,2,11,16,0,36,1,0,0,0,2,0,1,5,10,16,41,14,0,7,0,1,9,0,4
13:03:00,18,0,6,4,11,21,33,13,0,32,6,30,0,7,15,19,4,99,1,23,1,50,24,3,0,54,17,29,45,0,3,0,8,42,0,0,16,34,1,18,37,32,7,23,0,3,1,20,0,4,0,0,0,86,93,0,60,26,0,0,3,5,0,4,1,5,2,22,69,16,24,4,0,24,16,68,8,1,3,5,8,15,0,12,11,20,6,2,43,29,55,1,12,0,4,19,1,0,0,9
13:04:00,0,1,1,0,9,19,11,6,1,14,59,7,12,28,7,28,0,33,0,7,0,4,12,5,1,19,2,0,14,0,0,0,4,16,10,1,1,2,4,4,22,14,0,0,21,0,32,34,2,5,3,0,1,185,56,9,51,6,23,0,3,1,11,1,20,3,10,31,61,0,4,19,4,11,35,25,0,0,56,10,11,9,21,2,1,20,0,53,11,67,16,1,7,0,5,4,1,8,7,21
13:05:00,0,0,3,0,9,8,19,0,1,26,1,40,0,3,24,2,8,19,0,2,0,0,2,16,0,11,1,0,13,0,3,0,1,9,0,0,1,9,6,1,16,1,1,0,2,0,1,43,0,0,30,36,1,68,29,0,27,1,0,0,3,4,0,0,0,1,2,0,6,16,10,2,6,0,14,6,4,1,29,2,3,4,0,12,0,6,0,2,2,20,2,2,1,0,4,5,65,0,6,3
13:06:00,5,0,28,1,12,8,31,0,0,7,4,0,0,11,105,0,0,17,0,6,2,61,27,0,0,21,2,0,25,0,13,11,0,32,2,0,0,33,3,0,10,21,4,0,0,0,64,16,1,1,0,29,0,94,60,13,27,6,0,0,2,7,14,1,0,0,2,15,3,0,14,2,8,1,71,4,8,0,11,0,3,18,3,0,1,2,0,5,13,10,10,1,10,0,4,5,5,0,0,15
13:07:00,2,0,3,0,4,14,5,0,0,19,2,2,0,11,45,21,3,12,0,1,0,15,13,20,0,3,0,0,24,0,20,7,0,34,6,0,0,28,15,0,22,1,1,1,0,0,2,0,0,2,0,19,1,54,32,3,28,3,0,0,0,0,14,0,0,0,0,0,15,1,7,0,0,0,2,23,0,0,1,0,4,17,0,7,5,1,1,1,7,17,5,2,6,0,4,6,3,7,0,9
13:08:00,0,2,4,2,6,17,17,0,8,5,2,28,0,10,32,12,1,6,0,1,0,1,19,41,0,2,0,0,3,0,3,4,9,5,22,0,0,62,0,0,2,5,0,0,6,2,0,17,0,1,0,10,0,112,7,7,15,0,0,0,1,1,23,0,4,0,2,0,6,2,5,0,0,0,5,4,2,0,10,0,5,19,0,3,3,15,0,2,5,6,1,2,6,0,6,2,0,7,0,0
13:09:00,0,0,2,0,1,15,5,1,0,9,3,4,1,10,28,0,0,43,1,4,1,6,12,3,0,30,0,0,15,0,2,7,0,4,29,0,0,17,5,0,12,20,0,1,0,0,6,3,0,1,0,19,0,9,10,0,10,0,0,0,0,2,0,0,0,0,1,0,23,0,3,0,0,1,17,5,0,1,2,0,4,18,0,0,2,8,1,1,15,9,18,2,4,0,11,1,1,1,4,7
13:10:00,3,0,1,1,0,0,6,1,0,19,1,2,1,11,24,7,1,5,1,1,0,0,2,0,0,35,11,0,4,0,1,4,1,9,21,12,0,21,4,0,4,1,0,0,6,1,7,0,1,1,0,0,0,14,13,0,19,0,0,0,3,3,2,1,0,2,2,0,20,0,3,1,2,2,0,7,3,2,1,0,8,25,1,0,6,7,0,1,1,3,47,1,4,0,6,0,2,0,0,1
13:11:00,0,17,17,0,5,15,82,0,0,11,45,0,23,2,63,20,0,101,0,13,0,33,3,8,0,53,0,0,49,0,3,1,8,38,1,5,0,66,5,0,52,26,2,77,0,0,41,3,0,0,0,3,0,18,111,0,59,0,0,0,2,6,14,2,0,4,16,1,11,1,13,0,0,14,9,7,1,0,1,3,18,32,0,0,7,14,1,1,37,14,39,8,4,0,8,2,4,0,0,36
13:12:00,0,0,18,0,3,20,5,0,0,11,16,2,1,12,66,2,0,14,1,5,0,2,5,0,8,6,18,0,10,0,17,3,1,13,4,5,0,2,1,0,10,10,1,7,4,0,38,4,13,0,0,0,0,6,16,1,49,0,0,0,3,5,21,3,0,0,4,0,7,0,15,0,5,5,20,41,0,2,15,0,0,40,0,0,4,20,0,1,2,7,16,11,3,0,25,3,2,2,2,3
13:13:00,0,0,2,0,2,10,2,0,0,10,0,0,0,2,44,3,1,18,0,0,0,1,9,0,0,24,0,2,15,0,12,3,2,28,0,4,0,16,0,0,14,7,2,3,0,0,1,7,6,0,0,2,0,29,31,1,31,1,0,0,4,12,15,0,0,0,1,0,51,0,7,0,0,1,14,75,1,10,5,0,49,27,0,0,8,5,3,3,1,7,14,12,3,0,5,21,4,3,0,4
13:14:00,0,3,1,5,7,30,75,14,0,1,1,18,0,11,13,0,0,75,0,5,1,16,2,0,1,32,0,0,31,0,9,6,1,72,2,6,0,32,1,0,35,28,0,1,1,0,2,12,4,6,45,0,0,18,69,1,69,3,0,0,3,2,17,2,0,0,3,8,58,3,4,0,13,26,62,28,0,6,23,5,32,44,0,0,2,2,7,3,39,62,26,8,17,0,6,3,3,4,3,21
13:15:00,6,0,4,0,1,22,22,66,0,5,4,0,1,5,33,32,0,66,0,1,0,2,6,7,0,5,0,0,6,0,19,5,0,6,1,22,1,13,3,14,11,8,0,7,0,0,7,11,6,1,1,2,0,21,37,9,11,0,0,0,2,0,12,0,0,0,2,1,1,1,1,0,0,0,1,4,0,76,10,1,5,29,0,1,8,10,3,0,10,12,22,8,3,0,6,4,5,1,0,21
13:16:00,7,2,1,0,1,7,63,10,2,8,3,1,1,4,27,0,0,6,1,2,0,15,35,3,0,2,1,0,19,0,17,2,0,24,0,5,4,52,3,0,19,12,0,2,2,6,11,11,2,0,0,0,1,16,58,0,8,0,0,0,89,0,13,0,0,0,0,1,2,2,4,0,0,5,11,7,1,8,1,0,35,29,0,5,2,5,0,0,0,12,9,13,2,0,8,2,8,0,0,16
13:17:00,0,0,3,0,1,3,22,0,0,3,3,0,0,8,20,3,0,4,9,9,0,6,13,1,0,0,6,0,6,1,45,1,0,8,2,8,2,14,0,0,3,9,1,3,0,0,46,10,3,0,1,0,0,8,13,0,66,1,0,0,1,0,26,16,1,1,8,2,1,15,0,0,2,3,9,2,0,8,2,0,11,29,0,0,4,8,0,0,3,8,5,4,3,0,7,3,5,0,0,1
13:18:00,0,3,3,1,3,2,5,0,0,23,3,15,1,2,28,2,3,11,0,9,0,0,25,3,0,1,1,0,18,4,11,0,0,3,1,6,1,4,3,0,32,1,0,2,0,0,1,7,2,0,0,0,1,21,25,0,18,0,0,0,7,0,0,0,0,0,1,0,4,0,0,0,0,3,6,2,0,4,2,0,5,25,0,0,7,0,1,0,1,8,3,1,4,0,7,6,3,7,2,2
13:19:00,0,1,13,1,5,18,20,46,0,10,6,1,1,4,17,27,3,53,1,1,0,31,0,54,8,54,1,0,34,0,20,0,0,55,2,4,2,35,1,1,46,45,1,0,0,0,18,15,1,1,0,0,0,11,120,2,59,0,0,0,1,10,2,0,0,0,19,13,6,13,1,0,3,13,23,2,0,0,2,0,4,33,1,0,4,1,1,0,29,32,29,2,5,0,6,4,5,0,4,25
13:20:00,0,0,1,0,7,32,71,15,14,30,56,6,0,10,10,12,0,52,1,3,2,12,29,11,6,46,2,0,19,0,16,3,0,56,3,30,1,63,0,5,43,23,5,0,2,0,70,20,2,0,0,32,23,21,57,0,69,0,0,0,2,1,14,0,0,0,8,20,7,2,1,0,7,31,31,6,0,3,48,0,12,43,0,31,28,7,1,0,22,35,36,8,6,1,6,5,3,0,3,16
13:21:00,0,0,2,0,10,7,3,9,0,40,28,0,0,0,15,24,19,85,1,2,1,16,16,0,1,23,1,0,15,0,7,5,2,25,1,8,2,21,0,0,33,20,0,0,1,39,44,13,1,0,0,6,0,33,45,0,51,0,0,0,7,3,1,0,0,0,35,8,44,6,0,1,2,7,20,61,0,2,31,0,0,29,0,10,9,14,0,0,24,86,20,0,39,0,7,1,5,0,2,7
13:22:00,0,2,13,54,3,1,19,1,2,3,9,2,0,112,21,0,4,9,0,2,0,6,0,5,0,2,3,0,5,39,29,23,0,45,0,8,3,4,1,0,12,6,1,5,1,0,3,11,2,0,0,0,0,34,49,0,44,0,0,0,25,1,1,0,0,1,14,2,4,2,0,0,2,1,15,11,0,11,29,0,2,5,8,0,8,38,1,2,0,5,1,24,20,0,2,5,4,2,0,3
13:23:00,0,11,4,0,11,2,5,0,0,10,1,5,3,1,6,34,0,20,2,3,2,1,9,3,4,5,15,0,2,3,21,2,0,19,2,10,0,26,3,0,3,12,0,1,0,0,0,11,1,0,0,1,0,20,16,0,6,0,0,0,11,1,7,0,0,1,1,0,4,3,0,3,1,2,10,6,0,5,8,0,8,7,0,0,4,0,0,2,1,69,0,6,11,0,2,4,8,14,0,1
13:24:00,0,0,17,0,16,10,54,1,2,18,28,43,2,18,9,11,0,49,6,19,0,23,5,4,4,31,25,0,32,55,20,18,0,38,0,8,2,15,1,5,46,52,0,0,1,0,50,21,3,0,0,4,0,6,51,0,36,0,24,0,9,8,6,1,0,0,6,0,54,0,2,0,1,15,26,80,2,13,5,9,35,3,1,0,7,30,1,1,18,36,17,7,18,4,22,47,4,3,0,17
13:25:00,25,16,25,0,4,18,7,3,0,24,2,18,0,59,92,0,0,59,0,14,0,10,5,0,5,48,4,0,30,0,7,10,24,27,6,3,0,30,0,0,44,12,0,1,43,1,26,111,5,11,0,0,9,8,50,0,49,1,0,0,21,3,9,0,6,29,17,0,3,8,16,3,1,18,18,32,0,25,1,1,27,10,26,0,9,33,0,0,24,0,19,60,35,3,7,9,59,3,9,14
13:26:00,2,4,2,0,5,0,15,11,0,8,4,21,1,63,76,5,0,19,3,9,0,2,8,12,1,3,0,0,13,4,7,10,0,20,1,7,1,7,3,3,21,9,0,0,0,0,1,9,3,2,0,2,0,11,11,0,22,0,0,0,0,2,19,2,0,1,3,1,1,1,0,1,3,0,0,5,1,0,8,0,8,5,1,0,23,16,0,0,2,2,1,7,19,0,3,2,0,0,0,0
13:27:00,5,0,5,2,5,9,9,0,0,24,46,0,1,3,37,1,1,66,0,3,0,6,19,0,1,31,0,0,26,0,5,9,1,14,0,6,63,7,1,1,18,20,1,0,6,2,12,7,0,0,0,4,0,26,56,0,29,0,0,0,1,0,6,2,0,1,6,0,22,0,0,4,18,3,15,38,1,2,37,1,8,13,10,0,14,19,1,2,12,7,19,7,10,2,3,0,2,0,0,3
13:28:00,2,2,2,0,29,6,99,0,0,10,24,6,23,10,40,40,0,54,0,10,0,0,16,47,1,56,15,0,8,0,17,3,16,26,0,12,1,60,2,0,20,5,44,5,2,1,38,7,44,8,1,17,0,15,69,2,86,0,0,0,0,4,9,5,0,4,12,0,49,26,9,29,0,0,44,36,0,26,9,0,27,7,0,0,5,11,2,0,13,14,9,5,20,0,9,0,6,0,0,4
13:29:00,0,11,18,6,2,37,25,8,0,9,11,5,27,4,52,2,2,47,0,7,5,0,3,35,0,42,0,0,12,0,10,1,0,19,7,6,0,14,2,1,11,5,10,0,18,0,23,6,8,0,0,0,0,2,11,38,22,0,0,0,2,0,10,31,0,0,7,0,7,12,2,4,13,0,27,27,0,10,34,0,6,7,0,0,8,0,0,67,8,8,6,4,9,0,7,0,10,0,7,13
13:30:00,0,3,8,3,3,3,28,0,1,0,8,29,1,1,45,19,12,19,0,0,1,22,1,36,2,19,2,0,23,0,18,5,0,35,2,6,2,5,16,0,15,29,0,50,3,0,17,9,1,0,0,18,0,9,32,5,30,1,0,0,0,9,0,0,0,0,4,0,13,2,12,0,5,3,5,42,0,7,31,0,14,4,0,0,6,4,0,11,4,38,31,20,19,2,0,0,5,21,0,8
13:31:00,2,3,3,6,3,9,15,3,0,1,10,3,0,4,58,4,0,40,0,4,0,12,0,4,2,2,0,0,4,1,19,10,0,51,25,6,1,47,33,1,26,11,0,0,2,0,1,6,12,1,0,2,1,16,36,2,31,1,0,0,2,0,2,32,4,0,2,8,24,2,2,0,0,0,8,3,0,9,41,0,10,3,0,8,6,0,0,2,5,15,8,24,6,2,0,0,9,0,0,11
13:32:00,0,0,8,0,12,4,73,0,5,15,1,1,0,20,28,9,0,37,0,7,0,1,4,0,1,8,0,0,15,0,9,2,0,17,2,6,4,27,1,0,8,3,0,0,1,0,0,5,5,0,5,0,0,44,32,0,10,2,0,0,0,14,21,20,1,2,2,16,7,1,3,0,2,1,0,3,0,19,2,1,2,4,0,14,2,8,8,1,1,0,4,0,3,0,2,0,8,0,1,3
13:33:00,25,1,11,0,36,8,10,4,5,24,5,41,11,123,43,28,0,60,1,4,0,15,20,0,5,39,0,24,38,0,9,3,20,38,0,25,10,51,2,3,37,48,3,2,11,0,4,8,8,1,3,3,44,26,94,0,75,22,27,0,2,2,33,0,0,4,12,17,104,13,5,13,4,5,20,39,0,28,12,0,6,8,3,3,14,1,0,27,20,3,52,9,10,0,0,11,5,0,1,20
13:34:00,1,5,4,0,40,33,88,60,0,2,4,44,0,25,62,0,1,44,6,20,0,2,2,39,6,31,0,0,16,18,6,0,0,7,0,21,24,75,1,2,22,48,2,0,5,0,5,5,19,5,31,1,1,66,40,0,52,1,0,0,2,2,8,2,0,0,15,10,18,0,4,3,0,35,27,3,0,8,24,0,7,23,4,0,4,0,0,4,9,1,13,24,3,0,0,1,2,0,0,4
13:35:00,14,0,9,1,26,9,34,2,8,82,9,20,15,38,35,54,16,182,7,45,0,18,13,17,8,34,51,0,44,0,9,0,3,38,2,13,63,88,5,6,32,28,8,19,7,11,67,211,0,1,0,26,16,18,122,15,54,7,7,0,87,1,34,2,0,8,5,6,54,20,23,13,0,22,51,69,0,9,17,4,10,18,27,20,9,52,6,18,20,21,34,7,32,3,7,34,42,0,11,29
13:36:00,2,3,9,0,21,13,83,2,0,14,9,3,9,68,52,8,1,83,1,27,1,23,9,61,0,26,21,0,48,0,32,17,24,86,39,17,13,16,13,3,33,35,6,12,12,0,8,8,0,2,0,0,1,91,62,1,49,6,0,2,2,0,9,1,1,0,14,1,9,22,2,2,6,13,63,32,10,2,45,3,39,13,0,13,6,28,8,0,9,111,28,8,14,2,12,5,2,1,0,12
13:37:00,8,0,4,0,8,22,24,4,0,21,8,7,0,21,59,8,35,118,1,9,0,8,1,13,2,31,1,0,43,0,28,2,3,29,0,13,3,8,20,0,19,21,0,1,8,0,0,6,5,1,19,1,0,25,65,24,10,1,0,1,6,1,12,7,0,7,18,1,13,13,5,10,3,14,23,7,0,2,6,0,1,33,1,5,3,5,0,0,0,15,7,34,5,0,1,0,2,0,0,7
13:38:00,0,6,17,0,8,42,84,39,0,14,1,22,3,3,3,3,5,85,6,3,1,9,5,22,2,32,4,0,32,0,12,0,11,38,19,30,5,28,38,2,44,23,23,14,4,0,30,7,25,0,11,24,8,18,95,3,52,0,0,0,1,2,20,5,12,0,54,2,62,20,3,1,16,21,20,24,0,17,2,3,5,12,1,0,10,36,5,0,11,5,21,5,9,0,0,2,5,11,1,8
13:39:00,0,6,22,4,6,28,35,1,0,25,13,6,1,5,7,4,12,28,1,7,0,18,6,18,5,11,0,0,18,11,7,8,0,50,13,3,5,32,1,2,12,14,1,1,21,0,0,85,2,5,0,4,0,34,73,0,77,0,1,0,1,2,19,0,0,0,0,9,14,3,4,4,0,0,27,3,0,19,46,0,11,5,7,0,5,0,3,1,21,32,33,9,18,0,0,2,5,0,1,5
13:40:00,6,7,3,0,2,22,53,7,0,18,9,25,20,4,7,45,8,100,0,0,0,7,1,12,3,66,22,0,70,0,9,20,0,87,3,7,21,12,0,2,39,64,5,1,2,0,55,10,0,3,10,13,0,97,179,9,171,2,0,3,1,2,10,0,0,1,19,8,26,16,20,1,0,15,12,48,0,1,77,0,9,10,3,1,5,22,1,11,27,97,67,2,43,1,0,5,9,0,7,25
13:41:00,5,0,20,0,6,52,68,2,0,14,4,12,10,68,22,14,0,43,0,0,0,25,5,1,4,12,0,0,22,4,6,10,0,37,0,4,1,78,2,3,24,23,0,1,2,0,4,24,0,0,0,0,0,15,62,0,67,0,0,0,2,0,17,7,0,0,1,2,2,5,0,0,1,3,14,14,0,1,23,0,8,16,17,0,0,2,0,2,0,15,31,9,4,0,0,0,5,8,4,14
13:42:00,0,1,10,1,7,13,27,2,0,10,10,8,0,34,12,0,0,28,4,36,0,4,4,15,1,2,1,0,6,0,14,11,0,10,2,4,2,26,0,0,2,14,4,3,0,1,1,13,3,1,0,0,0,22,19,3,37,0,0,0,3,0,11,0,0,11,7,1,1,1,5,0,10,0,18,9,0,0,2,0,21,11,0,0,4,3,0,6,0,8,10,1,21,1,0,0,7,4,0,6
13:43:00,0,0,17,2,5,20,52,0,2,19,10,38,0,69,15,4,0,19,1,1,0,13,0,8,5,3,2,0,63,0,8,2,0,6,1,9,1,39,1,2,20,3,2,1,1,4,0,24,1,7,0,1,0,32,11,0,30,0,0,28,1,0,0,5,1,0,8,10,11,12,1,0,4,0,3,1,0,0,21,0,1,23,0,0,4,0,0,2,2,1,0,1,12,0,1,1,5,1,0,0
13:44:00,1,1,7,1,5,49,12,3,0,4,25,69,2,111,9,17,0,11,0,0,0,1,1,3,0,1,19,0,24,39,16,0,0,52,0,14,2,41,0,26,24,7,0,1,3,0,12,186,4,4,0,0,0,21,43,0,52,1,0,0,2,0,2,11,0,0,3,2,43,6,0,0,1,1,10,5,0,12,9,0,4,18,0,0,2,0,0,1,0,1,5,3,12,0,0,0,7,1,0,0
13:45:00,1,1,12,0,15,14,10,29,0,68,6,39,0,230,5,2,0,65,0,2,0,1,25,9,0,29,0,0,59,1,11,5,0,18,1,9,29,30,5,0,41,37,5,0,0,0,4,357,5,1,0,8,0,12,102,0,41,1,0,0,12,0,6,0,1,0,17,13,80,9,4,1,5,0,12,43,0,2,1,0,14,30,5,1,6,5,0,1,28,5,18,2,19,3,2,0,6,1,0,0
13:46:00,9,0,47,0,2,9,16,0,0,16,1,3,13,158,50,3,0,22,0,2,0,21,1,3,3,1,2,0,18,0,20,4,18,16,4,8,2,11,0,1,17,13,0,0,1,0,11,388,2,0,0,3,0,22,101,0,23,3,0,0,7,0,5,0,0,0,0,7,19,3,1,0,0,0,0,6,15,7,2,0,3,4,0,0,4,0,1,1,0,18,11,7,20,0,53,5,5,3,0,3
13:47:00,0,3,40,1,0,33,38,5,0,8,9,53,0,247,7,11,2,25,0,6,0,6,0,0,1,2,0,1,41,0,26,2,0,13,3,14,2,21,0,0,20,4,0,0,6,0,1,203,2,0,0,6,1,21,36,5,17,0,8,0,39,0,11,0,0,0,2,49,47,3,1,0,1,1,34,20,0,27,19,0,3,26,0,0,7,6,0,0,0,4,12,1,9,0,17,9,8,6,1,19
13:48:00,0,1,40,3,15,30,88,0,0,7,1,5,0,213,11,0,0,6,1,1,0,1,0,11,0,4,0,0,32,0,27,16,3,7,0,12,0,11,1,0,20,1,0,2,0,0,13,50,5,1,0,0,0,9,18,0,8,2,0,0,1,0,10,1,0,0,7,8,6,3,1,0,0,3,27,0,10,14,3,0,6,7,0,0,1,0,0,16,1,50,6,9,9,0,13,6,5,0,3,0
13:49:00,3,0,27,0,3,11,12,5,0,49,5,9,0,277,21,2,1,26,0,1,0,1,1,0,1,19,1,0,32,0,7,4,1,20,35,15,0,3,1,1,52,1,2,3,0,0,11,1,7,1,2,2,1,28,14,0,42,0,0,0,5,0,15,0,0,0,9,4,49,0,0,6,5,2,2,2,0,3,0,0,1,5,0,0,2,9,0,1,15,12,13,1,9,1,0,4,6,0,0,2
13:50:00,5,0,28,1,3,8,48,5,0,9,5,4,0,0,38,6,0,16,0,0,0,9,0,4,0,0,11,0,16,0,11,4,13,35,2,14,1,16,1,0,34,27,24,0,1,0,11,7,2,0,0,0,0,12,9,0,24,1,0,0,4,0,7,0,0,0,7,2,119,11,4,1,2,0,16,0,0,5,0,0,1,16,0,1,3,2,0,1,1,49,15,7,19,15,0,2,5,0,0,1
13:51:00,1,0,21,0,7,9,37,1,0,42,3,15,0,33,22,3,0,18,0,3,0,3,6,4,0,16,4,0,21,13,24,2,0,29,0,11,5,49,2,0,12,15,0,1,0,0,5,121,1,1,0,0,0,24,87,0,2,0,0,0,5,0,8,0,0,0,1,1,81,6,31,0,5,2,2,7,1,26,71,2,1,26,0,0,7,3,0,1,22,22,13,22,14,1,0,0,14,0,0,0
13:52:00,1,0,24,0,1,6,19,3,0,40,1,5,0,15,18,39,0,34,0,1,0,2,1,2,1,12,1,0,14,20,71,7,0,19,3,18,2,6,1,0,60,2,2,0,0,0,0,12,4,2,0,1,0,10,30,14,50,1,0,0,6,11,12,11,0,3,8,0,109,2,1,2,1,0,2,33,0,16,2,0,0,14,1,0,4,1,0,57,19,9,14,0,18,0,0,1,10,0,0,3
13:53:00,4,0,23,0,3,22,34,6,0,13,28,2,1,0,17,5,0,63,2,6,0,23,8,1,0,40,5,0,108,0,43,1,0,44,2,42,3,23,2,2,24,30,1,1,0,0,55,21,3,0,0,1,0,32,85,0,22,0,0,0,4,3,61,0,0,0,10,0,24,19,11,0,2,5,25,3,0,18,1,0,2,12,0,1,2,2,0,5,8,6,22,10,7,0,1,19,8,0,0,21
13:54:00,0,0,8,0,0,9,34,5,0,5,10,3,3,0,9,10,0,8,0,1,0,2,2,0,1,3,44,0,28,0,34,2,0,4,1,16,1,6,3,1,4,6,2,0,7,0,25,13,5,5,2,1,0,21,27,1,7,0,0,0,6,0,0,2,0,0,8,0,11,5,9,0,3,3,22,5,0,24,2,7,3,30,0,0,0,0,0,0,0,7,9,3,3,0,0,2,15,0,2,2
13:55:00,0,0,36,0,0,13,28,0,1,2,1,3,0,49,10,3,0,1,0,6,0,4,3,5,0,5,1,0,9,0,27,7,0,44,2,10,1,36,3,1,1,3,0,1,1,0,9,28,7,0,3,1,0,20,18,7,2,1,0,0,2,0,8,0,0,0,12,0,9,0,6,0,0,2,0,4,0,12,42,0,4,11,0,0,2,2,0,0,3,4,0,6,5,0,1,2,7,0,0,1
13:56:00,0,0,22,0,0,9,92,3,0,11,11,21,0,57,7,3,0,28,5,9,0,3,0,9,2,44,0,0,4,2,44,37,0,12,2,15,0,26,3,1,1,3,1,0,0,0,1,36,2,1,1,15,0,32,8,7,7,0,0,0,6,0,0,5,0,0,21,1,11,3,0,0,5,0,10,0,2,33,1,0,4,23,0,0,4,3,3,3,0,0,3,4,14,0,1,0,8,0,0,1
13:57:00,0,0,29,0,0,20,8,0,0,16,8,7,10,60,8,1,0,31,2,3,0,2,1,2,0,19,0,0,15,8,64,1,0,1,28,15,0,3,1,0,43,3,0,3,1,0,1,25,2,1,0,0,0,9,13,0,47,0,4,0,0,4,0,0,0,1,2,0,14,0,2,0,12,4,15,3,0,0,19,0,2,22,0,0,1,3,0,0,2,1,6,10,16,0,0,1,1,0,1,0
13:58:00,4,0,22,0,7,23,84,0,0,32,27,8,15,66,12,9,2,66,0,6,0,14,9,5,2,36,0,0,53,20,31,2,0,34,0,10,7,21,3,1,49,29,1,1,0,0,0,49,34,2,0,0,4,8,96,4,28,0,3,0,1,0,0,20,2,0,18,26,31,8,7,0,5,4,26,76,0,23,0,0,33,15,0,0,3,94,8,1,25,3,31,64,1,0,20,2,0,0,0,5
13:59:00,8,0,25,0,2,7,26,0,0,26,16,36,1,70,13,30,0,25,4,6,1,19,0,66,1,5,6,0,13,0,27,2,17,17,0,8,18,8,1,0,28,8,1,0,0,1,0,36,3,0,36,0,0,34,23,10,26,1,3,2,2,11,4,4,0,1,8,9,69,17,5,0,10,2,5,1,0,9,13,0,9,18,2,0,2,10,0,10,2,4,19,2,11,0,0,11,0,0,0,6
14:00:00,0,1,28,0,20,0,92,0,0,22,6,40,2,89,15,0,0,100,0,4,1,16,2,3,0,47,2,0,79,0,48,6,0,26,6,10,1,26,2,2,18,1,37,0,2,0,56,178,2,0,4,0,0,3,83,1,32,0,8,0,10,5,3,11,0,1,25,6,7,9,5,5,3,6,26,5,0,1,0,0,9,24,27,0,1,1,0,0,21,11,13,4,7,0,23,21,0,0,1,30
14:01:00,0,0,31,0,2,62,80,0,10,18,14,48,0,39,5,12,10,39,9,27,3,33,6,51,10,44,0,0,74,0,45,5,0,21,1,9,2,93,0,0,11,37,0,1,5,2,38,49,6,7,3,1,0,6,52,14,51,1,1,0,2,0,6,0,0,0,15,3,60,17,10,2,4,31,34,17,0,6,1,0,10,7,0,1,3,58,8,0,21,15,3,23,32,0,7,0,2,15,0,12
14:02:00,0,13,21,0,15,30,23,0,0,28,8,7,1,46,4,5,2,8,0,4,0,2,1,30,0,23,7,0,11,1,104,3,4,5,31,9,2,35,1,1,9,8,8,1,7,0,13,2,2,1,3,6,33,8,48,2,53,2,0,0,2,0,13,1,0,4,1,3,11,1,9,1,5,10,12,7,0,5,5,0,11,10,0,0,5,1,0,1,4,4,19,0,5,0,22,2,0,0,0,3
14:03:00,0,1,15,0,22,16,25,0,0,13,6,0,0,42,3,6,0,7,0,12,0,0,5,4,0,7,20,0,29,5,70,13,0,40,0,11,4,86,0,0,15,8,0,1,1,1,4,2,7,0,1,0,0,22,51,9,8,1,0,3,2,2,3,10,0,3,1,1,26,1,11,2,18,1,8,3,0,7,44,0,1,15,0,0,4,2,0,28,9,4,11,3,14,0,1,1,0,5,0,3
14:04:00,0,0,2,0,27,32,28,0,0,6,9,4,0,144,7,1,0,3,0,0,2,1,8,21,0,1,3,1,21,0,44,10,0,46,2,13,11,57,0,0,13,2,0,0,13,2,0,2,8,0,0,0,0,0,19,0,44,1,0,0,2,2,10,4,0,0,9,2,12,3,9,8,6,0,4,6,0,46,13,0,10,9,1,8,1,0,7,2,6,2,1,8,16,0,0,3,1,3,0,1
14:05:00,0,1,3,0,8,29,29,0,0,1,12,13,0,51,3,1,0,7,0,1,0,0,9,7,0,60,0,0,27,2,32,5,0,27,0,15,0,4,0,0,22,37,2,0,4,0,1,2,9,0,0,6,0,22,13,9,63,0,5,0,3,1,11,0,0,0,12,3,31,11,6,5,10,1,5,12,0,5,2,0,7,10,2,4,0,0,0,2,2,3,4,4,9,0,0,9,0,3,0,5
14:06:00,0,2,15,0,3,15,5,0,0,0,10,13,0,107,7,3,0,44,0,0,1,0,6,48,1,1,0,0,6,31,48,5,0,4,0,10,1,67,0,24,10,10,3,1,0,0,5,3,1,0,0,0,0,11,54,13,3,0,0,2,1,1,12,6,0,2,3,2,19,2,5,7,0,1,1,39,0,9,1,0,5,9,3,0,4,1,0,0,5,7,0,2,9,0,0,0,2,2,1,1
14:07:00,0,0,8,0,8,2,11,1,0,0,7,17,0,110,8,2,0,22,0,0,1,0,8,28,3,2,0,0,14,1,53,2,0,85,0,11,7,2,0,11,9,0,18,0,1,0,10,3,2,0,19,0,0,7,13,1,29,0,7,0,0,0,14,0,0,5,10,0,17,2,5,2,2,0,0,1,0,16,0,0,1,14,0,0,7,1,0,1,0,1,0,0,7,0,0,2,1,1,0,1
14:08:00,0,3,3,0,5,12,23,35,0,14,10,9,0,57,11,38,0,1,0,1,7,0,6,38,0,8,3,1,24,0,55,8,0,15,0,13,0,26,4,0,5,4,0,1,0,0,3,3,1,0,0,4,0,24,17,6,7,1,0,0,4,0,11,0,0,0,1,1,12,2,7,17,0,1,5,2,0,1,5,0,16,7,1,0,0,3,0,1,13,0,5,12,10,0,0,0,1,0,0,0
14:09:00,0,0,8,1,2,22,33,0,6,7,21,6,0,0,8,26,0,1,1,0,0,0,8,17,0,5,0,0,23,0,36,1,0,50,0,18,0,13,0,0,54,0,1,1,0,0,7,3,2,0,0,0,0,7,57,1,42,1,0,0,2,0,9,2,0,0,14,1,24,18,9,1,0,0,25,2,0,3,0,2,3,24,11,1,6,0,1,0,11,1,25,30,20,0,0,1,0,0,2,0
14:10:00,0,0,3,0,0,6,47,0,0,20,9,2,0,2,18,1,0,42,0,0,0,2,8,19,0,69,3,0,18,1,42,0,0,6,2,15,1,9,2,2,14,1,5,0,0,0,6,1,1,0,0,3,0,2,11,1,32,0,0,0,1,5,10,21,0,0,2,5,2,1,4,2,12,2,12,3,0,0,1,0,0,15,5,0,9,3,0,4,0,2,15,0,8,0,1,3,1,0,0,1
14:11:00,0,37,4,0,1,23,11,0,0,13,15,5,1,37,7,17,1,1,0,0,0,0,2,46,0,4,8,0,9,0,26,2,0,3,2,15,0,70,0,0,17,1,0,1,0,5,10,1,3,0,0,10,0,28,49,0,18,0,1,0,1,0,19,12,0,1,4,2,14,2,12,5,5,0,14,3,0,5,0,0,2,12,0,0,6,2,0,22,0,0,17,3,16,0,0,4,0,0,2,11
14:12:00,0,0,8,0,0,14,12,16,0,14,6,3,1,1,6,4,4,31,1,0,0,0,1,19,0,1,0,1,11,0,33,9,0,10,1,14,2,11,1,12,1,29,1,0,0,0,0,15,7,0,0,0,0,14,14,1,3,2,0,0,1,0,5,1,0,1,9,8,13,2,11,0,2,0,9,2,0,10,0,0,1,11,0,0,6,3,1,0,10,3,6,4,8,0,1,2,0,0,0,17
14:13:00,0,0,14,1,1,11,43,0,0,16,8,5,0,29,6,16,0,4,0,2,0,0,7,18,0,10,6,1,10,0,12,4,0,37,3,15,1,12,0,0,1,7,2,0,0,0,0,6,1,0,0,4,0,6,16,0,7,0,0,0,1,0,9,1,0,1,10,2,93,0,19,3,0,0,10,3,0,2,12,0,0,11,0,0,1,1,0,0,10,3,8,4,9,0,0,3,0,1,0,2
14:14:00,0,4,7,3,13,2,9,0,0,9,22,4,18,108,10,6,6,54,0,3,0,0,0,8,0,32,0,0,18,0,18,32,0,37,0,95,0,27,2,0,33,26,0,0,0,0,1,6,5,2,0,0,0,28,28,0,10,0,0,0,14,13,21,0,0,1,12,3,36,1,2,2,0,0,20,111,0,1,10,0,0,14,0,0,9,4,0,0,0,6,4,1,19,0,1,2,1,0,0,2
14:15:00,10,0,8,0,73,11,28,0,0,10,8,2,0,47,21,9,0,4,0,8,0,1,1,48,2,14,13,0,48,0,37,1,0,6,1,36,3,13,2,0,1,11,0,2,0,0,8,61,15,0,0,16,0,8,85,2,6,0,0,1,2,0,7,0,0,0,9,30,48,0,0,4,3,2,25,0,2,18,18,1,0,17,0,0,26,0,0,1,5,0,24,13,24,0,0,4,0,0,10,23
14:16:00,0,0,6,0,44,3,8,1,6,15,7,8,0,40,11,33,1,9,0,0,0,0,13,44,12,15,0,0,11,0,58,1,0,40,6,8,0,30,0,0,69,10,0,0,0,0,3,7,12,1,0,0,0,8,17,7,4,14,3,0,0,2,7,1,0,1,15,19,31,4,1,4,2,0,10,8,0,5,4,0,0,32,0,0,11,1,1,0,0,3,10,3,42,1,0,4,4,0,0,3
14:17:00,0,2,13,2,9,26,10,0,0,4,6,6,0,26,12,16,0,68,1,1,0,0,0,6,1,1,6,4,10,0,52,6,15,43,1,10,0,14,1,0,6,3,2,2,0,0,0,4,14,4,0,2,0,1,31,3,67,0,0,0,2,1,16,2,0,0,12,4,12,4,2,1,5,1,14,3,0,0,1,0,0,20,0,0,10,0,0,0,13,5,12,4,12,0,0,0,0,0,0,3
14:18:00,0,2,1,1,18,8,16,0,0,6,14,7,1,3,7,8,0,51,0,4,1,1,2,25,8,45,0,1,21,0,102,2,1,40,2,9,3,34,0,5,22,4,0,1,0,0,43,5,3,0,0,2,0,18,5,14,7,1,0,0,38,2,5,3,0,1,11,2,20,11,1,2,0,19,4,4,0,2,0,0,1,21,8,0,11,5,0,3,7,0,17,13,20,0,0,2,0,0,0,0
14:19:00,0,1,18,0,3,2,48,0,0,22,11,6,0,152,4,0,0,5,1,2,0,2,10,23,2,23,2,0,2,0,49,15,1,0,0,9,1,7,1,11,1,7,0,1,0,0,4,24,6,0,0,1,1,16,27,0,17,0,0,0,6,1,3,1,0,0,16,5,25,11,0,3,3,0,5,5,0,2,0,0,40,18,0,0,0,1,0,0,12,3,5,7,15,1,1,1,0,0,0,0
14:20:00,0,10,12,0,5,1,25,3,0,6,9,6,1,121,6,8,0,4,1,5,0,7,3,18,0,14,5,0,19,0,40,0,0,14,3,9,42,106,0,0,25,32,1,4,1,0,25,51,4,1,0,2,0,11,80,0,13,2,0,0,0,4,4,0,0,1,12,4,9,0,1,7,5,2,0,3,0,15,1,0,61,29,0,0,1,1,5,1,13,1,5,12,13,0,0,2,1,18,0,0
14:21:00,0,56,6,0,9,14,11,65,2,1,33,4,0,122,4,13,4,117,4,2,0,49,1,20,0,46,2,0,31,1,77,5,10,13,1,10,1,56,2,0,31,40,30,45,0,0,41,14,4,0,37,19,12,2,20,17,50,0,24,0,4,4,8,1,0,14,33,3,15,7,0,7,15,12,24,47,0,5,5,0,5,4,0,10,7,0,0,43,7,3,5,7,22,0,0,4,0,5,1,0
14:22:00,0,0,11,0,4,0,50,2,3,6,16,6,0,47,9,35,6,3,3,2,0,12,9,9,0,0,5,0,18,1,83,0,0,54,2,15,1,17,1,0,6,2,0,0,0,0,12,26,5,0,0,4,0,17,46,28,18,0,0,0,3,1,7,2,1,0,23,4,13,0,2,3,2,0,8,4,0,8,8,1,4,17,0,0,3,10,0,38,0,0,3,6,2,0,1,3,1,1,0,3
14:23:00,0,2,5,0,3,2,32,1,0,0,15,3,1,98,4,3,0,7,5,4,0,20,8,16,0,1,0,1,33,0,77,2,2,5,3,17,13,7,0,4,39,1,0,3,0,11,21,20,33,1,5,2,0,3,55,0,54,0,2,0,2,0,16,16,0,0,49,7,64,1,0,3,37,2,19,45,0,8,16,0,65,22,1,0,11,3,2,0,16,0,12,10,18,5,1,2,2,0,0,0
14:24:00,0,1,2,12,0,6,32,1,0,2,11,28,0,2,7,14,1,118,0,5,0,16,0,10,0,3,7,0,5,0,71,8,4,14,2,87,6,13,0,0,13,15,0,2,0,0,6,2,10,1,0,0,0,2,24,2,20,1,0,0,11,2,8,14,0,0,16,2,55,5,2,7,9,3,14,2,0,7,0,1,10,18,0,1,6,1,0,0,0,5,15,2,14,1,13,1,2,0,1,2
14:25:00,0,0,22,0,7,6,33,6,0,33,13,4,0,0,2,0,0,11,0,5,0,15,0,3,0,4,0,0,18,4,18,17,1,5,4,18,18,10,2,0,9,2,1,1,0,0,5,5,1,0,0,0,0,19,21,32,9,0,0,0,2,1,3,0,1,0,10,4,40,6,5,2,2,0,8,2,0,5,1,0,1,11,0,0,7,2,0,0,9,5,13,7,13,0,0,1,2,0,1,1
14:26:00,0,1,14,0,4,5,42,0,1,7,6,35,0,0,5,1,0,9,0,0,0,6,1,1,0,2,20,0,18,0,29,0,0,16,1,16,4,70,1,6,43,23,0,1,1,0,0,3,5,3,0,2,1,2,66,8,3,0,0,3,2,17,7,4,1,0,0,1,12,3,4,8,6,0,23,3,0,10,32,0,3,16,0,1,4,2,5,0,0,1,30,2,18,0,5,0,3,0,0,29
14:27:00,0,0,19,0,1,6,21,3,0,5,8,10,0,1,14,1,1,19,0,0,1,2,3,9,0,63,0,0,45,0,106,0,0,94,0,17,0,17,0,0,13,11,0,1,1,1,4,5,4,0,1,0,1,0,63,7,9,0,0,0,0,3,15,3,1,0,3,6,29,2,2,2,3,3,8,11,0,6,23,1,11,21,0,0,0,4,0,3,4,3,3,12,23,1,0,1,5,0,2,0
14:28:00,0,1,6,0,6,10,14,1,0,8,12,6,1,0,27,7,0,5,0,1,0,2,2,67,0,9,4,3,17,0,114,0,23,9,0,22,1,16,2,0,26,4,0,1,0,0,2,6,6,0,3,1,0,0,21,1,7,1,1,0,26,1,1,1,0,0,4,0,21,7,4,7,4,24,4,8,0,9,18,0,4,20,0,0,3,10,1,0,25,2,14,4,10,0,0,0,4,0,0,0
14:29:00,0,1,21,0,18,8,20,0,0,21,7,12,0,2,5,24,0,153,1,1,0,4,0,31,7,58,5,0,25,44,93,1,0,16,0,65,1,36,1,0,60,49,0,1,0,0,29,16,5,0,1,1,0,9,105,0,5,12,0,0,0,1,8,3,0,0,8,8,21,23,5,1,1,0,36,6,0,20,5,15,3,19,0,1,3,5,0,0,4,0,12,6,8,0,2,2,2,0,0,1
14:30:00,1,2,19,1,12,7,68,1,0,8,14,8,3,0,10,26,0,68,0,0,0,8,27,26,15,28,1,0,12,0,184,5,0,13,45,21,1,31,0,0,12,7,11,2,1,0,15,99,7,1,0,12,0,0,17,0,36,0,0,0,0,1,6,2,0,0,6,22,21,3,1,6,9,2,13,3,0,15,1,2,3,12,0,0,3,3,1,1,0,18,1,3,31,4,0,0,4,10,4,0
14:31:00,0,15,8,0,11,7,88,2,0,21,16,16,0,13,4,0,2,25,1,0,0,2,3,27,5,43,3,0,14,1,71,5,0,7,21,25,22,37,2,0,50,32,4,0,0,0,29,8,28,2,0,0,0,12,54,1,17,5,0,0,0,4,2,2,1,0,19,5,57,2,3,15,5,5,103,10,0,0,10,0,1,3,0,0,2,1,0,1,31,1,5,4,3,0,2,1,5,0,0,25
14:32:00,1,3,5,0,1,9,19,0,0,3,7,23,0,18,4,12,0,18,0,0,0,30,6,58,5,1,0,1,21,17,85,8,37,15,0,22,13,46,1,0,27,3,9,1,0,0,19,4,2,12,0,0,0,9,110,5,91,0,1,0,1,19,1,3,0,1,4,3,10,2,15,7,0,0,24,65,0,7,10,0,5,1,0,4,1,105,7,2,5,2,36,3,16,0,11,1,9,0,15,0
14:33:00,4,0,7,2,12,13,80,3,0,0,10,4,0,3,17,0,1,121,0,4,0,14,11,42,1,56,2,1,22,35,84,7,0,18,0,19,0,11,3,5,43,35,15,0,1,0,23,8,7,1,0,3,0,0,120,1,86,4,0,0,0,3,9,5,0,1,5,34,36,17,1,5,1,5,17,27,0,19,0,0,2,13,0,0,0,1,6,5,10,7,20,4,3,0,0,26,8,11,8,13
14:34:00,0,0,7,0,3,7,18,3,0,5,7,4,4,16,18,30,0,39,0,2,0,0,13,105,0,1,2,1,9,0,75,13,22,20,2,21,1,38,0,10,23,10,1,1,0,2,5,11,2,0,0,15,0,1,67,0,18,1,0,0,1,2,7,4,2,2,11,2,16,4,0,16,3,3,9,14,0,1,9,0,2,15,0,0,1,1,0,0,0,1,2,0,5,0,25,2,9,0,0,0
14:35:00,0,0,1,0,47,9,4,1,0,0,18,46,0,1,7,25,0,5,0,0,0,1,1,13,8,0,45,1,35,0,83,38,0,6,0,20,1,64,1,0,14,16,15,2,0,19,8,11,5,0,2,0,0,2,62,2,42,1,1,0,0,0,8,6,0,1,5,4,24,4,2,22,0,2,1,9,1,4,11,0,1,20,35,0,0,2,0,0,0,3,9,11,6,1,0,2,8,1,0,0
14:36:00,0,2,18,1,19,3,10,1,0,0,15,6,0,17,3,4,0,42,0,0,0,1,1,9,0,0,8,1,23,0,68,1,5,30,1,32,4,10,0,3,14,4,5,1,0,0,5,12,4,0,0,9,0,26,98,5,28,2,0,0,3,1,29,0,9,3,1,3,16,3,0,13,2,0,10,7,0,7,12,1,2,25,0,0,0,1,7,2,0,14,5,10,30,0,0,2,71,9,0,19
14:37:00,2,0,10,3,6,3,59,1,0,7,0,15,1,48,6,3,0,4,1,2,0,0,2,14,0,2,0,0,3,11,102,8,2,35,2,15,1,40,0,0,7,0,6,3,0,2,4,12,3,1,0,3,0,0,23,0,47,0,0,0,0,0,3,2,2,0,3,3,6,0,1,3,3,0,2,12,0,7,31,1,5,15,0,1,2,2,0,0,0,9,0,5,3,1,0,3,3,6,7,4
14:38:00,0,0,7,1,9,5,18,1,0,10,0,5,7,6,1,13,0,7,0,2,0,0,2,6,1,2,6,0,11,22,114,28,0,2,1,9,2,33,2,0,8,2,4,0,0,0,6,12,11,0,1,1,0,20,27,4,17,1,0,0,0,0,13,5,0,0,1,0,15,0,12,2,1,0,10,10,0,4,3,0,0,11,1,2,2,3,1,0,5,2,3,6,2,0,2,2,2,1,0,2
14:39:00,0,0,14,0,0,7,79,2,0,4,38,6,0,51,10,5,1,5,1,2,0,0,6,29,0,3,4,0,9,0,28,1,2,5,5,10,1,7,1,1,27,6,8,2,1,2,0,9,2,2,7,1,0,7,36,15,18,0,1,0,3,0,2,5,0,0,2,2,10,0,0,6,3,6,16,8,1,9,1,1,2,14,0,0,0,3,0,2,0,1,0,8,43,0,1,3,7,1,0,1
14:40:00,0,0,6,3,0,3,18,0,0,14,7,7,10,24,2,4,0,0,0,0,0,0,4,9,0,2,6,0,25,0,50,0,5,5,0,8,2,18,0,0,64,0,2,1,0,2,3,10,3,1,2,0,0,6,20,0,8,0,0,0,0,0,10,54,2,0,5,1,14,1,1,2,0,2,13,10,0,18,11,0,4,6,0,1,1,0,0,0,0,8,2,10,17,1,13,1,5,0,0,0
14:41:00,1,0,6,0,1,6,16,0,0,13,11,9,0,36,6,3,0,4,0,0,0,0,14,5,0,2,0,0,22,5,48,28,1,5,0,9,2,18,2,0,54,2,4,2,0,0,7,5,2,1,0,1,0,11,17,0,7,0,0,0,0,0,13,0,0,1,1,0,11,0,1,15,6,0,47,4,0,12,8,0,7,11,0,0,0,0,0,1,0,7,4,13,10,0,2,3,12,0,0,1
14:42:00,0,0,11,0,1,3,12,0,0,3,3,6,0,8,9,2,0,0,0,0,0,0,4,14,0,1,4,0,4,0,12,1,0,8,0,5,1,22,1,0,7,4,10,2,2,0,3,3,1,0,0,7,0,5,58,5,4,0,0,0,2,0,1,0,0,0,2,0,15,0,1,6,2,0,16,10,0,4,21,3,16,1,0,0,0,0,4,6,1,4,0,3,18,1,0,3,10,0,0,9
14:43:00,0,0,8,0,0,0,5,11,0,22,2,9,1,25,17,25,0,4,2,1,0,0,8,5,0,2,0,1,23,5,70,0,0,6,1,3,3,93,2,0,29,30,10,3,0,2,0,3,0,3,0,1,5,21,55,4,36,0,0,0,0,0,0,9,0,0,4,2,29,7,1,5,0,3,5,8,0,0,8,0,2,4,2,0,0,5,0,3,0,3,4,5,11,0,3,6,9,0,0,2
14:44:00,0,0,13,0,0,2,3,0,0,7,0,1,6,6,4,32,0,16,1,2,0,0,3,7,0,0,7,0,22,6,67,1,0,3,6,6,2,51,1,1,25,4,3,2,0,0,6,5,1,1,1,1,0,1,47,0,23,0,0,0,2,7,14,4,1,2,4,1,3,0,0,4,0,14,27,9,0,5,25,0,1,2,0,0,1,6,0,1,15,3,15,12,11,0,1,0,10,0,0,0
14:45:00,0,0,8,0,1,15,21,1,3,5,2,6,0,7,3,1,0,14,0,2,0,0,1,15,2,23,14,42,17,1,48,0,2,19,0,8,2,33,2,0,35,24,9,2,0,0,82,4,0,0,0,15,0,6,20,17,16,0,0,0,0,0,0,2,2,0,5,0,10,0,0,3,3,0,1,12,2,0,14,0,7,1,0,0,0,7,0,1,8,2,25,11,4,0,0,0,7,0,0,1
14:46:00,0,0,5,0,0,7,17,46,0,24,2,1,2,6,9,11,0,88,0,1,0,0,0,14,0,90,0,1,4,9,77,6,0,13,3,25,2,47,6,2,12,2,1,6,0,0,7,7,0,1,0,10,0,1,51,10,9,0,1,0,2,0,6,5,0,0,5,2,4,2,1,5,4,0,7,21,0,0,8,0,0,8,1,0,3,5,1,1,1,1,6,26,2,2,3,2,8,0,0,7
14:47:00,0,0,3,1,6,5,11,0,0,5,1,6,0,45,9,4,0,26,1,1,0,0,0,7,0,1,4,4,13,12,66,3,3,4,4,6,2,96,13,3,21,2,3,5,0,7,3,7,0,0,0,5,0,9,28,0,3,0,0,0,2,0,10,0,0,1,0,0,11,2,7,4,2,2,8,0,0,1,20,0,2,16,0,0,0,9,9,0,1,3,7,27,15,0,2,0,7,0,0,8
14:48:00,0,0,11,0,1,6,10,0,1,2,0,4,0,26,17,0,0,46,5,1,1,0,0,16,0,3,0,0,43,20,80,1,0,36,2,8,4,35,4,0,39,5,0,0,0,1,5,4,1,1,2,0,1,0,13,1,70,0,0,0,0,2,7,0,0,0,1,17,16,0,8,5,0,1,0,0,47,1,17,1,0,4,0,1,0,8,3,3,0,10,8,30,9,1,1,1,7,0,1,0
14:49:00,0,0,4,5,0,9,5,0,0,24,1,8,0,22,10,2,0,4,1,2,1,0,23,19,0,4,2,0,29,3,85,5,0,4,3,7,1,101,1,1,46,7,6,16,0,4,4,10,0,1,20,0,0,0,1,4,14,0,0,0,1,0,10,0,1,1,3,12,1,20,3,5,6,23,29,4,0,6,15,0,0,4,0,0,2,5,10,3,37,7,6,3,32,0,2,1,6,0,0,3
14:50:00,0,0,7,0,5,10,4,0,0,5,3,14,0,27,10,8,0,1,0,2,0,1,3,43,0,10,0,0,24,2,118,1,0,3,2,9,1,39,2,1,17,12,0,0,0,0,4,10,52,1,0,9,0,22,57,5,13,1,0,0,0,0,16,2,0,0,4,7,7,4,7,3,1,0,19,4,0,3,11,0,1,3,0,0,0,10,0,1,7,6,3,3,50,0,3,2,8,1,0,7
14:51:00,0,1,8,0,3,4,9,2,0,1,5,9,0,23,9,9,0,5,0,1,0,0,0,10,0,0,2,0,11,0,101,16,0,1,72,5,10,41,1,0,10,4,0,0,0,0,1,13,7,0,5,0,0,0,30,1,20,0,0,0,1,1,6,19,0,0,5,1,12,2,6,7,0,10,5,9,0,7,22,1,2,6,1,0,1,10,0,1,1,2,0,3,18,0,0,4,9,0,0,1
14:52:00,0,0,4,0,3,3,26,4,3,12,24,0,0,15,17,42,1,13,1,1,0,0,3,15,0,7,0,1,20,1,37,0,2,30,5,0,42,29,8,0,13,2,0,1,0,0,7,31,0,0,2,0,0,0,95,0,6,0,0,0,2,0,1,7,2,0,20,4,18,1,4,24,2,14,14,16,0,4,13,0,2,12,25,1,0,133,2,1,1,2,7,2,20,0,1,4,7,0,0,3
14:53:00,1,0,14,1,11,0,4,0,59,1,0,2,0,10,4,3,1,27,0,3,0,1,2,12,0,6,6,0,15,0,65,0,0,5,1,6,21,36,40,1,3,5,2,5,0,0,8,24,8,0,1,10,0,0,18,1,4,1,0,1,3,1,1,7,0,0,2,9,17,1,19,5,12,0,14,10,0,10,17,0,0,6,0,0,0,6,0,3,0,2,6,2,34,0,1,2,8,0,0,7
14:54:00,0,0,4,0,1,1,4,0,6,0,0,5,0,10,12,6,3,7,0,2,0,1,22,19,0,28,16,1,14,0,34,0,0,17,3,8,8,56,0,0,11,44,0,0,4,7,8,37,1,0,7,5,0,23,22,14,11,1,0,0,1,2,1,11,0,0,9,6,2,1,1,3,1,0,13,14,0,8,35,1,1,2,0,0,2,7,1,1,1,3,19,4,18,0,2,0,5,0,0,5
14:55:00,0,1,8,1,1,3,14,0,0,34,7,4,1,9,10,4,0,34,1,3,0,3,0,13,0,12,7,0,14,0,49,1,0,12,1,7,6,52,7,0,41,23,0,0,0,0,9,42,0,1,5,0,0,1,23,0,10,1,0,0,3,3,4,9,0,0,3,1,5,3,1,7,4,0,4,4,0,5,8,0,1,3,0,0,2,45,1,4,0,0,5,4,30,0,2,7,9,0,0,5
14:56:00,0,1,9,0,2,5,11,0,13,8,1,15,0,7,19,6,0,44,0,0,1,2,1,7,0,16,15,0,12,25,73,16,0,14,4,8,5,21,8,0,24,24,2,1,0,1,10,105,9,0,4,0,0,33,23,29,39,1,0,0,1,8,2,12,0,1,3,4,7,0,2,17,2,0,21,4,0,11,23,0,3,9,0,0,2,16,0,1,38,7,3,8,25,8,0,0,12,0,0,4
14:57:00,1,4,9,0,4,7,15,0,3,9,4,0,1,10,19,18,0,69,0,0,0,5,10,26,0,7,0,0,12,5,139,1,0,34,2,8,4,6,4,0,24,1,16,0,0,2,3,9,4,1,0,1,0,24,12,0,8,0,0,0,1,17,18,2,1,1,1,4,83,3,0,6,10,1,18,3,0,15,3,0,21,8,0,0,3,4,0,4,22,1,5,12,15,0,2,1,10,0,0,0
14:58:00,0,55,25,1,1,1,7,0,6,17,51,52,0,12,9,14,0,38,1,5,1,2,10,12,0,8,6,0,17,0,28,27,0,17,8,6,6,8,1,0,19,3,2,0,0,5,4,24,2,0,0,11,0,19,12,0,7,2,0,0,1,1,8,3,0,1,9,0,31,0,0,8,3,0,29,19,0,7,10,0,0,6,0,86,2,2,0,1,0,6,10,6,16,4,0,38,9,0,0,19
14:59:00,0,0,2,6,2,1,10,5,2,9,0,0,0,7,13,11,0,5,0,0,0,1,0,12,2,15,0,0,12,0,39,10,1,32,4,13,5,3,1,0,21,4,2,5,0,0,2,8,2,0,3,3,1,17,18,0,34,0,0,0,5,4,1,1,0,3,4,0,17,1,8,8,2,0,21,13,0,0,5,0,2,1,0,0,1,5,2,0,0,17,11,12,29,0,0,5,13,0,0,13
15:00:00,0,1,0,2,3,14,5,3,0,11,3,10,0,8,13,10,1,4,0,0,0,1,6,10,2,97,1,2,18,0,32,4,0,9,5,5,6,27,1,0,27,1,15,1,2,0,1,9,1,0,0,0,1,2,31,15,14,0,0,0,3,0,2,0,1,2,5,0,7,0,12,6,1,0,4,4,0,6,16,0,1,1,1,1,1,8,2,0,7,5,8,6,31,0,1,5,9,1,0,5
15:01:00,1,0,0,2,4,5,57,0,0,18,9,0,0,9,6,11,0,60,0,0,0,0,0,8,1,3,0,0,5,0,52,22,0,2,10,0,2,11,3,1,29,30,0,2,0,2,0,8,3,0,0,1,0,2,36,1,14,1,1,0,3,0,10,1,0,1,4,4,5,0,0,11,0,1,0,13,0,6,12,0,10,9,0,0,1,0,0,0,2,4,0,15,38,0,0,8,6,0,1,3
15:02:00,0,0,7,0,3,7,17,0,1,0,8,6,0,9,14,10,0,76,0,1,1,1,18,14,0,84,11,1,15,0,108,15,0,25,3,5,0,9,2,1,22,7,0,0,0,2,2,9,2,2,0,1,1,0,41,1,18,0,0,0,7,0,9,0,0,2,0,6,16,0,0,6,0,4,2,8,0,1,16,0,1,4,0,0,4,4,0,0,34,6,5,4,23,0,0,5,7,0,0,1
15:03:00,0,0,21,1,1,9,50,10,35,1,3,0,0,5,6,14,1,37,1,3,2,8,2,13,0,5,0,0,11,0,102,26,4,1,11,11,2,18,2,0,37,30,2,9,0,3,1,5,0,0,1,1,0,1,45,0,16,0,0,0,4,0,0,1,0,2,3,3,9,1,0,6,10,9,1,13,0,5,2,0,2,6,1,3,1,0,0,1,9,6,12,3,45,0,0,6,3,0,7,12
15:04:00,0,0,5,2,2,6,14,0,0,3,2,4,2,4,7,11,0,43,0,2,4,0,2,3,13,6,7,0,5,0,43,3,0,8,4,7,3,10,2,0,58,39,12,2,0,1,9,5,4,0,0,0,0,0,33,17,21,0,0,1,3,1,4,5,0,0,1,0,25,1,0,2,0,16,5,12,0,0,42,0,1,2,0,0,1,1,0,0,31,14,17,8,27,0,0,0,4,0,0,24
15:05:00,0,0,3,0,1,27,14,0,0,0,2,0,0,3,8,7,0,40,2,1,0,0,0,9,0,59,2,0,24,0,119,0,0,14,5,9,1,2,4,0,11,26,0,4,0,1,37,6,4,0,0,2,0,1,40,1,8,0,0,0,1,0,10,5,0,0,14,0,25,1,1,3,2,4,11,15,0,5,19,0,2,2,0,5,0,4,0,0,4,9,8,6,39,0,0,0,5,0,15,1
15:06:00,0,2,0,1,11,11,57,0,1,0,2,5,0,8,7,5,0,46,0,3,4,37,0,13,1,43,0,3,15,0,87,8,0,20,3,9,2,8,4,0,4,26,13,3,1,4,30,8,5,3,28,2,43,4,39,6,13,0,2,0,3,0,0,4,0,1,3,0,16,1,1,4,1,2,30,28,0,0,2,0,0,4,0,1,0,3,0,4,18,9,8,8,41,0,0,0,6,0,0,22
15:07:00,0,1,0,0,0,12,47,0,2,19,0,1,0,12,9,8,1,16,1,1,2,1,0,14,0,9,0,0,10,0,80,1,0,1,4,8,2,11,2,1,10,19,0,10,0,3,5,19,1,3,0,0,3,1,35,0,13,0,0,0,3,0,3,2,0,0,3,2,4,1,3,4,9,2,8,28,0,1,0,0,0,1,0,1,4,0,0,0,3,9,3,6,54,0,0,2,3,0,1,13
15:08:00,17,0,0,0,2,13,53,1,20,2,35,5,0,5,12,10,0,39,0,13,7,6,1,9,0,8,2,2,26,0,53,16,1,5,0,7,1,15,3,0,18,25,3,3,0,2,9,8,6,3,0,0,1,22,44,0,16,0,0,1,2,1,16,1,0,0,5,0,15,3,5,5,0,4,10,28,3,2,18,0,1,3,1,0,4,23,0,1,7,8,8,15,31,0,1,6,5,0,0,13
15:09:00,0,0,0,0,0,6,41,3,0,8,7,8,0,7,18,3,0,18,3,3,0,5,5,14,0,6,0,0,5,0,91,0,0,7,0,4,1,14,2,8,12,0,7,11,1,17,48,9,4,0,0,0,2,2,23,21,5,0,0,0,1,1,0,2,0,4,5,16,1,10,15,2,0,3,2,23,8,9,13,0,28,7,0,0,0,5,0,0,3,9,6,35,33,0,2,11,7,0,0,19
15:10:00,3,0,0,0,1,7,42,1,0,21,3,7,1,12,17,10,0,39,0,2,0,6,17,13,0,14,0,0,20,1,71,0,2,6,0,8,3,7,3,0,45,32,1,5,0,1,1,24,2,1,0,0,0,32,54,0,19,0,0,0,2,1,2,7,0,0,3,3,2,0,5,0,0,4,21,27,14,9,0,0,27,6,0,1,1,2,0,0,12,9,17,21,24,0,2,9,4,0,0,8
15:11:00,1,0,4,0,7,1,23,3,0,8,1,4,0,29,5,9,0,22,8,3,0,3,5,15,0,40,5,0,8,1,78,28,2,3,2,8,6,16,4,0,16,26,7,4,0,6,13,24,4,0,6,1,1,3,42,0,24,0,0,0,2,2,3,5,0,0,3,11,29,0,2,4,5,23,5,25,1,7,5,0,4,7,2,38,0,2,0,1,0,9,16,19,47,0,1,5,5,0,0,22
15:12:00,0,0,1,1,1,5,15,6,0,12,6,10,1,10,17,7,0,69,1,0,4,6,13,15,0,74,2,0,39,0,69,0,5,46,0,10,2,5,4,0,20,13,7,4,1,27,9,14,8,2,1,2,0,1,45,0,20,0,0,0,7,5,1,1,0,0,6,21,13,0,3,1,1,11,21,26,0,12,1,0,2,6,4,0,0,1,8,3,4,9,5,18,21,0,6,15,3,0,0,1
15:13:00,21,1,1,0,16,11,79,5,0,12,27,15,0,17,10,19,2,138,6,0,2,4,19,19,14,73,0,3,27,0,112,18,6,5,39,8,2,20,9,14,27,91,3,63,0,1,13,9,11,1,1,0,1,2,95,9,140,3,0,0,4,4,14,4,0,6,22,2,2,24,18,3,6,6,27,107,0,8,3,0,4,2,2,0,0,4,0,45,65,19,15,39,25,1,2,16,4,0,0,7
15:14:00,0,1,1,8,1,21,16,4,18,4,6,0,1,8,12,7,0,20,0,0,2,11,7,20,0,10,1,0,27,0,46,3,1,11,15,9,1,7,4,4,36,20,5,3,0,0,18,8,6,1,5,1,0,3,32,1,43,4,2,0,6,2,1,2,0,3,9,6,11,1,0,3,5,6,16,40,0,18,34,0,2,3,2,0,1,4,3,5,18,10,8,28,26,9,4,12,6,0,0,10
15:15:00,1,1,0,1,6,2,38,5,2,6,3,32,0,13,8,7,0,31,0,1,4,3,1,14,0,66,16,0,14,1,57,0,14,6,1,9,25,10,3,2,34,19,6,39,0,1,14,10,10,4,1,2,0,2,34,1,25,1,1,0,8,3,1,6,0,1,4,2,9,2,5,4,18,15,10,27,2,9,10,0,2,1,2,1,2,5,0,4,2,11,8,6,15,0,1,7,6,0,4,7
15:16:00,0,1,0,3,2,7,51,4,0,4,5,6,0,13,10,24,0,3,1,0,0,9,4,22,0,18,2,1,16,1,65,13,7,35,2,24,12,17,5,0,22,14,9,7,1,1,15,19,3,1,1,6,0,0,16,2,16,0,0,0,6,7,12,4,0,1,4,3,4,0,2,4,1,10,5,32,3,14,12,0,4,14,2,1,0,4,1,9,5,11,4,6,25,0,1,11,3,0,0,9
15:17:00,1,0,0,0,1,1,13,4,0,14,11,41,1,23,8,10,1,70,0,1,0,4,5,18,0,12,1,0,19,0,61,8,7,1,22,19,10,8,4,0,41,27,6,3,0,1,48,37,4,1,4,1,0,2,55,4,8,0,1,0,5,0,5,3,0,0,4,2,9,1,0,5,6,8,16,29,0,15,1,0,0,4,2,0,0,0,2,3,22,7,9,2,36,0,1,10,4,0,0,11
15:18:00,10,0,2,1,0,32,55,4,0,9,8,0,2,16,5,13,1,45,0,0,1,12,2,18,0,1,1,1,18,0,51,22,4,5,0,7,2,4,6,0,20,1,22,8,0,1,7,30,6,2,5,1,1,1,29,4,41,0,0,0,8,2,2,5,0,1,18,0,15,0,1,2,8,6,8,59,3,12,9,0,1,2,0,7,0,3,1,4,0,8,7,0,24,0,0,6,4,0,0,17
15:19:00,0,1,7,0,1,9,37,8,0,1,16,7,2,12,7,9,0,15,0,0,0,8,14,5,4,45,3,0,23,1,120,3,8,48,3,11,5,4,21,0,32,41,5,4,0,0,45,17,6,0,61,0,0,25,21,8,18,0,1,0,9,1,10,2,0,0,8,4,39,2,0,4,14,8,8,21,1,8,19,0,3,8,2,1,1,0,12,2,22,11,15,0,39,0,2,5,5,0,0,41
15:20:00,1,2,1,1,0,4,32,6,0,4,24,2,16,99,3,25,0,53,0,0,2,28,0,2,1,43,2,1,14,0,85,1,16,15,0,8,2,11,4,7,30,30,4,6,0,0,17,16,7,0,1,0,0,0,78,6,30,0,0,0,9,0,10,12,0,1,3,26,13,0,2,8,4,26,19,120,0,14,5,0,2,15,2,1,0,6,0,5,24,7,12,0,28,0,0,5,8,0,0,26
15:21:00,0,0,5,0,0,8,11,7,0,1,24,2,1,17,5,6,3,6,0,1,1,2,0,11,0,5,6,0,22,0,130,16,8,10,2,8,3,20,8,0,26,12,13,14,0,0,7,16,14,2,0,0,0,1,18,6,30,1,1,0,9,6,6,13,0,11,3,5,4,1,2,5,1,1,19,26,2,15,11,0,5,5,0,0,0,106,1,64,9,20,9,0,21,0,0,5,8,0,1,12
15:22:00,4,1,6,2,0,9,27,11,0,2,0,47,0,8,14,8,3,5,0,0,0,4,1,3,0,41,0,0,21,1,130,4,7,16,0,8,1,12,10,0,25,4,17,9,1,0,10,57,6,1,2,8,1,1,16,2,78,0,1,0,10,2,1,9,0,2,7,3,15,2,0,5,12,7,11,30,0,11,0,0,1,3,0,0,1,14,4,8,20,8,16,0,31,0,0,11,11,0,1,2
15:23:00,1,24,0,0,4,37,61,4,18,0,17,8,1,31,22,7,0,14,0,0,6,16,14,6,3,10,21,0,30,1,54,26,37,41,1,26,5,13,11,0,50,61,21,5,1,0,10,25,49,0,1,0,0,3,67,3,42,5,0,0,9,1,34,5,0,0,4,0,13,2,2,4,3,8,31,43,0,10,28,0,0,8,0,1,2,14,1,20,14,13,6,2,31,1,2,7,11,0,0,19
15:24:00,3,2,20,10,8,7,55,4,0,1,0,3,1,35,15,18,10,106,9,1,0,3,10,9,3,21,2,0,23,0,96,0,18,15,0,7,3,7,12,0,20,22,7,5,1,0,3,110,61,2,2,1,1,69,66,6,103,0,1,0,10,9,1,2,0,2,5,1,19,3,7,3,6,19,3,20,0,17,5,1,2,4,1,0,0,15,1,4,35,17,26,1,25,0,3,3,8,0,15,25
15:25:00,1,2,1,5,1,10,56,78,0,1,0,0,6,41,8,7,0,47,6,0,0,3,0,23,0,15,4,0,24,0,48,0,2,16,2,35,2,14,3,0,28,4,4,9,0,0,8,18,3,9,0,1,0,0,51,10,38,0,1,0,10,2,1,15,0,5,10,1,28,0,3,10,5,13,10,27,0,14,1,0,5,8,2,0,0,5,4,16,17,20,10,1,19,0,2,5,9,2,0,2
15:26:00,0,2,2,1,13,10,27,6,0,4,2,7,2,40,8,21,0,35,0,1,0,6,2,7,1,52,1,0,14,0,40,11,2,23,3,12,5,17,1,0,48,19,6,10,3,0,16,37,6,0,4,1,1,39,47,5,40,0,0,1,6,9,2,11,0,2,4,1,38,1,1,3,20,13,19,18,1,7,1,0,31,8,0,0,0,30,1,3,9,39,6,10,23,0,5,6,9,0,15,5
15:27:00,0,16,1,14,0,11,31,28,0,1,24,23,0,25,8,37,0,32,0,11,0,4,12,1,4,15,13,33,22,0,116,8,2,53,0,10,6,11,3,0,16,42,13,3,0,3,14,43,3,1,1,2,0,0,33,3,35,0,1,0,12,3,3,2,0,0,4,3,8,2,4,6,2,2,10,4,0,16,41,0,4,12,2,1,0,9,2,3,20,14,15,12,26,1,2,5,7,0,0,13
15:28:00,0,3,1,1,2,43,16,9,0,5,5,2,0,26,9,10,0,66,1,2,0,4,1,6,0,42,0,0,25,1,68,42,6,36,2,10,3,17,4,0,10,27,4,9,0,0,39,91,3,1,2,3,0,0,77,1,39,0,0,0,11,2,2,5,0,0,25,40,116,0,0,13,4,9,18,8,0,11,3,0,47,3,3,1,1,19,3,2,31,20,12,1,56,10,5,42,4,0,0,23
15:29:00,0,0,2,1,1,8,29,11,3,1,14,9,0,29,19,8,1,134,1,5,0,18,3,2,1,95,1,0,15,0,86,2,3,19,1,35,26,13,1,0,7,30,10,7,0,0,9,124,3,1,29,0,0,1,54,3,60,0,1,0,9,8,5,11,0,1,6,2,44,3,4,10,4,11,24,65,0,8,1,0,4,9,1,1,0,9,1,2,31,12,18,5,11,2,4,8,6,1,0,14
15:30:00,5,6,2,0,1,16,40,9,3,1,2,11,2,48,7,17,0,62,0,3,1,4,11,25,4,39,1,0,14,0,33,17,2,2,0,11,6,8,9,1,56,45,1,7,0,1,45,12,14,0,1,1,1,0,28,2,68,0,0,0,4,6,8,16,0,2,11,3,20,8,3,6,5,9,10,5,0,15,3,0,16,22,3,0,0,7,3,18,4,12,4,9,19,2,8,15,6,0,0,11
15:31:00,0,0,1,4,0,27,56,0,1,0,10,0,0,14,9,65,3,83,0,6,0,5,2,16,1,10,3,14,9,0,26,7,3,8,0,14,2,75,1,0,74,3,0,4,3,1,1,14,2,13,0,0,4,11,66,8,52,1,0,0,2,0,2,8,0,0,1,4,18,2,6,8,0,10,11,8,0,10,5,0,5,2,1,2,0,6,0,1,4,26,10,11,0,0,2,2,4,0,0,0
15:32:00,3,0,2,0,2,6,26,0,0,19,6,2,11,152,6,7,0,11,3,4,0,7,15,3,1,64,10,2,5,0,53,7,0,20,0,10,0,2,1,2,23,15,1,8,0,0,1,8,0,4,2,3,0,29,38,1,45,1,1,0,2,1,14,11,0,0,2,13,18,0,4,37,1,9,15,0,0,10,12,0,0,1,4,1,0,3,0,3,2,18,22,4,0,0,7,0,4,0,0,2
15:33:00,0,1,1,0,0,0,44,1,0,0,2,0,0,35,1,3,0,114,0,8,0,2,12,1,0,14,6,0,19,0,101,37,0,5,2,13,0,3,12,0,9,26,2,6,1,0,3,9,0,1,0,2,0,5,46,1,95,1,0,0,2,1,1,4,0,2,6,1,102,0,7,1,2,6,27,1,0,15,16,0,5,2,10,2,0,1,0,0,5,21,16,2,0,0,43,1,2,0,1,6
15:34:00,0,0,0,0,3,3,45,2,1,7,14,1,0,5,1,5,0,29,0,2,0,4,5,10,0,15,1,0,33,1,43,5,0,11,0,11,1,6,4,0,21,24,6,5,0,2,4,2,0,0,2,0,3,6,35,1,36,0,0,0,2,3,0,9,0,0,20,2,27,2,4,7,1,6,13,2,0,9,26,0,1,2,0,1,2,6,0,0,63,16,9,7,0,0,10,1,7,0,0,7
15:35:00,0,0,1,0,5,5,24,0,1,1,4,4,0,7,2,6,0,114,0,1,0,5,2,10,0,10,0,0,13,0,27,6,1,12,0,14,4,3,7,22,52,42,0,5,0,2,3,49,5,1,4,14,0,11,104,1,109,1,1,0,9,3,0,15,0,1,6,2,47,0,4,3,2,6,7,7,0,14,6,0,4,1,2,1,4,1,4,16,23,9,10,4,0,0,19,5,9,0,1,13
15:36:00,45,0,0,1,6,6,89,1,3,0,1,0,0,24,2,4,0,69,0,5,2,1,27,2,0,72,1,0,5,1,18,15,4,13,22,20,3,30,0,8,69,17,1,39,2,0,6,5,0,1,1,0,3,0,29,4,45,15,1,0,8,3,50,20,13,1,2,12,31,22,6,11,2,19,21,9,0,9,5,0,6,2,0,5,0,1,4,8,18,18,4,62,0,0,9,4,7,0,1,11
15:37:00,4,0,0,0,8,5,13,2,1,12,11,4,0,34,2,7,5,21,11,15,0,3,38,5,0,12,0,0,26,0,35,0,0,8,12,10,1,9,3,3,96,1,4,1,1,1,15,2,4,4,0,0,1,0,9,1,50,0,0,0,1,3,41,5,3,0,7,19,14,1,2,7,2,4,8,9,0,9,17,0,2,1,0,2,2,2,0,0,1,10,5,1,43,0,7,6,6,0,28,24
15:38:00,0,0,25,2,6,6,40,2,4,11,3,1,1,62,0,4,0,100,0,8,2,54,3,32,10,105,0,1,42,0,35,0,1,30,0,11,2,111,3,2,178,65,30,12,0,1,44,11,37,0,4,0,1,29,50,0,156,10,0,0,3,11,1,8,1,0,3,3,62,24,4,29,21,10,19,64,0,13,6,0,0,3,4,1,0,4,0,0,0,36,9,4,0,0,13,5,12,0,0,33
15:39:00,7,1,6,1,2,10,75,4,0,3,14,4,1,25,3,46,4,75,2,2,1,7,14,8,3,9,0,0,25,0,30,6,47,27,1,22,0,1,2,3,56,50,3,35,0,1,35,44,24,4,0,0,22,36,12,12,59,0,0,0,3,3,0,11,0,0,5,19,49,4,2,8,4,6,15,64,0,13,0,1,3,17,0,1,3,2,1,0,7,20,18,6,0,0,9,10,6,0,0,30
15:40:00,0,2,19,0,3,9,41,2,1,1,8,20,1,54,0,6,4,7,0,0,0,8,0,5,0,32,3,0,17,1,21,2,6,39,2,14,2,2,2,1,47,8,1,2,1,1,9,70,3,1,2,0,0,4,19,4,74,0,0,101,3,0,0,2,2,2,3,0,42,4,4,26,6,9,8,9,1,16,29,1,1,4,0,1,1,2,2,0,4,13,3,10,1,0,11,10,214,0,0,5
15:41:00,14,1,8,1,4,37,7,4,0,5,0,33,0,12,4,9,5,7,0,0,0,13,12,4,0,7,0,0,13,1,13,2,10,5,18,13,2,3,4,1,76,49,2,2,4,4,11,20,5,0,1,1,3,10,42,7,102,3,0,0,9,1,0,2,0,2,7,5,37,5,5,5,12,7,11,60,0,15,13,0,2,5,0,19,3,5,0,0,1,17,18,6,17,0,7,8,6,24,0,8
15:42:00,0,10,1,0,1,14,48,3,0,0,0,11,0,6,7,10,6,87,1,0,0,18,0,3,1,68,0,0,44,2,19,7,0,13,4,14,2,4,1,0,95,59,29,47,0,4,21,31,5,0,1,1,5,15,141,0,91,1,1,0,2,2,22,2,0,0,7,0,52,5,4,6,4,21,13,22,0,122,2,0,0,4,0,4,0,2,7,34,30,20,31,1,6,0,17,12,13,0,0,8
15:43:00,0,4,5,31,3,11,94,6,0,3,9,4,1,12,0,47,6,37,0,1,0,3,0,15,10,40,1,0,77,3,18,4,1,11,0,13,7,19,9,6,65,29,11,0,3,1,39,28,2,0,1,0,5,2,80,12,47,5,0,0,5,8,0,1,1,1,11,2,63,12,7,5,4,4,22,1,0,101,3,0,1,13,6,0,4,4,12,1,55,12,22,4,17,0,12,15,10,2,0,12
15:44:00,0,1,4,0,2,10,37,2,0,2,27,17,0,7,0,6,3,80,9,0,19,5,3,3,0,13,0,0,21,2,31,3,0,6,3,13,1,52,5,0,54,36,4,4,0,4,4,20,2,4,0,1,2,10,135,2,100,2,1,6,3,23,51,4,4,2,6,0,26,14,8,6,0,8,11,16,0,14,14,0,3,3,0,1,0,5,1,2,13,11,8,6,11,2,10,10,8,2,0,14
15:45:00,1,3,3,3,5,3,45,14,0,1,10,21,4,28,4,0,2,13,0,0,17,7,4,3,1,86,1,0,24,2,15,15,1,3,3,13,8,6,8,0,41,20,9,4,0,1,28,2,3,0,1,0,1,15,109,9,70,12,0,0,3,8,12,4,2,0,10,1,24,13,8,3,0,5,11,53,0,16,19,1,2,9,2,3,0,1,0,0,8,10,35,15,0,1,6,9,20,0,2,35
15:46:00,2,2,3,0,5,8,96,58,1,3,2,6,9,12,4,7,3,123,0,0,11,8,3,2,31,29,1,0,62,2,49,13,1,8,2,16,6,67,8,3,53,27,18,3,0,8,12,44,10,3,0,9,0,2,69,9,166,0,3,16,14,10,0,2,1,2,15,20,23,20,10,10,7,16,24,55,1,68,12,0,3,4,0,1,2,2,10,0,23,17,38,13,0,4,5,18,18,1,0,36
15:47:00,19,5,1,0,13,35,65,52,0,38,18,3,10,8,42,20,6,139,0,2,0,9,2,5,16,124,1,1,60,3,5,8,0,20,0,18,3,7,3,8,92,8,6,22,0,3,10,32,7,0,0,1,2,2,97,0,103,7,0,0,4,2,9,2,2,0,12,0,5,27,11,3,1,12,27,41,1,43,0,0,1,12,87,0,9,7,2,1,4,13,23,7,1,0,6,49,16,0,0,39
15:48:00,30,2,2,17,15,36,153,33,0,5,13,32,4,51,16,15,4,119,0,12,4,11,10,33,15,69,8,30,93,2,38,13,15,7,50,38,2,2,56,3,67,86,4,4,2,3,77,20,10,0,47,20,4,100,126,7,147,0,0,0,4,12,1,8,2,0,23,37,18,5,52,6,30,29,37,46,36,17,15,51,46,3,19,10,2,4,4,0,40,23,18,17,75,0,9,44,18,2,29,16
15:49:00,9,52,4,5,2,2,92,26,0,24,11,61,6,87,6,9,4,168,11,10,0,42,32,48,9,81,25,14,67,3,3,27,0,114,16,28,23,1,26,2,36,56,36,21,32,38,32,43,12,0,18,1,2,22,127,6,195,2,56,0,7,10,14,3,3,57,7,2,57,30,3,17,1,14,27,41,21,18,34,1,1,18,0,3,3,10,1,71,16,22,47,25,23,4,6,17,20,8,0,20
15:50:00,3,4,3,3,4,10,74,8,0,5,21,23,1,5,8,36,5,87,3,9,0,9,5,5,13,9,0,0,59,1,47,13,23,63,13,18,40,76,19,1,67,29,12,5,2,0,30,12,10,0,19,5,4,18,157,20,113,14,0,0,14,14,0,2,3,3,24,6,26,18,12,32,3,14,26,26,12,17,18,1,8,36,0,2,0,2,1,10,5,19,15,24,8,0,7,2,21,2,4,23
15:51:00,12,8,30,6,10,3,108,13,29,17,16,5,1,24,4,18,4,118,13,33,1,30,2,7,19,122,14,4,75,3,29,12,1,24,24,30,4,2,14,1,48,40,9,29,3,3,6,21,22,8,6,0,2,51,121,18,73,2,4,1,9,5,0,3,3,9,24,26,47,25,10,11,9,31,16,10,1,27,23,0,2,21,0,5,0,8,0,1,46,51,32,136,28,7,40,7,40,1,4,43
15:52:00,5,10,15,15,2,5,161,1,2,2,17,16,10,52,1,4,5,51,1,8,1,16,4,10,22,8,0,0,35,5,22,14,2,26,12,1,4,9,4,9,121,22,12,17,0,6,13,33,27,1,2,2,3,12,81,0,84,1,3,0,8,2,2,2,6,9,14,4,28,18,6,5,7,19,8,75,0,60,19,1,5,8,0,0,0,63,1,14,21,40,24,12,1,7,10,11,74,6,6,21
15:53:00,2,21,5,1,4,4,156,10,3,20,23,2,0,65,0,5,6,106,1,6,2,13,3,2,10,6,4,2,26,10,51,30,6,21,14,4,4,12,4,0,43,23,15,5,3,7,47,32,14,1,1,1,2,20,93,2,81,1,5,1,6,7,0,7,2,3,3,0,8,14,8,10,18,16,26,9,12,11,11,0,5,14,8,5,7,9,1,26,11,42,24,12,5,0,17,0,52,1,9,16
15:54:00,4,6,5,6,6,10,63,18,10,16,28,4,2,21,10,10,4,38,2,1,1,19,2,1,9,20,2,0,44,1,60,6,0,25,26,14,9,148,2,0,27,31,8,12,20,3,14,21,11,5,1,11,55,6,62,5,63,2,3,0,10,2,2,42,5,3,6,3,18,8,3,9,12,22,11,16,0,19,14,1,3,7,1,3,7,8,0,12,2,17,30,10,0,0,6,0,51,4,3,8
15:55:00,6,5,13,3,13,14,30,19,4,6,39,1,4,56,3,11,9,23,2,0,1,16,0,8,3,36,0,3,63,6,24,6,7,25,4,22,37,31,4,9,50,25,10,36,0,8,12,64,18,1,1,11,11,6,97,9,50,0,21,1,26,5,18,6,2,1,14,1,11,59,4,12,14,31,6,38,3,43,15,1,2,11,9,11,4,24,4,19,6,25,23,27,1,1,10,56,40,2,19,9
15:56:00,1,1,9,14,2,11,70,14,0,11,42,3,1,24,1,12,2,127,2,0,1,19,5,14,2,79,3,3,30,2,57,2,16,31,5,25,8,30,5,6,8,33,11,3,2,3,26,20,23,9,4,1,3,55,66,20,19,5,9,0,25,3,4,18,5,3,20,2,16,44,11,23,14,24,18,31,3,19,3,0,5,4,12,5,0,3,6,19,33,32,29,11,42,1,71,16,38,0,0,18
15:57:00,1,2,10,10,3,11,62,14,13,15,41,3,2,21,2,26,0,98,1,6,1,15,4,49,1,22,0,4,33,4,42,6,10,3,0,63,5,5,3,4,20,90,10,5,4,9,11,23,9,1,34,0,0,10,84,24,109,0,5,3,26,7,5,11,1,3,12,15,14,38,11,11,21,13,21,11,3,25,12,1,3,13,4,2,1,7,13,14,15,35,8,18,6,0,8,15,33,0,0,10
15:58:00,0,4,13,8,1,11,31,14,17,8,39,26,0,26,4,36,0,28,2,8,1,12,2,72,5,113,3,0,32,4,11,8,11,51,8,25,10,31,4,7,22,72,47,44,1,9,7,23,12,2,14,0,1,22,50,13,6,4,5,0,29,1,1,1,4,2,9,15,17,29,3,14,13,8,10,51,5,19,4,1,19,5,14,3,9,13,4,13,16,18,10,19,12,13,16,43,50,1,8,8
15:59:00,20,9,18,13,1,29,54,14,9,20,72,14,4,99,3,21,1,150,3,6,5,44,4,7,17,41,0,26,15,8,65,14,24,33,1,30,22,36,18,9,9,106,32,10,1,21,12,54,18,7,38,17,6,49,99,20,34,5,10,7,38,20,4,20,5,41,20,31,41,22,18,9,33,10,11,100,14,49,19,2,9,15,10,6,7,28,2,17,12,16,11,65,33,0,19,29,31,7,0,27
16:00:00,11,5,17,3,14,25,85,21,11,26,26,2,7,25,23,9,10,59,1,12,9,26,3,5,11,43,18,19,22,18,33,22,7,79,5,39,25,22,14,5,28,16,5,17,6,17,10,48,16,1,7,13,2,33,59,41,49,21,5,1,22,10,5,14,7,9,8,20,40,13,16,12,25,30,8,49,10,29,11,7,28,6,5,11,4,57,8,9,15,23,23,104,31,8,58,39,44,6,0,48
