Minutes,Stock1,Stock2,Stock3,Stock4,Stock5,Stock6,Stock7,Stock8,Stock9,Stock10,Stock11,Stock12,Stock13,Stock14,Stock15,Stock16,Stock17,Stock18,Stock19,Stock20,Stock21,Stock22,Stock23,Stock24,Stock25,Stock26,Stock27,Stock28,Stock29,Stock30,Stock31,Stock32,Stock33,Stock34,Stock35,Stock36,Stock37,Stock38,Stock39,Stock40,Stock41,Stock42,Stock43,Stock44,Stock45,Stock46,Stock47,Stock48,Stock49,Stock50,Stock51,Stock52,Stock53,Stock54,Stock55,Stock56,Stock57,Stock58,Stock59,Stock60,Stock61,Stock62,Stock63,Stock64,Stock65,Stock66,Stock67,Stock68,Stock69,Stock70,Stock71,Stock72,Stock73,Stock74,Stock75,Stock76,Stock77,Stock78,Stock79,Stock80,Stock81,Stock82,Stock83,Stock84,Stock85,Stock86,Stock87,Stock88,Stock89,Stock90,Stock91,Stock92,Stock93,Stock94,Stock95,Stock96,Stock97,Stock98,Stock99,Stock100
09:31:00,0.15,0.15,0.1,0.1,0.14,0.05,0.02,0.04,0.02,0.02,0.01,0.02,0.06,0.01,0.04,0.05,0.02,0.05,0.1,0.2,0.2,0.05,0.1,0.02,0.04,0.2,0.1,0.1,0.15,0.05,0.02,0.01,0.04,0.05,0.02,0.02,0.02,0.02,0.01,0.7,0.2,0.1,0.1,0.2,0.3,0.05,0.35,0.01,0.02,0.16,0.2,0.02,0.06,0.06,0.1,0.01,0.2,0.2,0.05,0.1,0.01,0.25,0.02,0.04,0.08,0.2,0.4,0.1,0.15,0.01,0.01,0.05,0.1,0.01,0.6,0.25,0.25,0.2,0.04,0.09,0.02,0.05,0.04,0.16,0.05,0.35,0.14,0.1,0.6,0.01,0.3,0.03,0.1,0.3,0.02,0.1,0.02,0.35,0.45,0.25
09:32:00,0.05,0.1,0.05,0.1,0.1,0.1,0.04,0.02,0.04,0.04,0.01,0.02,0.04,0.01,0.04,0.05,0.01,0.05,0.25,0.3,0.15,0.05,0.05,0.01,0.02,0.2,0.1,0.12,0.05,0.1,0.02,0.02,0.01,0.05,0.06,0.02,0.02,0.02,0.02,0.35,0.05,0.2,0.1,0.25,0.25,0.05,0.1,0.01,0.01,0.08,0.15,0.04,0.06,0.04,0.1,0.02,0.2,0.15,0.05,0.1,0.01,0.25,0.01,0.03,0.08,0.15,0.2,0.2,0.1,0.01,0.01,0.05,0.05,0.02,0.6,0.05,0.25,0.2,0.08,0.01,0.02,0.05,0.02,0.12,0.08,0.45,0.1,0.2,0.5,0.01,0.2,0.02,0.04,0.1,0.02,0.05,0.01,0.35,0.4,0.15
09:33:00,0.1,0.05,0.05,0.2,0.02,0.1,0.02,0.04,0.02,0.04,0.01,0.02,0.04,0.01,0.02,0.1,0.01,0.05,0.1,0.25,0.05,0.05,0.05,0.04,0.03,0.1,0.05,0.12,0.05,0.05,0.02,0.06,0.01,0.05,0.03,0.04,0.01,0.03,0.02,0.15,0.05,0.1,0.1,0.25,0.2,0.1,0.05,0.01,0.01,0.08,0.05,0.02,0.06,0.02,0.1,0.01,0.4,0.1,0.1,0.05,0.01,0.1,0.01,0.02,0.1,0.25,0.4,0.1,0.05,0.01,0.01,0.05,0.05,0.01,0.6,0.05,0.2,0.2,0.04,0.04,0.02,0.05,0.02,0.06,0.07,0.5,0.12,0.15,0.5,0.01,0.2,0.01,0.04,0.2,0.02,0.05,0.01,0.4,0.35,0.25
09:34:00,0.1,0.05,0.1,0.1,0.06,0.1,0.02,0.04,0.04,0.04,0.01,0.02,0.04,0.01,0.04,0.1,0.01,0.05,0.2,0.15,0.1,0.05,0.05,0.05,0.02,0.1,0.1,0.06,0.05,0.05,0.02,0.03,0.02,0.05,0.02,0.04,0.01,0.02,0.01,0.2,0.05,0.1,0.1,0.2,0.1,0.1,0.15,0.01,0.01,0.06,0.1,0.05,0.06,0.02,0.1,0.01,0.2,0.15,0.1,0.05,0.01,0.25,0.02,0.01,0.06,0.2,0.2,0.15,0.05,0.01,0.02,0.05,0.05,0.02,0.2,0.05,0.25,0.2,0.04,0.04,0.01,0.05,0.01,0.02,0.07,0.05,0.14,0.05,0.2,0.01,0.1,0.01,0.02,0.2,0.02,0.05,0.02,0.2,0.35,0.1
09:35:00,0.05,0.05,0.05,0.05,0.04,0.1,0.02,0.02,0.02,0.02,0.01,0.04,0.06,0.01,0.02,0.1,0.01,0.05,0.4,0.25,0.1,0.05,0.05,0.02,0.02,0.1,0.05,0.04,0.1,0.05,0.02,0.03,0.01,0.1,0.02,0.02,0.01,0.02,0.01,0.2,0.05,0.2,0.1,0.2,0.1,0.05,0.2,0.01,0.01,0.1,0.15,0.05,0.04,0.06,0.1,0.01,0.4,0.2,0.05,0.05,0.01,0.15,0.01,0.01,0.06,0.15,0.4,0.15,0.05,0.01,0.01,0.05,0.1,0.02,0.4,0.05,0.1,0.15,0.02,0.06,0.02,0.05,0.01,0.06,0.08,0.15,0.08,0.2,0.3,0.01,0.2,0.01,0.04,0.25,0.01,0.05,0.01,0.3,0.3,0.15
09:36:00,0.05,0.05,0.1,0.05,0.02,0.1,0.04,0.02,0.02,0.04,0.02,0.02,0.02,0.01,0.04,0.05,0.02,0.1,0.1,0.2,0.1,0.05,0.1,0.02,0.01,0.2,0.05,0.04,0.05,0.05,0.02,0.03,0.03,0.05,0.02,0.02,0.01,0.02,0.01,0.15,0.15,0.2,0.05,0.05,0.15,0.05,0.25,0.01,0.01,0.04,0.1,0.03,0.02,0.06,0.1,0.01,0.2,0.2,0.05,0.05,0.01,0.05,0.01,0.01,0.04,0.2,0.2,0.05,0.05,0.02,0.01,0.05,0.05,0.01,0.2,0.1,0.1,0.2,0.04,0.08,0.01,0.1,0.01,0.02,0.06,0.05,0.04,0.2,0.3,0.01,0.2,0.02,0.02,0.3,0.01,0.1,0.01,0.15,0.05,0.15
09:37:00,0.05,0.05,0.1,0.05,0.02,0.05,0.02,0.02,0.02,0.02,0.01,0.04,0.02,0.01,0.1,0.05,0.02,0.05,0.2,0.15,0.05,0.05,0.05,0.02,0.02,0.1,0.05,0.04,0.05,0.1,0.02,0.03,0.01,0.05,0.02,0.02,0.02,0.02,0.01,0.15,0.05,0.1,0.05,0.05,0.05,0.05,0.2,0.01,0.01,0.14,0.05,0.02,0.02,0.02,0.1,0.01,0.4,0.1,0.05,0.1,0.01,0.05,0.01,0.01,0.04,0.1,0.4,0.05,0.1,0.02,0.01,0.05,0.05,0.01,0.4,0.1,0.1,0.2,0.02,0.08,0.01,0.1,0.01,0.02,0.06,0.05,0.04,0.15,0.4,0.01,0.1,0.01,0.02,0.35,0.01,0.05,0.01,0.4,0.05,0.1
09:38:00,0.1,0.05,0.1,0.05,0.04,0.05,0.02,0.02,0.02,0.04,0.01,0.02,0.02,0.01,0.04,0.05,0.02,0.05,0.2,0.1,0.1,0.05,0.1,0.02,0.02,0.1,0.05,0.06,0.05,0.1,0.02,0.03,0.02,0.05,0.02,0.04,0.02,0.01,0.02,0.15,0.05,0.2,0.05,0.15,0.05,0.05,0.2,0.01,0.01,0.06,0.1,0.01,0.04,0.02,0.1,0.01,0.2,0.1,0.05,0.15,0.01,0.1,0.01,0.01,0.04,0.1,0.2,0.05,0.1,0.02,0.01,0.05,0.05,0.01,0.4,0.05,0.1,0.1,0.04,0.06,0.02,0.1,0.02,0.02,0.03,0.05,0.04,0.05,0.2,0.01,0.3,0.01,0.08,0.15,0.02,0.05,0.01,0.2,0.05,0.05
09:39:00,0.1,0.05,0.05,0.05,0.05,0.05,0.02,0.04,0.02,0.02,0.01,0.02,0.02,0.01,0.02,0.05,0.01,0.1,0.5,0.05,0.05,0.05,0.1,0.02,0.03,0.1,0.05,0.04,0.05,0.05,0.02,0.04,0.01,0.05,0.01,0.02,0.02,0.02,0.01,0.1,0.05,0.1,0.05,0.05,0.1,0.05,0.1,0.01,0.01,0.06,0.05,0.01,0.02,0.06,0.1,0.01,0.2,0.15,0.05,0.05,0.01,0.05,0.01,0.02,0.04,0.1,0.4,0.05,0.05,0.01,0.01,0.05,0.05,0.02,0.2,0.1,0.1,0.05,0.04,0.08,0.01,0.05,0.01,0.02,0.03,0.05,0.04,0.2,0.5,0.02,0.2,0.01,0.04,0.05,0.02,0.05,0.01,0.35,0.05,0.2
09:40:00,0.1,0.05,0.05,0.05,0.04,0.1,0.02,0.02,0.02,0.02,0.02,0.02,0.02,0.01,0.04,0.05,0.01,0.05,0.5,0.15,0.1,0.05,0.1,0.02,0.02,0.1,0.1,0.02,0.05,0.05,0.02,0.03,0.01,0.05,0.02,0.02,0.01,0.02,0.01,0.1,0.05,0.2,0.05,0.15,0.1,0.05,0.2,0.01,0.01,0.02,0.05,0.03,0.02,0.04,0.1,0.01,0.2,0.1,0.1,0.05,0.01,0.05,0.03,0.02,0.04,0.05,0.2,0.1,0.05,0.01,0.02,0.1,0.05,0.02,0.2,0.05,0.15,0.05,0.04,0.06,0.02,0.05,0.01,0.06,0.06,0.1,0.04,0.1,0.3,0.01,0.2,0.01,0.02,0.1,0.03,0.05,0.01,0.3,0.05,0.1
09:41:00,0.05,0.05,0.05,0.05,0.04,0.05,0.02,0.04,0.02,0.04,0.02,0.04,0.02,0.01,0.06,0.05,0.01,0.05,0.3,0.25,0.1,0.05,0.1,0.02,0.01,0.1,0.15,0.02,0.05,0.1,0.02,0.03,0.01,0.1,0.02,0.04,0.01,0.01,0.01,0.1,0.2,0.1,0.05,0.1,0.05,0.07,0.3,0.01,0.01,0.04,0.05,0.04,0.02,0.02,0.1,0.01,0.2,0.1,0.05,0.1,0.01,0.1,0.02,0.01,0.04,0.1,0.4,0.05,0.05,0.03,0.02,0.1,0.05,0.02,0.2,0.1,0.15,0.1,0.04,0.04,0.02,0.05,0.01,0.02,0.06,0.05,0.04,0.2,0.2,0.01,0.2,0.01,0.02,0.05,0.01,0.05,0.01,0.4,0.05,0.15
09:42:00,0.1,0.1,0.05,0.05,0.08,0.1,0.02,0.02,0.02,0.02,0.02,0.02,0.02,0.01,0.02,0.1,0.01,0.05,0.3,0.1,0.1,0.1,0.1,0.01,0.01,0.1,0.05,0.04,0.05,0.1,0.02,0.02,0.01,0.1,0.02,0.02,0.01,0.02,0.01,0.1,0.1,0.1,0.1,0.1,0.1,0.02,0.05,0.01,0.01,0.12,0.05,0.03,0.04,0.02,0.1,0.01,0.2,0.1,0.1,0.15,0.01,0.05,0.02,0.01,0.04,0.05,0.2,0.15,0.05,0.01,0.01,0.1,0.05,0.03,0.2,0.05,0.15,0.1,0.02,0.04,0.01,0.1,0.01,0.02,0.05,0.1,0.04,0.15,0.3,0.01,0.1,0.02,0.08,0.25,0.02,0.1,0.01,0.35,0.05,0.1
09:43:00,0.1,0.1,0.05,0.1,0.02,0.1,0.02,0.02,0.02,0.04,0.02,0.04,0.02,0.01,0.04,0.05,0.03,0.05,0.2,0.15,0.1,0.05,0.1,0.01,0.01,0.1,0.05,0.02,0.05,0.05,0.02,0.01,0.01,0.05,0.02,0.04,0.01,0.01,0.01,0.1,0.05,0.1,0.05,0.1,0.05,0.02,0.05,0.01,0.01,0.04,0.05,0.06,0.04,0.02,0.1,0.01,0.2,0.1,0.15,0.1,0.01,0.1,0.01,0.02,0.04,0.1,0.2,0.1,0.05,0.01,0.01,0.1,0.05,0.02,0.2,0.05,0.15,0.05,0.02,0.04,0.01,0.05,0.01,0.04,0.04,0.15,0.02,0.15,0.2,0.01,0.1,0.01,0.08,0.15,0.02,0.05,0.01,0.35,0.05,0.05
09:44:00,0.05,0.1,0.05,0.05,0.04,0.05,0.02,0.04,0.02,0.02,0.01,0.02,0.02,0.01,0.02,0.05,0.02,0.05,0.1,0.15,0.1,0.05,0.1,0.01,0.02,0.1,0.05,0.02,0.05,0.1,0.02,0.01,0.02,0.05,0.02,0.02,0.01,0.02,0.01,0.1,0.15,0.1,0.05,0.05,0.2,0.07,0.3,0.01,0.01,0.18,0.05,0.06,0.04,0.04,0.1,0.01,0.2,0.1,0.05,0.1,0.01,0.1,0.01,0.01,0.04,0.1,0.4,0.1,0.05,0.01,0.01,0.1,0.05,0.02,0.2,0.05,0.1,0.1,0.04,0.04,0.01,0.05,0.02,0.02,0.05,0.1,0.04,0.1,0.2,0.01,0.1,0.02,0.04,0.1,0.02,0.05,0.01,0.35,0.05,0.1
09:45:00,0.05,0.05,0.05,0.05,0.04,0.05,0.02,0.04,0.04,0.02,0.01,0.02,0.02,0.01,0.04,0.05,0.01,0.05,0.4,0.05,0.1,0.05,0.1,0.01,0.02,0.1,0.05,0.04,0.05,0.1,0.02,0.02,0.02,0.05,0.01,0.04,0.01,0.02,0.01,0.1,0.05,0.1,0.05,0.1,0.05,0.05,0.15,0.01,0.01,0.08,0.05,0.06,0.04,0.06,0.1,0.01,0.2,0.05,0.1,0.05,0.01,0.1,0.02,0.01,0.04,0.1,0.2,0.1,0.05,0.01,0.01,0.1,0.05,0.02,0.2,0.05,0.1,0.05,0.04,0.04,0.01,0.05,0.01,0.04,0.05,0.1,0.02,0.1,0.3,0.01,0.1,0.01,0.02,0.15,0.03,0.05,0.01,0.2,0.05,0.2
09:46:00,0.05,0.05,0.05,0.05,0.06,0.05,0.02,0.02,0.04,0.02,0.02,0.02,0.02,0.01,0.02,0.05,0.02,0.05,0.3,0.2,0.05,0.05,0.1,0.02,0.01,0.1,0.05,0.04,0.1,0.1,0.02,0.02,0.01,0.05,0.02,0.02,0.01,0.01,0.01,0.15,0.1,0.1,0.05,0.1,0.1,0.05,0.1,0.01,0.01,0.1,0.05,0.06,0.04,0.06,0.1,0.01,0.2,0.05,0.05,0.05,0.01,0.05,0.01,0.01,0.04,0.1,0.2,0.1,0.05,0.02,0.01,0.05,0.05,0.02,0.4,0.05,0.1,0.05,0.02,0.06,0.01,0.05,0.01,0.02,0.05,0.05,0.02,0.1,0.3,0.01,0.2,0.01,0.02,0.2,0.02,0.05,0.01,0.2,0.05,0.05
09:47:00,0.05,0.05,0.1,0.05,0.04,0.05,0.02,0.02,0.02,0.04,0.01,0.02,0.02,0.01,0.04,0.05,0.02,0.05,0.3,0.05,0.05,0.05,0.05,0.02,0.01,0.1,0.05,0.04,0.1,0.1,0.02,0.02,0.01,0.1,0.02,0.02,0.01,0.02,0.01,0.1,0.05,0.1,0.05,0.05,0.1,0.05,0.05,0.01,0.01,0.1,0.05,0.06,0.02,0.04,0.1,0.01,0.2,0.15,0.05,0.05,0.01,0.05,0.02,0.02,0.04,0.1,0.2,0.1,0.05,0.01,0.01,0.05,0.05,0.01,0.2,0.05,0.1,0.05,0.02,0.04,0.01,0.05,0.01,0.02,0.04,0.05,0.02,0.1,0.2,0.01,0.2,0.01,0.02,0.05,0.02,0.05,0.01,0.35,0.05,0.05
09:48:00,0.05,0.05,0.05,0.05,0.08,0.05,0.02,0.02,0.02,0.04,0.01,0.02,0.02,0.01,0.08,0.05,0.01,0.1,0.4,0.15,0.05,0.05,0.05,0.01,0.03,0.1,0.05,0.04,0.1,0.05,0.02,0.01,0.01,0.05,0.02,0.02,0.01,0.01,0.01,0.1,0.05,0.1,0.05,0.2,0.05,0.05,0.05,0.01,0.01,0.06,0.05,0.06,0.02,0.04,0.1,0.01,0.2,0.1,0.05,0.05,0.01,0.05,0.02,0.03,0.04,0.1,0.2,0.1,0.05,0.01,0.01,0.05,0.1,0.02,0.2,0.05,0.1,0.05,0.04,0.02,0.01,0.05,0.01,0.02,0.02,0.15,0.02,0.1,0.1,0.01,0.1,0.02,0.06,0.15,0.02,0.05,0.01,0.15,0.05,0.05
09:49:00,0.05,0.1,0.1,0.05,0.04,0.05,0.02,0.02,0.04,0.02,0.01,0.02,0.02,0.01,0.04,0.1,0.03,0.05,0.4,0.2,0.05,0.05,0.1,0.02,0.02,0.1,0.05,0.04,0.1,0.05,0.02,0.01,0.01,0.1,0.02,0.04,0.01,0.03,0.01,0.1,0.1,0.1,0.05,0.15,0.05,0.05,0.05,0.01,0.01,0.08,0.05,0.06,0.02,0.04,0.2,0.01,0.2,0.1,0.05,0.05,0.01,0.1,0.01,0.02,0.04,0.1,0.2,0.1,0.05,0.01,0.01,0.05,0.05,0.02,0.2,0.05,0.05,0.05,0.04,0.04,0.01,0.05,0.01,0.02,0.04,0.1,0.02,0.05,0.8,0.02,0.8,0.02,0.04,0.05,0.03,0.05,0.01,0.05,0.05,0.1
09:50:00,0.05,0.1,0.05,0.05,0.04,0.05,0.02,0.04,0.04,0.02,0.01,0.02,0.04,0.01,0.04,0.05,0.03,0.05,0.4,0.1,0.15,0.05,0.1,0.02,0.02,0.1,0.1,0.04,0.1,0.05,0.02,0.01,0.01,0.05,0.01,0.04,0.01,0.02,0.01,0.1,0.1,0.2,0.05,0.2,0.05,0.05,0.1,0.01,0.01,0.06,0.1,0.05,0.04,0.02,0.1,0.01,0.2,0.1,0.05,0.05,0.01,0.15,0.01,0.01,0.04,0.1,0.4,0.15,0.05,0.02,0.02,0.05,0.05,0.03,0.4,0.05,0.05,0.05,0.02,0.02,0.01,0.05,0.01,0.02,0.03,0.35,0.02,0.1,0.1,0.01,0.2,0.02,0.04,0.05,0.01,0.05,0.01,0.05,0.05,0.05
09:51:00,0.05,0.1,0.05,0.05,0.06,0.05,0.02,0.04,0.04,0.02,0.01,0.02,0.02,0.01,0.04,0.1,0.03,0.05,0.4,0.15,0.05,0.05,0.05,0.02,0.02,0.2,0.1,0.04,0.1,0.05,0.02,0.01,0.01,0.05,0.02,0.04,0.01,0.02,0.01,0.1,0.1,0.2,0.05,0.05,0.05,0.05,0.15,0.01,0.01,0.06,0.05,0.05,0.04,0.02,0.2,0.01,0.2,0.1,0.05,0.1,0.01,0.05,0.01,0.01,0.04,0.15,0.4,0.1,0.05,0.02,0.01,0.05,0.05,0.02,0.2,0.05,0.05,0.05,0.02,0.04,0.01,0.05,0.01,0.02,0.03,0.4,0.04,0.1,0.2,0.01,0.1,0.02,0.02,0.25,0.01,0.05,0.01,0.1,0.05,0.1
09:52:00,0.05,0.05,0.05,0.05,0.02,0.05,0.02,0.04,0.04,0.02,0.01,0.02,0.04,0.01,0.02,0.05,0.01,0.05,0.4,0.2,0.05,0.05,0.1,0.01,0.02,0.2,0.1,0.04,0.1,0.05,0.02,0.02,0.02,0.05,0.02,0.04,0.01,0.02,0.01,0.1,0.05,0.1,0.05,0.2,0.05,0.05,0.1,0.01,0.01,0.04,0.05,0.05,0.04,0.02,0.1,0.02,0.2,0.1,0.15,0.1,0.01,0.1,0.01,0.01,0.04,0.1,0.4,0.05,0.05,0.01,0.01,0.05,0.05,0.01,0.2,0.05,0.1,0.05,0.02,0.04,0.01,0.05,0.01,0.02,0.06,0.2,0.02,0.1,0.1,0.01,0.1,0.02,0.04,0.2,0.01,0.05,0.01,0.3,0.05,0.05
09:53:00,0.05,0.05,0.05,0.05,0.04,0.05,0.02,0.04,0.04,0.02,0.01,0.02,0.02,0.01,0.04,0.05,0.01,0.05,0.4,0.15,0.1,0.05,0.1,0.01,0.02,0.1,0.1,0.04,0.05,0.05,0.02,0.01,0.01,0.05,0.01,0.04,0.01,0.01,0.01,0.15,0.15,0.1,0.05,0.15,0.05,0.05,0.05,0.01,0.01,0.06,0.05,0.05,0.02,0.02,0.1,0.01,0.4,0.1,0.1,0.1,0.01,0.1,0.01,0.01,0.04,0.1,0.2,0.05,0.05,0.02,0.01,0.05,0.05,0.03,0.2,0.05,0.1,0.05,0.02,0.04,0.01,0.05,0.01,0.02,0.04,0.05,0.02,0.1,0.2,0.01,0.1,0.01,0.02,0.15,0.02,0.05,0.01,0.2,0.05,0.05
09:54:00,0.05,0.05,0.05,0.05,0.04,0.05,0.02,0.04,0.04,0.02,0.01,0.02,0.02,0.01,0.02,0.05,0.01,0.05,0.2,0.15,0.1,0.05,0.1,0.04,0.01,0.2,0.05,0.04,0.05,0.05,0.02,0.01,0.01,0.05,0.01,0.04,0.01,0.01,0.01,0.1,0.05,0.1,0.05,0.1,0.05,0.05,0.05,0.01,0.01,0.08,0.05,0.04,0.02,0.04,0.1,0.01,0.2,0.1,0.05,0.1,0.01,0.05,0.01,0.01,0.04,0.1,0.2,0.05,0.05,0.01,0.01,0.05,0.05,0.02,0.2,0.05,0.1,0.05,0.02,0.04,0.01,0.05,0.01,0.02,0.03,0.05,0.02,0.05,0.2,0.01,0.1,0.01,0.02,0.05,0.01,0.05,0.01,0.15,0.05,0.05
09:55:00,0.05,0.05,0.05,0.05,0.08,0.05,0.02,0.06,0.04,0.02,0.01,0.04,0.02,0.01,0.04,0.05,0.01,0.05,0.1,0.1,0.1,0.1,0.05,0.02,0.02,0.1,0.1,0.04,0.1,0.05,0.02,0.01,0.01,0.05,0.02,0.02,0.01,0.01,0.01,0.1,0.1,0.1,0.05,0.2,0.05,0.05,0.15,0.01,0.01,0.04,0.05,0.04,0.04,0.02,0.1,0.01,0.4,0.15,0.05,0.05,0.01,0.05,0.01,0.02,0.04,0.1,0.2,0.1,0.05,0.02,0.01,0.05,0.05,0.02,0.2,0.1,0.1,0.05,0.02,0.04,0.02,0.05,0.01,0.02,0.02,0.35,0.06,0.05,0.1,0.01,0.1,0.01,0.04,0.15,0.02,0.05,0.01,0.2,0.05,0.1
09:56:00,0.05,0.05,0.05,0.05,0.06,0.05,0.02,0.06,0.04,0.02,0.01,0.02,0.02,0.01,0.04,0.05,0.02,0.05,0.2,0.05,0.1,0.05,0.05,0.01,0.01,0.1,0.1,0.04,0.05,0.05,0.02,0.03,0.01,0.05,0.02,0.04,0.01,0.02,0.02,0.15,0.1,0.1,0.1,0.1,0.05,0.05,0.1,0.01,0.01,0.06,0.05,0.04,0.04,0.02,0.1,0.01,0.2,0.1,0.05,0.1,0.01,0.1,0.01,0.01,0.04,0.05,0.4,0.05,0.05,0.02,0.01,0.05,0.05,0.02,0.2,0.05,0.1,0.05,0.04,0.06,0.01,0.05,0.01,0.02,0.01,0.45,0.02,0.05,0.2,0.01,0.2,0.01,0.04,0.25,0.01,0.05,0.01,0.2,0.1,0.15
09:57:00,0.05,0.05,0.05,0.1,0.09,0.05,0.02,0.04,0.04,0.02,0.01,0.02,0.02,0.01,0.02,0.05,0.02,0.05,0.4,0.05,0.1,0.05,0.1,0.02,0.01,0.1,0.1,0.04,0.1,0.05,0.02,0.01,0.01,0.05,0.02,0.04,0.01,0.03,0.01,0.1,0.05,0.1,0.05,0.1,0.1,0.1,0.05,0.01,0.01,0.04,0.05,0.04,0.04,0.02,0.1,0.01,0.2,0.05,0.1,0.05,0.01,0.1,0.01,0.01,0.02,0.05,0.4,0.1,0.05,0.02,0.01,0.05,0.05,0.02,0.2,0.05,0.1,0.05,0.02,0.04,0.01,0.05,0.01,0.04,0.03,0.05,0.02,0.1,0.2,0.01,0.1,0.02,0.02,0.15,0.01,0.05,0.01,0.2,0.1,0.1
09:58:00,0.05,0.05,0.05,0.05,0.04,0.05,0.02,0.04,0.04,0.02,0.02,0.02,0.02,0.01,0.06,0.05,0.01,0.05,0.3,0.05,0.1,0.05,0.1,0.02,0.01,0.1,0.1,0.04,0.05,0.05,0.02,0.01,0.01,0.05,0.01,0.04,0.01,0.02,0.01,0.1,0.1,0.1,0.1,0.1,0.05,0.1,0.05,0.01,0.01,0.06,0.05,0.04,0.04,0.02,0.1,0.01,0.2,0.05,0.05,0.05,0.01,0.1,0.01,0.01,0.02,0.05,0.2,0.1,0.1,0.01,0.01,0.05,0.05,0.02,0.6,0.05,0.1,0.05,0.02,0.04,0.01,0.05,0.01,0.02,0.02,0.05,0.02,0.05,0.1,0.01,0.1,0.01,0.02,0.15,0.01,0.05,0.01,0.2,0.05,0.05
09:59:00,0.05,0.05,0.05,0.1,0.02,0.05,0.02,0.02,0.02,0.02,0.01,0.02,0.02,0.01,0.02,0.05,0.01,0.05,0.2,0.05,0.15,0.05,0.1,0.02,0.01,0.1,0.05,0.04,0.1,0.05,0.02,0.01,0.01,0.05,0.01,0.02,0.01,0.02,0.01,0.05,0.05,0.1,0.05,0.1,0.1,0.05,0.1,0.01,0.01,0.04,0.1,0.04,0.06,0.02,0.1,0.01,0.2,0.05,0.1,0.1,0.01,0.1,0.01,0.01,0.02,0.05,0.4,0.1,0.05,0.01,0.01,0.05,0.05,0.02,0.2,0.05,0.1,0.1,0.02,0.04,0.01,0.05,0.01,0.02,0.01,0.05,0.02,0.05,0.2,0.01,0.1,0.01,0.02,0.1,0.02,0.05,0.01,0.2,0.05,0.1
10:00:00,0.05,0.05,0.05,0.1,0.02,0.05,0.04,0.06,0.02,0.02,0.02,0.02,0.04,0.01,0.02,0.05,0.02,0.05,0.2,0.15,0.15,0.05,0.1,0.01,0.01,0.1,0.05,0.06,0.1,0.05,0.02,0.02,0.01,0.05,0.01,0.06,0.01,0.01,0.02,0.05,0.1,0.2,0.05,0.1,0.05,0.05,0.1,0.01,0.01,0.02,0.1,0.01,0.06,0.02,0.2,0.01,0.2,0.05,0.05,0.05,0.01,0.05,0.01,0.01,0.02,0.05,0.2,0.15,0.05,0.01,0.01,0.05,0.05,0.02,0.2,0.05,0.1,0.05,0.04,0.04,0.01,0.05,0.01,0.02,0.01,0.05,0.08,0.1,0.1,0.01,0.1,0.01,0.04,0.1,0.01,0.05,0.01,0.2,0.05,0.1
10:01:00,0.05,0.05,0.05,0.1,0.02,0.05,0.02,0.08,0.02,0.02,0.01,0.02,0.04,0.01,0.04,0.05,0.01,0.05,0.2,0.05,0.1,0.05,0.05,0.01,0.01,0.1,0.05,0.04,0.05,0.1,0.02,0.02,0.01,0.05,0.01,0.02,0.01,0.02,0.02,0.05,0.1,0.2,0.05,0.1,0.15,0.05,0.05,0.01,0.01,0.04,0.1,0.02,0.06,0.02,0.1,0.01,0.2,0.05,0.05,0.1,0.01,0.05,0.01,0.01,0.02,0.05,0.4,0.1,0.05,0.01,0.01,0.05,0.05,0.01,0.2,0.05,0.1,0.05,0.02,0.04,0.01,0.05,0.01,0.02,0.01,0.05,0.04,0.15,0.1,0.01,0.1,0.01,0.04,0.25,0.01,0.05,0.01,0.2,0.05,0.1
10:02:00,0.05,0.05,0.1,0.15,0.02,0.05,0.02,0.08,0.04,0.04,0.01,0.02,0.04,0.01,0.02,0.1,0.01,0.05,0.2,0.05,0.05,0.05,0.1,0.01,0.02,0.1,0.05,0.04,0.1,0.15,0.02,0.02,0.02,0.05,0.02,0.02,0.01,0.03,0.02,0.05,0.1,0.1,0.05,0.1,0.05,0.05,0.1,0.01,0.01,0.06,0.05,0.02,0.04,0.04,0.1,0.01,0.4,0.1,0.05,0.05,0.01,0.1,0.01,0.01,0.02,0.05,0.4,0.1,0.05,0.02,0.01,0.05,0.05,0.01,0.2,0.05,0.1,0.05,0.04,0.06,0.01,0.05,0.01,0.02,0.01,0.05,0.06,0.15,0.2,0.01,0.1,0.01,0.02,0.05,0.02,0.05,0.01,0.2,0.05,0.05
10:03:00,0.05,0.05,0.1,0.15,0.02,0.05,0.02,0.04,0.02,0.02,0.01,0.02,0.02,0.01,0.04,0.05,0.01,0.05,0.4,0.1,0.05,0.05,0.1,0.01,0.02,0.1,0.05,0.04,0.05,0.1,0.02,0.02,0.03,0.05,0.02,0.04,0.01,0.03,0.01,0.05,0.1,0.1,0.05,0.1,0.05,0.05,0.05,0.01,0.01,0.02,0.05,0.02,0.02,0.02,0.1,0.01,0.2,0.05,0.05,0.05,0.01,0.05,0.01,0.01,0.02,0.05,0.2,0.1,0.05,0.01,0.01,0.05,0.05,0.01,0.2,0.05,0.1,0.05,0.04,0.06,0.01,0.05,0.01,0.02,0.01,0.1,0.02,0.15,0.2,0.01,0.1,0.01,0.02,0.15,0.01,0.05,0.01,0.2,0.05,0.1
10:04:00,0.05,0.05,0.1,0.1,0.02,0.05,0.02,0.02,0.02,0.02,0.01,0.02,0.04,0.01,0.02,0.05,0.01,0.05,0.2,0.05,0.05,0.05,0.1,0.01,0.01,0.1,0.05,0.04,0.1,0.05,0.02,0.04,0.02,0.1,0.02,0.04,0.01,0.02,0.01,0.05,0.1,0.1,0.05,0.05,0.05,0.05,0.05,0.01,0.01,0.02,0.05,0.02,0.02,0.02,0.1,0.01,0.4,0.1,0.05,0.05,0.01,0.05,0.01,0.01,0.02,0.05,0.2,0.1,0.05,0.01,0.01,0.05,0.05,0.01,0.6,0.05,0.1,0.05,0.04,0.04,0.01,0.05,0.01,0.02,0.01,0.05,0.02,0.15,0.2,0.01,0.1,0.01,0.02,0.15,0.01,0.05,0.01,0.1,0.1,0.05
10:05:00,0.05,0.05,0.05,0.1,0.02,0.05,0.02,0.02,0.02,0.02,0.01,0.02,0.04,0.01,0.02,0.05,0.01,0.05,0.1,0.05,0.05,0.05,0.1,0.01,0.01,0.1,0.05,0.04,0.05,0.1,0.02,0.04,0.01,0.05,0.02,0.02,0.01,0.01,0.01,0.05,0.1,0.1,0.05,0.05,0.05,0.05,0.05,0.01,0.01,0.02,0.05,0.02,0.02,0.02,0.1,0.01,0.2,0.05,0.05,0.05,0.01,0.1,0.01,0.01,0.04,0.05,0.2,0.1,0.05,0.01,0.01,0.05,0.05,0.01,0.4,0.05,0.1,0.05,0.06,0.04,0.01,0.05,0.01,0.02,0.04,0.05,0.02,0.05,0.1,0.01,0.1,0.01,0.02,0.05,0.01,0.05,0.01,0.15,0.1,0.05
10:06:00,0.05,0.05,0.1,0.1,0.02,0.05,0.02,0.02,0.02,0.02,0.01,0.02,0.04,0.01,0.02,0.05,0.01,0.05,0.1,0.05,0.1,0.1,0.15,0.02,0.01,0.1,0.05,0.04,0.1,0.1,0.02,0.01,0.01,0.05,0.02,0.04,0.01,0.01,0.01,0.1,0.1,0.1,0.1,0.15,0.05,0.05,0.05,0.01,0.01,0.06,0.05,0.01,0.02,0.02,0.1,0.01,0.2,0.05,0.05,0.05,0.01,0.1,0.01,0.01,0.04,0.05,0.2,0.1,0.05,0.01,0.01,0.05,0.05,0.02,0.2,0.05,0.05,0.05,0.02,0.04,0.01,0.05,0.01,0.02,0.03,0.05,0.02,0.05,0.1,0.01,0.1,0.01,0.02,0.05,0.02,0.05,0.01,0.15,0.05,0.05
10:07:00,0.05,0.1,0.1,0.1,0.02,0.05,0.02,0.02,0.02,0.02,0.02,0.02,0.04,0.01,0.02,0.05,0.01,0.05,0.1,0.05,0.1,0.05,0.15,0.01,0.02,0.1,0.05,0.04,0.05,0.1,0.02,0.02,0.01,0.05,0.03,0.04,0.02,0.01,0.01,0.15,0.05,0.1,0.1,0.15,0.05,0.05,0.1,0.01,0.01,0.06,0.05,0.03,0.02,0.02,0.1,0.01,0.4,0.05,0.05,0.1,0.01,0.05,0.01,0.01,0.02,0.05,0.2,0.1,0.05,0.02,0.01,0.05,0.05,0.02,0.2,0.05,0.1,0.05,0.02,0.04,0.02,0.05,0.01,0.08,0.04,0.05,0.04,0.05,0.2,0.01,0.2,0.01,0.02,0.1,0.01,0.05,0.01,0.15,0.1,0.05
10:08:00,0.05,0.1,0.05,0.15,0.06,0.05,0.02,0.02,0.02,0.02,0.01,0.02,0.04,0.01,0.06,0.05,0.01,0.05,0.2,0.05,0.1,0.05,0.1,0.02,0.01,0.1,0.05,0.04,0.05,0.05,0.02,0.02,0.01,0.1,0.01,0.04,0.02,0.01,0.01,0.15,0.1,0.1,0.1,0.2,0.05,0.05,0.05,0.01,0.01,0.04,0.05,0.04,0.02,0.02,0.1,0.01,0.2,0.1,0.05,0.1,0.01,0.1,0.01,0.01,0.02,0.05,0.2,0.05,0.05,0.01,0.01,0.05,0.05,0.01,0.4,0.05,0.1,0.05,0.02,0.04,0.01,0.05,0.01,0.02,0.02,0.05,0.04,0.1,0.2,0.01,0.2,0.01,0.02,0.05,0.01,0.05,0.01,0.1,0.05,0.05
10:09:00,0.05,0.1,0.05,0.15,0.02,0.05,0.02,0.02,0.02,0.04,0.02,0.02,0.02,0.01,0.02,0.05,0.01,0.05,0.1,0.05,0.1,0.05,0.15,0.01,0.02,0.1,0.05,0.04,0.05,0.05,0.02,0.01,0.01,0.1,0.01,0.02,0.02,0.01,0.01,0.15,0.05,0.1,0.1,0.05,0.15,0.05,0.1,0.01,0.01,0.06,0.05,0.01,0.02,0.02,0.1,0.01,0.2,0.05,0.05,0.1,0.01,0.05,0.01,0.01,0.02,0.05,0.2,0.1,0.05,0.01,0.01,0.05,0.05,0.01,0.2,0.05,0.1,0.05,0.02,0.04,0.01,0.1,0.01,0.02,0.01,0.05,0.04,0.1,0.1,0.01,0.2,0.02,0.04,0.15,0.01,0.05,0.01,0.1,0.05,0.05
10:10:00,0.05,0.05,0.05,0.15,0.02,0.05,0.02,0.02,0.02,0.04,0.01,0.02,0.04,0.01,0.06,0.05,0.01,0.05,0.1,0.05,0.1,0.05,0.1,0.01,0.01,0.2,0.05,0.04,0.05,0.05,0.02,0.01,0.02,0.05,0.02,0.02,0.02,0.01,0.01,0.15,0.05,0.1,0.05,0.1,0.05,0.05,0.05,0.01,0.01,0.04,0.05,0.02,0.02,0.02,0.1,0.01,0.2,0.1,0.05,0.1,0.01,0.05,0.01,0.02,0.02,0.05,0.2,0.1,0.05,0.01,0.01,0.05,0.05,0.01,0.2,0.05,0.1,0.05,0.02,0.04,0.01,0.05,0.01,0.04,0.02,0.1,0.02,0.1,0.2,0.01,0.1,0.02,0.06,0.1,0.02,0.05,0.01,0.2,0.05,0.05
10:11:00,0.05,0.05,0.05,0.2,0.02,0.05,0.02,0.02,0.02,0.02,0.01,0.02,0.02,0.01,0.04,0.05,0.01,0.05,0.1,0.05,0.1,0.05,0.05,0.01,0.02,0.1,0.1,0.02,0.1,0.1,0.02,0.01,0.02,0.05,0.02,0.02,0.02,0.01,0.02,0.15,0.1,0.1,0.05,0.15,0.05,0.05,0.15,0.01,0.01,0.02,0.05,0.03,0.02,0.02,0.1,0.01,0.2,0.1,0.05,0.1,0.01,0.05,0.01,0.01,0.02,0.05,0.2,0.1,0.05,0.01,0.01,0.05,0.05,0.02,0.2,0.1,0.1,0.05,0.02,0.04,0.01,0.05,0.01,0.02,0.02,0.25,0.04,0.05,0.1,0.01,0.1,0.02,0.02,0.1,0.01,0.05,0.01,0.15,0.05,0.05
10:12:00,0.05,0.05,0.05,0.2,0.04,0.05,0.02,0.02,0.02,0.02,0.01,0.04,0.02,0.01,0.04,0.05,0.01,0.05,0.1,0.05,0.1,0.05,0.05,0.01,0.02,0.2,0.1,0.04,0.05,0.1,0.02,0.02,0.02,0.05,0.01,0.02,0.02,0.01,0.02,0.15,0.1,0.2,0.05,0.15,0.05,0.05,0.05,0.01,0.01,0.04,0.05,0.03,0.02,0.02,0.1,0.01,0.2,0.1,0.05,0.1,0.01,0.05,0.01,0.02,0.02,0.05,0.2,0.1,0.05,0.02,0.01,0.05,0.05,0.02,0.6,0.05,0.1,0.05,0.02,0.04,0.01,0.05,0.01,0.02,0.02,0.05,0.04,0.05,0.1,0.01,0.1,0.02,0.04,0.1,0.01,0.05,0.01,0.15,0.05,0.05
10:13:00,0.05,0.1,0.05,0.2,0.04,0.05,0.02,0.02,0.02,0.02,0.01,0.02,0.04,0.01,0.04,0.05,0.02,0.05,0.2,0.05,0.15,0.05,0.05,0.01,0.02,0.1,0.1,0.02,0.1,0.1,0.02,0.01,0.02,0.05,0.02,0.04,0.01,0.01,0.01,0.15,0.05,0.1,0.05,0.15,0.15,0.05,0.1,0.01,0.01,0.02,0.1,0.03,0.04,0.02,0.1,0.01,0.4,0.1,0.05,0.1,0.01,0.05,0.01,0.02,0.04,0.05,0.2,0.1,0.05,0.02,0.01,0.05,0.05,0.01,0.2,0.05,0.05,0.05,0.02,0.02,0.02,0.05,0.01,0.02,0.01,0.05,0.04,0.05,0.2,0.01,0.1,0.02,0.02,0.2,0.02,0.05,0.01,0.15,0.05,0.05
10:14:00,0.05,0.05,0.05,0.2,0.08,0.05,0.02,0.02,0.02,0.02,0.01,0.02,0.02,0.01,0.04,0.05,0.01,0.05,0.3,0.1,0.15,0.05,0.05,0.01,0.02,0.2,0.1,0.04,0.05,0.1,0.02,0.01,0.01,0.05,0.03,0.02,0.02,0.01,0.01,0.15,0.1,0.1,0.05,0.2,0.1,0.05,0.1,0.01,0.01,0.02,0.05,0.04,0.02,0.02,0.2,0.01,0.2,0.05,0.05,0.05,0.01,0.05,0.01,0.01,0.04,0.05,0.2,0.1,0.05,0.02,0.01,0.05,0.05,0.01,0.4,0.05,0.05,0.05,0.02,0.02,0.01,0.05,0.01,0.02,0.01,0.1,0.02,0.05,0.2,0.01,0.1,0.01,0.04,0.15,0.01,0.05,0.01,0.05,0.05,0.05
10:15:00,0.1,0.05,0.1,0.2,0.04,0.1,0.02,0.02,0.04,0.04,0.01,0.04,0.02,0.01,0.04,0.1,0.01,0.05,0.2,0.05,0.15,0.05,0.1,0.01,0.02,0.1,0.1,0.04,0.05,0.1,0.02,0.01,0.01,0.05,0.02,0.02,0.01,0.01,0.01,0.1,0.1,0.1,0.05,0.1,0.05,0.05,0.1,0.01,0.02,0.06,0.05,0.04,0.02,0.02,0.1,0.02,0.2,0.05,0.05,0.1,0.01,0.15,0.01,0.01,0.04,0.05,0.2,0.1,0.05,0.03,0.01,0.05,0.05,0.02,0.4,0.1,0.05,0.05,0.02,0.02,0.01,0.05,0.01,0.02,0.02,0.05,0.02,0.2,0.2,0.01,0.1,0.01,0.02,0.15,0.01,0.05,0.01,0.35,0.05,0.1
10:16:00,0.1,0.1,0.05,0.1,0.06,0.1,0.02,0.02,0.02,0.04,0.01,0.04,0.04,0.01,0.04,0.05,0.01,0.05,0.4,0.05,0.15,0.05,0.1,0.01,0.02,0.2,0.05,0.04,0.05,0.1,0.02,0.03,0.02,0.1,0.01,0.02,0.02,0.01,0.01,0.1,0.05,0.2,0.05,0.15,0.05,0.05,0.15,0.01,0.01,0.04,0.1,0.02,0.02,0.02,0.1,0.01,0.4,0.1,0.1,0.15,0.01,0.05,0.01,0.01,0.04,0.1,0.2,0.1,0.05,0.02,0.01,0.05,0.05,0.01,0.2,0.1,0.05,0.05,0.02,0.04,0.02,0.1,0.01,0.02,0.02,0.05,0.02,0.2,0.4,0.01,0.1,0.01,0.04,0.05,0.01,0.05,0.01,0.3,0.05,0.1
10:17:00,0.1,0.05,0.05,0.1,0.04,0.05,0.02,0.02,0.02,0.04,0.01,0.02,0.04,0.01,0.06,0.05,0.01,0.05,0.3,0.15,0.05,0.1,0.1,0.01,0.01,0.2,0.1,0.04,0.05,0.1,0.02,0.02,0.03,0.05,0.01,0.02,0.01,0.01,0.01,0.1,0.1,0.1,0.05,0.05,0.05,0.1,0.1,0.01,0.01,0.04,0.05,0.02,0.02,0.02,0.1,0.01,0.2,0.1,0.1,0.15,0.01,0.05,0.01,0.01,0.04,0.1,0.2,0.05,0.05,0.01,0.01,0.05,0.05,0.01,0.2,0.05,0.1,0.05,0.02,0.04,0.01,0.05,0.02,0.04,0.02,0.15,0.02,0.25,0.3,0.01,0.1,0.01,0.04,0.15,0.02,0.05,0.01,0.1,0.05,0.1
10:18:00,0.1,0.05,0.05,0.1,0.02,0.05,0.02,0.02,0.02,0.04,0.01,0.02,0.04,0.01,0.04,0.05,0.01,0.05,0.3,0.05,0.05,0.1,0.05,0.01,0.01,0.1,0.1,0.06,0.05,0.05,0.02,0.02,0.03,0.05,0.01,0.02,0.01,0.01,0.01,0.1,0.1,0.1,0.05,0.05,0.1,0.05,0.05,0.01,0.01,0.06,0.1,0.02,0.04,0.02,0.2,0.01,0.2,0.05,0.1,0.1,0.01,0.1,0.01,0.01,0.04,0.1,0.4,0.05,0.1,0.01,0.01,0.05,0.05,0.03,0.2,0.05,0.05,0.05,0.02,0.06,0.01,0.05,0.02,0.02,0.04,0.1,0.02,0.15,0.2,0.01,0.1,0.01,0.02,0.1,0.01,0.05,0.01,0.2,0.05,0.15
10:19:00,0.1,0.05,0.05,0.1,0.04,0.1,0.02,0.02,0.02,0.04,0.01,0.02,0.04,0.01,0.02,0.05,0.01,0.05,0.1,0.05,0.05,0.1,0.05,0.01,0.03,0.2,0.1,0.04,0.05,0.05,0.02,0.01,0.02,0.05,0.02,0.02,0.01,0.01,0.01,0.1,0.05,0.1,0.05,0.1,0.05,0.05,0.15,0.01,0.01,0.02,0.1,0.02,0.02,0.02,0.1,0.01,0.2,0.05,0.1,0.15,0.01,0.1,0.01,0.01,0.04,0.1,0.2,0.05,0.1,0.01,0.01,0.05,0.05,0.02,0.2,0.05,0.1,0.05,0.04,0.06,0.01,0.05,0.01,0.02,0.03,0.1,0.04,0.1,0.2,0.01,0.1,0.01,0.02,0.1,0.03,0.05,0.01,0.2,0.05,0.05
10:20:00,0.1,0.05,0.05,0.1,0.02,0.05,0.02,0.02,0.04,0.04,0.01,0.02,0.04,0.01,0.04,0.05,0.02,0.05,0.1,0.05,0.05,0.1,0.05,0.01,0.01,0.1,0.05,0.04,0.05,0.05,0.02,0.01,0.03,0.05,0.01,0.04,0.01,0.01,0.02,0.15,0.05,0.1,0.05,0.1,0.05,0.05,0.1,0.01,0.01,0.02,0.1,0.02,0.04,0.02,0.1,0.01,0.2,0.05,0.05,0.1,0.01,0.05,0.01,0.02,0.04,0.1,0.2,0.05,0.05,0.02,0.01,0.05,0.05,0.01,0.2,0.05,0.1,0.05,0.02,0.06,0.01,0.05,0.01,0.02,0.02,0.05,0.02,0.1,0.3,0.01,0.1,0.01,0.02,0.2,0.02,0.05,0.01,0.2,0.05,0.05
10:21:00,0.05,0.05,0.05,0.1,0.02,0.1,0.02,0.02,0.04,0.04,0.01,0.02,0.02,0.01,0.02,0.05,0.01,0.05,0.2,0.05,0.05,0.1,0.05,0.01,0.02,0.1,0.05,0.04,0.05,0.05,0.02,0.01,0.02,0.05,0.01,0.02,0.02,0.01,0.01,0.15,0.05,0.1,0.05,0.1,0.1,0.05,0.05,0.01,0.01,0.02,0.1,0.02,0.04,0.02,0.2,0.01,0.2,0.05,0.05,0.1,0.01,0.05,0.01,0.02,0.04,0.1,0.4,0.05,0.05,0.02,0.01,0.05,0.05,0.02,0.2,0.05,0.1,0.05,0.02,0.02,0.01,0.05,0.01,0.02,0.01,0.05,0.02,0.1,0.1,0.01,0.1,0.01,0.02,0.05,0.02,0.05,0.01,0.3,0.05,0.1
10:22:00,0.05,0.05,0.1,0.05,0.02,0.05,0.02,0.02,0.02,0.02,0.02,0.02,0.02,0.01,0.02,0.05,0.01,0.05,0.2,0.05,0.1,0.05,0.05,0.01,0.02,0.1,0.05,0.04,0.05,0.05,0.02,0.05,0.01,0.05,0.01,0.02,0.01,0.01,0.01,0.15,0.05,0.1,0.05,0.05,0.05,0.05,0.05,0.01,0.01,0.02,0.1,0.02,0.04,0.02,0.1,0.01,0.2,0.1,0.05,0.1,0.01,0.05,0.01,0.01,0.02,0.1,0.4,0.1,0.05,0.01,0.01,0.05,0.05,0.01,0.2,0.05,0.1,0.05,0.02,0.04,0.01,0.05,0.02,0.02,0.02,0.05,0.02,0.05,0.1,0.01,0.1,0.01,0.04,0.15,0.02,0.05,0.01,0.3,0.05,0.05
10:23:00,0.05,0.1,0.05,0.05,0.02,0.05,0.02,0.02,0.02,0.02,0.01,0.02,0.02,0.01,0.02,0.05,0.01,0.05,0.2,0.05,0.1,0.05,0.05,0.01,0.01,0.1,0.05,0.04,0.05,0.05,0.02,0.01,0.02,0.05,0.02,0.02,0.01,0.01,0.01,0.15,0.05,0.1,0.05,0.05,0.05,0.05,0.05,0.01,0.01,0.02,0.05,0.02,0.02,0.02,0.1,0.01,0.2,0.1,0.05,0.1,0.01,0.05,0.01,0.01,0.02,0.1,0.4,0.05,0.05,0.01,0.01,0.05,0.05,0.01,0.2,0.05,0.1,0.05,0.04,0.06,0.01,0.05,0.02,0.02,0.02,0.05,0.02,0.05,0.1,0.02,0.1,0.01,0.02,0.05,0.02,0.05,0.01,0.45,0.05,0.05
10:24:00,0.05,0.05,0.05,0.05,0.04,0.05,0.02,0.02,0.02,0.02,0.01,0.02,0.02,0.01,0.02,0.05,0.01,0.05,0.2,0.05,0.1,0.05,0.05,0.01,0.01,0.1,0.05,0.04,0.05,0.05,0.02,0.02,0.02,0.05,0.02,0.02,0.02,0.01,0.01,0.1,0.1,0.2,0.05,0.1,0.05,0.05,0.05,0.01,0.01,0.04,0.05,0.03,0.02,0.02,0.1,0.01,0.2,0.1,0.05,0.1,0.01,0.05,0.01,0.02,0.02,0.1,0.4,0.05,0.05,0.01,0.01,0.05,0.05,0.02,0.2,0.05,0.1,0.05,0.02,0.06,0.01,0.05,0.02,0.02,0.03,0.05,0.02,0.05,0.1,0.01,0.1,0.01,0.02,0.15,0.02,0.05,0.01,0.45,0.1,0.05
10:25:00,0.05,0.05,0.05,0.05,0.02,0.1,0.02,0.02,0.02,0.02,0.01,0.02,0.02,0.01,0.02,0.05,0.02,0.05,0.2,0.05,0.1,0.05,0.05,0.04,0.01,0.2,0.05,0.04,0.05,0.05,0.02,0.02,0.01,0.05,0.02,0.02,0.02,0.01,0.02,0.15,0.1,0.2,0.05,0.05,0.05,0.05,0.15,0.01,0.01,0.02,0.05,0.03,0.02,0.04,0.1,0.01,0.4,0.1,0.05,0.1,0.01,0.05,0.01,0.01,0.02,0.1,0.2,0.05,0.05,0.01,0.01,0.05,0.05,0.02,0.2,0.05,0.1,0.05,0.02,0.06,0.01,0.05,0.02,0.02,0.03,0.05,0.02,0.05,0.1,0.01,0.1,0.01,0.04,0.2,0.01,0.05,0.01,0.35,0.1,0.05
10:26:00,0.05,0.05,0.1,0.05,0.04,0.05,0.02,0.02,0.02,0.04,0.01,0.02,0.02,0.01,0.04,0.05,0.01,0.05,0.4,0.1,0.1,0.05,0.05,0.03,0.02,0.1,0.05,0.02,0.05,0.05,0.02,0.02,0.02,0.05,0.02,0.02,0.02,0.02,0.02,0.1,0.2,0.1,0.1,0.1,0.1,0.05,0.05,0.01,0.01,0.02,0.05,0.03,0.02,0.04,0.1,0.01,0.2,0.05,0.05,0.1,0.01,0.1,0.01,0.02,0.02,0.1,0.2,0.1,0.05,0.01,0.01,0.05,0.05,0.01,0.2,0.05,0.1,0.05,0.02,0.04,0.01,0.05,0.01,0.02,0.04,0.1,0.02,0.05,0.1,0.01,0.1,0.02,0.02,0.1,0.01,0.05,0.01,0.35,0.1,0.05
10:27:00,0.1,0.05,0.05,0.05,0.04,0.1,0.02,0.02,0.02,0.02,0.01,0.02,0.02,0.01,0.04,0.05,0.02,0.05,0.4,0.1,0.05,0.05,0.1,0.01,0.02,0.1,0.05,0.02,0.05,0.05,0.02,0.03,0.01,0.05,0.02,0.04,0.02,0.01,0.02,0.05,0.1,0.1,0.05,0.1,0.05,0.05,0.05,0.01,0.01,0.02,0.05,0.01,0.02,0.02,0.1,0.01,0.2,0.05,0.05,0.1,0.01,0.1,0.01,0.01,0.02,0.05,0.2,0.1,0.1,0.01,0.01,0.05,0.05,0.01,0.2,0.05,0.05,0.05,0.02,0.02,0.01,0.05,0.01,0.02,0.05,0.1,0.06,0.05,0.2,0.01,0.1,0.02,0.02,0.1,0.01,0.05,0.01,0.45,0.1,0.1
10:28:00,0.1,0.1,0.1,0.05,0.04,0.05,0.02,0.02,0.02,0.04,0.01,0.02,0.02,0.01,0.02,0.05,0.01,0.05,0.4,0.15,0.05,0.05,0.1,0.03,0.02,0.1,0.05,0.04,0.05,0.1,0.02,0.03,0.01,0.1,0.02,0.02,0.02,0.01,0.01,0.05,0.1,0.1,0.05,0.1,0.1,0.05,0.1,0.01,0.01,0.08,0.05,0.02,0.02,0.04,0.1,0.01,0.2,0.05,0.05,0.1,0.01,0.1,0.01,0.01,0.02,0.05,0.2,0.15,0.05,0.01,0.01,0.05,0.05,0.01,0.2,0.05,0.1,0.05,0.02,0.02,0.01,0.05,0.01,0.02,0.05,0.05,0.02,0.05,0.1,0.01,0.1,0.01,0.02,0.15,0.01,0.05,0.01,0.2,0.1,0.05
10:29:00,0.1,0.05,0.1,0.1,0.02,0.05,0.02,0.02,0.02,0.02,0.01,0.02,0.02,0.01,0.04,0.05,0.02,0.05,0.1,0.1,0.05,0.1,0.1,0.02,0.01,0.3,0.1,0.04,0.1,0.1,0.02,0.01,0.02,0.05,0.02,0.02,0.01,0.01,0.01,0.05,0.1,0.1,0.05,0.1,0.05,0.05,0.1,0.01,0.01,0.06,0.1,0.02,0.04,0.04,0.1,0.01,0.4,0.1,0.05,0.1,0.01,0.1,0.01,0.01,0.02,0.05,0.4,0.15,0.05,0.01,0.01,0.05,0.05,0.01,0.2,0.1,0.1,0.1,0.02,0.06,0.01,0.05,0.01,0.02,0.05,0.05,0.02,0.05,0.1,0.01,0.1,0.02,0.02,0.15,0.01,0.05,0.01,0.3,0.05,0.05
10:30:00,0.1,0.05,0.1,0.05,0.02,0.05,0.02,0.02,0.02,0.02,0.01,0.02,0.02,0.01,0.06,0.05,0.02,0.05,0.3,0.1,0.05,0.1,0.05,0.02,0.01,0.1,0.1,0.04,0.1,0.1,0.02,0.01,0.01,0.05,0.01,0.02,0.01,0.02,0.01,0.05,0.1,0.1,0.05,0.15,0.05,0.05,0.05,0.01,0.01,0.06,0.05,0.04,0.02,0.02,0.1,0.01,0.4,0.1,0.05,0.1,0.01,0.1,0.01,0.01,0.02,0.05,0.4,0.05,0.1,0.02,0.01,0.05,0.05,0.01,0.2,0.1,0.1,0.1,0.04,0.06,0.01,0.05,0.01,0.04,0.05,0.05,0.02,0.05,0.1,0.01,0.1,0.02,0.04,0.1,0.01,0.05,0.01,0.3,0.1,0.05
10:31:00,0.05,0.05,0.1,0.05,0.04,0.05,0.02,0.04,0.02,0.02,0.01,0.02,0.02,0.01,0.04,0.05,0.02,0.05,0.3,0.1,0.05,0.1,0.1,0.01,0.02,0.1,0.05,0.04,0.1,0.1,0.02,0.01,0.01,0.05,0.02,0.02,0.01,0.01,0.01,0.05,0.1,0.1,0.05,0.15,0.05,0.05,0.05,0.01,0.02,0.04,0.05,0.04,0.02,0.02,0.1,0.01,0.2,0.05,0.05,0.15,0.01,0.05,0.01,0.01,0.02,0.05,0.2,0.1,0.05,0.02,0.01,0.05,0.05,0.01,0.2,0.05,0.1,0.1,0.04,0.04,0.01,0.05,0.01,0.02,0.04,0.05,0.02,0.05,0.2,0.01,0.1,0.02,0.02,0.15,0.01,0.05,0.01,0.3,0.1,0.05
10:32:00,0.1,0.05,0.1,0.05,0.04,0.05,0.02,0.04,0.02,0.02,0.02,0.04,0.02,0.01,0.02,0.05,0.02,0.1,0.1,0.1,0.05,0.1,0.05,0.01,0.01,0.1,0.1,0.04,0.05,0.1,0.02,0.02,0.02,0.05,0.02,0.02,0.01,0.01,0.02,0.05,0.1,0.1,0.05,0.15,0.1,0.05,0.15,0.01,0.01,0.04,0.05,0.05,0.02,0.02,0.1,0.01,0.2,0.05,0.05,0.1,0.01,0.05,0.01,0.01,0.02,0.05,0.2,0.1,0.1,0.01,0.01,0.05,0.05,0.01,0.2,0.05,0.1,0.1,0.04,0.04,0.01,0.05,0.01,0.02,0.04,0.05,0.04,0.05,0.1,0.01,0.1,0.01,0.02,0.15,0.01,0.05,0.01,0.3,0.1,0.05
10:33:00,0.05,0.05,0.1,0.05,0.06,0.05,0.02,0.04,0.02,0.02,0.01,0.02,0.02,0.01,0.04,0.05,0.01,0.05,0.3,0.05,0.05,0.1,0.05,0.03,0.01,0.1,0.1,0.04,0.1,0.1,0.02,0.02,0.02,0.05,0.01,0.02,0.01,0.02,0.02,0.05,0.1,0.1,0.05,0.05,0.05,0.05,0.15,0.01,0.01,0.06,0.05,0.05,0.02,0.02,0.1,0.01,0.2,0.05,0.05,0.05,0.01,0.05,0.01,0.01,0.02,0.05,0.4,0.1,0.15,0.01,0.01,0.05,0.05,0.01,0.2,0.05,0.1,0.1,0.02,0.04,0.01,0.05,0.01,0.02,0.03,0.05,0.04,0.1,0.1,0.01,0.1,0.01,0.02,0.1,0.01,0.05,0.01,0.25,0.05,0.05
10:34:00,0.05,0.05,0.1,0.05,0.06,0.1,0.02,0.04,0.02,0.02,0.01,0.02,0.02,0.01,0.04,0.05,0.01,0.05,0.2,0.05,0.05,0.1,0.05,0.03,0.02,0.1,0.1,0.02,0.1,0.1,0.02,0.02,0.02,0.05,0.01,0.02,0.01,0.01,0.02,0.05,0.1,0.1,0.05,0.05,0.05,0.05,0.1,0.01,0.01,0.04,0.05,0.05,0.02,0.02,0.1,0.01,0.4,0.05,0.05,0.05,0.01,0.05,0.01,0.01,0.02,0.05,0.2,0.05,0.05,0.01,0.01,0.05,0.05,0.01,0.2,0.05,0.05,0.1,0.02,0.04,0.01,0.05,0.01,0.02,0.03,0.1,0.04,0.05,0.1,0.01,0.1,0.01,0.02,0.1,0.01,0.05,0.01,0.2,0.05,0.1
10:35:00,0.05,0.05,0.05,0.05,0.02,0.05,0.02,0.02,0.04,0.02,0.01,0.02,0.02,0.01,0.04,0.05,0.01,0.05,0.2,0.05,0.05,0.1,0.05,0.03,0.01,0.1,0.1,0.02,0.1,0.1,0.02,0.02,0.02,0.05,0.01,0.02,0.01,0.02,0.02,0.05,0.05,0.1,0.1,0.05,0.1,0.05,0.05,0.01,0.01,0.06,0.05,0.04,0.02,0.04,0.1,0.01,0.2,0.05,0.1,0.05,0.01,0.1,0.01,0.02,0.02,0.05,0.2,0.05,0.1,0.01,0.01,0.05,0.05,0.01,0.2,0.05,0.05,0.05,0.02,0.04,0.01,0.05,0.01,0.02,0.03,0.15,0.04,0.1,0.1,0.01,0.1,0.01,0.02,0.05,0.01,0.05,0.01,0.2,0.05,0.05
10:36:00,0.1,0.05,0.1,0.05,0.02,0.05,0.02,0.02,0.04,0.02,0.01,0.02,0.02,0.01,0.04,0.05,0.01,0.1,0.2,0.05,0.05,0.05,0.05,0.02,0.01,0.1,0.1,0.02,0.05,0.1,0.02,0.01,0.02,0.05,0.01,0.02,0.01,0.01,0.01,0.05,0.05,0.1,0.05,0.05,0.1,0.05,0.05,0.01,0.01,0.04,0.05,0.04,0.02,0.02,0.1,0.01,0.2,0.05,0.05,0.05,0.01,0.05,0.01,0.02,0.02,0.05,0.2,0.1,0.05,0.01,0.01,0.05,0.05,0.01,0.2,0.05,0.05,0.05,0.02,0.04,0.01,0.05,0.01,0.02,0.03,0.2,0.02,0.05,0.1,0.01,0.1,0.01,0.02,0.05,0.01,0.05,0.01,0.15,0.05,0.05
10:37:00,0.05,0.05,0.05,0.05,0.02,0.05,0.02,0.02,0.04,0.02,0.01,0.02,0.04,0.01,0.02,0.05,0.01,0.05,0.1,0.05,0.05,0.05,0.05,0.03,0.02,0.1,0.05,0.02,0.05,0.1,0.02,0.02,0.02,0.05,0.01,0.02,0.01,0.02,0.01,0.05,0.05,0.1,0.05,0.05,0.05,0.05,0.1,0.01,0.01,0.04,0.1,0.03,0.02,0.02,0.1,0.01,0.2,0.05,0.1,0.15,0.01,0.05,0.01,0.02,0.02,0.05,0.2,0.05,0.05,0.01,0.01,0.05,0.05,0.01,0.2,0.05,0.05,0.05,0.02,0.04,0.01,0.05,0.01,0.02,0.06,0.15,0.02,0.1,0.2,0.01,0.1,0.01,0.02,0.1,0.01,0.05,0.01,0.15,0.1,0.05
10:38:00,0.05,0.05,0.05,0.05,0.02,0.05,0.02,0.02,0.04,0.02,0.01,0.02,0.02,0.01,0.02,0.05,0.01,0.1,0.3,0.1,0.05,0.05,0.05,0.02,0.02,0.1,0.05,0.02,0.05,0.1,0.02,0.01,0.02,0.1,0.01,0.02,0.01,0.01,0.01,0.1,0.1,0.1,0.05,0.05,0.05,0.05,0.05,0.01,0.01,0.02,0.05,0.04,0.02,0.02,0.1,0.01,0.2,0.05,0.05,0.15,0.01,0.05,0.02,0.02,0.02,0.05,0.2,0.05,0.1,0.01,0.01,0.05,0.05,0.01,0.2,0.05,0.05,0.05,0.06,0.04,0.01,0.05,0.01,0.02,0.07,0.05,0.02,0.05,0.1,0.01,0.1,0.01,0.02,0.1,0.01,0.05,0.01,0.3,0.05,0.05
10:39:00,0.05,0.05,0.05,0.05,0.02,0.05,0.02,0.02,0.02,0.02,0.02,0.02,0.02,0.01,0.04,0.05,0.01,0.05,0.2,0.05,0.05,0.05,0.05,0.01,0.01,0.1,0.05,0.02,0.1,0.1,0.02,0.01,0.01,0.05,0.01,0.02,0.01,0.01,0.02,0.05,0.05,0.1,0.05,0.05,0.05,0.05,0.05,0.01,0.01,0.06,0.1,0.03,0.02,0.02,0.1,0.01,0.2,0.05,0.05,0.15,0.01,0.05,0.02,0.02,0.02,0.05,0.4,0.05,0.05,0.01,0.01,0.05,0.05,0.01,0.2,0.05,0.05,0.05,0.04,0.04,0.01,0.05,0.01,0.02,0.06,0.05,0.02,0.05,0.1,0.01,0.1,0.01,0.02,0.05,0.01,0.1,0.01,0.35,0.1,0.05
10:40:00,0.05,0.05,0.05,0.05,0.02,0.05,0.02,0.02,0.04,0.04,0.01,0.02,0.02,0.01,0.04,0.05,0.01,0.05,0.3,0.05,0.05,0.05,0.05,0.01,0.01,0.1,0.05,0.02,0.05,0.05,0.02,0.01,0.01,0.05,0.01,0.02,0.01,0.02,0.01,0.1,0.05,0.1,0.05,0.1,0.05,0.05,0.15,0.01,0.01,0.02,0.1,0.03,0.02,0.02,0.1,0.01,0.2,0.05,0.05,0.1,0.01,0.05,0.02,0.02,0.02,0.05,0.2,0.1,0.05,0.01,0.01,0.05,0.05,0.01,0.2,0.05,0.05,0.05,0.02,0.02,0.02,0.05,0.01,0.02,0.06,0.05,0.02,0.05,0.1,0.01,0.1,0.01,0.02,0.05,0.01,0.1,0.01,0.2,0.1,0.05
10:41:00,0.05,0.05,0.05,0.05,0.04,0.1,0.02,0.02,0.04,0.04,0.01,0.02,0.02,0.01,0.02,0.05,0.01,0.05,0.1,0.05,0.05,0.05,0.05,0.02,0.01,0.1,0.1,0.02,0.05,0.05,0.02,0.01,0.01,0.05,0.01,0.02,0.01,0.02,0.02,0.1,0.1,0.1,0.05,0.1,0.05,0.05,0.05,0.01,0.01,0.02,0.05,0.03,0.02,0.06,0.1,0.01,0.2,0.05,0.05,0.1,0.01,0.1,0.02,0.01,0.02,0.05,0.2,0.1,0.05,0.01,0.01,0.05,0.05,0.01,0.2,0.05,0.05,0.05,0.02,0.04,0.01,0.05,0.01,0.02,0.03,0.05,0.02,0.05,0.1,0.01,0.1,0.01,0.02,0.15,0.01,0.1,0.01,0.2,0.1,0.05
10:42:00,0.1,0.05,0.05,0.05,0.02,0.05,0.02,0.02,0.04,0.04,0.01,0.04,0.02,0.01,0.04,0.05,0.01,0.05,0.2,0.05,0.05,0.05,0.05,0.01,0.01,0.1,0.1,0.02,0.1,0.05,0.02,0.01,0.01,0.05,0.01,0.04,0.01,0.01,0.02,0.1,0.15,0.2,0.05,0.1,0.05,0.05,0.05,0.01,0.01,0.02,0.05,0.03,0.02,0.04,0.1,0.01,0.2,0.05,0.1,0.1,0.01,0.1,0.02,0.01,0.02,0.05,0.2,0.1,0.05,0.02,0.01,0.05,0.1,0.01,0.2,0.05,0.05,0.05,0.02,0.04,0.01,0.05,0.02,0.02,0.04,0.05,0.02,0.05,0.2,0.01,0.1,0.01,0.02,0.2,0.01,0.05,0.01,0.2,0.1,0.05
10:43:00,0.05,0.05,0.05,0.05,0.06,0.05,0.02,0.02,0.02,0.02,0.01,0.02,0.02,0.01,0.04,0.05,0.01,0.05,0.1,0.05,0.1,0.1,0.1,0.01,0.02,0.1,0.1,0.04,0.05,0.1,0.02,0.01,0.01,0.05,0.01,0.02,0.01,0.01,0.02,0.1,0.05,0.1,0.05,0.1,0.05,0.05,0.05,0.01,0.01,0.06,0.05,0.03,0.02,0.04,0.1,0.01,0.2,0.05,0.1,0.1,0.01,0.15,0.02,0.02,0.02,0.05,0.2,0.1,0.05,0.01,0.01,0.05,0.05,0.01,0.2,0.05,0.05,0.05,0.02,0.04,0.01,0.05,0.02,0.02,0.03,0.1,0.02,0.05,0.1,0.01,0.1,0.01,0.02,0.2,0.01,0.05,0.01,0.2,0.05,0.05
10:44:00,0.05,0.05,0.1,0.05,0.06,0.05,0.02,0.02,0.02,0.02,0.01,0.02,0.02,0.01,0.04,0.05,0.01,0.05,0.1,0.05,0.1,0.1,0.1,0.01,0.02,0.1,0.1,0.04,0.05,0.05,0.02,0.02,0.01,0.1,0.01,0.02,0.01,0.01,0.02,0.05,0.05,0.1,0.05,0.1,0.05,0.05,0.05,0.01,0.01,0.02,0.05,0.04,0.02,0.04,0.1,0.01,0.2,0.05,0.1,0.1,0.01,0.1,0.02,0.02,0.02,0.05,0.2,0.1,0.05,0.01,0.01,0.05,0.05,0.01,0.2,0.05,0.05,0.05,0.02,0.04,0.01,0.05,0.02,0.02,0.03,0.05,0.02,0.05,0.2,0.01,0.1,0.01,0.02,0.2,0.01,0.05,0.01,0.2,0.05,0.05
10:45:00,0.05,0.1,0.05,0.05,0.1,0.1,0.02,0.02,0.04,0.02,0.01,0.02,0.02,0.01,0.02,0.05,0.02,0.05,0.1,0.05,0.1,0.05,0.1,0.02,0.02,0.1,0.05,0.04,0.05,0.05,0.02,0.01,0.02,0.05,0.01,0.02,0.01,0.01,0.02,0.05,0.1,0.1,0.05,0.15,0.05,0.05,0.05,0.01,0.01,0.04,0.05,0.07,0.02,0.02,0.1,0.01,0.2,0.1,0.1,0.1,0.01,0.05,0.01,0.01,0.04,0.15,0.4,0.1,0.1,0.01,0.01,0.05,0.05,0.02,0.2,0.05,0.05,0.05,0.02,0.04,0.01,0.05,0.02,0.02,0.02,0.05,0.04,0.05,0.1,0.01,0.1,0.01,0.02,0.2,0.01,0.05,0.01,0.2,0.05,0.05
10:46:00,0.05,0.1,0.05,0.05,0.06,0.1,0.02,0.02,0.04,0.02,0.02,0.02,0.02,0.01,0.02,0.05,0.02,0.05,0.1,0.05,0.1,0.05,0.1,0.02,0.01,0.1,0.1,0.04,0.1,0.05,0.04,0.01,0.02,0.05,0.01,0.02,0.01,0.01,0.02,0.05,0.15,0.2,0.05,0.15,0.05,0.05,0.05,0.01,0.01,0.04,0.05,0.07,0.02,0.02,0.1,0.01,0.2,0.1,0.05,0.1,0.01,0.05,0.01,0.01,0.04,0.15,0.4,0.1,0.05,0.02,0.01,0.05,0.05,0.01,0.2,0.05,0.1,0.05,0.02,0.02,0.01,0.05,0.02,0.02,0.02,0.05,0.08,0.1,0.1,0.01,0.1,0.02,0.02,0.1,0.01,0.05,0.01,0.2,0.05,0.05
10:47:00,0.05,0.1,0.05,0.05,0.04,0.05,0.02,0.02,0.02,0.04,0.01,0.02,0.02,0.01,0.02,0.05,0.02,0.05,0.1,0.05,0.1,0.05,0.05,0.01,0.01,0.1,0.1,0.04,0.1,0.05,0.02,0.01,0.02,0.05,0.01,0.02,0.01,0.01,0.01,0.05,0.1,0.1,0.05,0.05,0.05,0.05,0.05,0.01,0.01,0.02,0.05,0.07,0.02,0.02,0.1,0.01,0.2,0.1,0.05,0.1,0.01,0.05,0.02,0.02,0.04,0.05,0.2,0.05,0.1,0.02,0.01,0.05,0.05,0.01,0.2,0.05,0.1,0.05,0.02,0.02,0.01,0.05,0.01,0.02,0.02,0.05,0.06,0.1,0.1,0.01,0.1,0.01,0.02,0.05,0.01,0.05,0.01,0.25,0.1,0.05
10:48:00,0.05,0.05,0.05,0.05,0.02,0.05,0.02,0.02,0.02,0.02,0.01,0.02,0.02,0.01,0.02,0.05,0.02,0.05,0.1,0.05,0.1,0.05,0.05,0.01,0.01,0.1,0.1,0.04,0.1,0.05,0.02,0.01,0.02,0.05,0.01,0.02,0.01,0.02,0.02,0.05,0.15,0.1,0.05,0.05,0.1,0.05,0.05,0.01,0.01,0.02,0.05,0.07,0.02,0.04,0.1,0.01,0.2,0.05,0.05,0.05,0.01,0.05,0.02,0.01,0.04,0.05,0.2,0.05,0.05,0.02,0.01,0.05,0.05,0.01,0.2,0.05,0.1,0.05,0.02,0.02,0.01,0.05,0.01,0.02,0.02,0.05,0.06,0.1,0.1,0.01,0.1,0.01,0.02,0.05,0.01,0.05,0.01,0.2,0.05,0.05
10:49:00,0.05,0.05,0.05,0.05,0.06,0.05,0.02,0.02,0.04,0.02,0.02,0.02,0.02,0.01,0.02,0.05,0.03,0.1,0.2,0.1,0.1,0.05,0.05,0.01,0.02,0.1,0.1,0.02,0.1,0.05,0.02,0.01,0.03,0.05,0.02,0.02,0.01,0.01,0.02,0.05,0.1,0.1,0.05,0.15,0.05,0.05,0.05,0.01,0.01,0.04,0.05,0.06,0.02,0.04,0.1,0.01,0.2,0.05,0.05,0.05,0.01,0.05,0.02,0.01,0.04,0.05,0.2,0.1,0.05,0.01,0.01,0.05,0.05,0.01,0.2,0.05,0.1,0.05,0.02,0.02,0.01,0.05,0.01,0.02,0.02,0.05,0.04,0.1,0.1,0.01,0.1,0.01,0.02,0.05,0.01,0.05,0.01,0.1,0.05,0.05
10:50:00,0.05,0.05,0.05,0.05,0.06,0.05,0.02,0.02,0.04,0.02,0.01,0.02,0.02,0.01,0.04,0.05,0.02,0.05,0.2,0.05,0.05,0.05,0.05,0.01,0.01,0.1,0.1,0.02,0.1,0.05,0.02,0.01,0.03,0.05,0.01,0.04,0.01,0.01,0.02,0.1,0.1,0.1,0.05,0.2,0.05,0.05,0.05,0.01,0.01,0.04,0.1,0.07,0.02,0.02,0.1,0.01,0.2,0.05,0.05,0.05,0.01,0.05,0.01,0.01,0.04,0.1,0.2,0.1,0.05,0.02,0.01,0.05,0.05,0.01,0.2,0.05,0.1,0.05,0.04,0.02,0.01,0.05,0.02,0.02,0.01,0.05,0.02,0.05,0.1,0.01,0.2,0.01,0.02,0.05,0.01,0.05,0.01,0.1,0.05,0.05
10:51:00,0.05,0.05,0.05,0.05,0.04,0.05,0.02,0.02,0.04,0.02,0.01,0.02,0.02,0.01,0.02,0.05,0.02,0.05,0.2,0.1,0.15,0.05,0.05,0.02,0.01,0.1,0.1,0.02,0.05,0.05,0.02,0.01,0.02,0.05,0.02,0.04,0.01,0.01,0.02,0.05,0.15,0.1,0.05,0.15,0.1,0.05,0.05,0.01,0.01,0.04,0.05,0.07,0.02,0.02,0.1,0.01,0.2,0.05,0.05,0.05,0.01,0.05,0.01,0.01,0.04,0.1,0.2,0.1,0.05,0.02,0.01,0.05,0.05,0.01,0.2,0.05,0.1,0.05,0.02,0.02,0.01,0.05,0.02,0.02,0.01,0.05,0.02,0.05,0.1,0.01,0.1,0.01,0.02,0.1,0.01,0.05,0.01,0.1,0.05,0.05
10:52:00,0.05,0.05,0.05,0.05,0.04,0.05,0.02,0.02,0.04,0.02,0.01,0.02,0.02,0.01,0.02,0.05,0.02,0.05,0.2,0.05,0.15,0.05,0.05,0.02,0.01,0.2,0.1,0.04,0.05,0.05,0.02,0.01,0.02,0.05,0.02,0.02,0.01,0.01,0.01,0.05,0.05,0.1,0.05,0.2,0.05,0.05,0.05,0.01,0.01,0.02,0.05,0.06,0.02,0.02,0.1,0.01,0.2,0.05,0.05,0.05,0.01,0.05,0.01,0.01,0.02,0.1,0.2,0.1,0.05,0.01,0.01,0.05,0.05,0.01,0.2,0.05,0.05,0.05,0.02,0.02,0.01,0.05,0.02,0.02,0.01,0.05,0.02,0.05,0.1,0.01,0.1,0.01,0.04,0.05,0.01,0.05,0.01,0.05,0.05,0.05
10:53:00,0.05,0.05,0.05,0.05,0.02,0.05,0.02,0.02,0.04,0.02,0.01,0.02,0.02,0.01,0.04,0.05,0.02,0.05,0.2,0.05,0.15,0.05,0.05,0.01,0.01,0.1,0.05,0.02,0.1,0.05,0.02,0.01,0.01,0.05,0.02,0.04,0.01,0.01,0.01,0.05,0.15,0.1,0.05,0.1,0.1,0.05,0.1,0.01,0.01,0.04,0.05,0.04,0.02,0.02,0.1,0.01,0.2,0.05,0.05,0.05,0.01,0.05,0.01,0.01,0.02,0.05,0.4,0.05,0.05,0.01,0.01,0.05,0.05,0.01,0.2,0.05,0.05,0.05,0.02,0.02,0.01,0.05,0.01,0.02,0.01,0.05,0.04,0.1,0.2,0.01,0.1,0.01,0.02,0.05,0.01,0.05,0.01,0.1,0.05,0.05
10:54:00,0.05,0.05,0.05,0.05,0.02,0.05,0.02,0.02,0.04,0.02,0.01,0.02,0.02,0.01,0.04,0.05,0.02,0.05,0.2,0.05,0.15,0.05,0.05,0.01,0.02,0.1,0.1,0.02,0.1,0.05,0.02,0.01,0.01,0.05,0.02,0.02,0.01,0.01,0.01,0.05,0.15,0.1,0.05,0.1,0.05,0.05,0.1,0.01,0.01,0.1,0.05,0.02,0.02,0.02,0.1,0.01,0.2,0.1,0.05,0.05,0.01,0.05,0.01,0.01,0.02,0.05,0.2,0.05,0.1,0.02,0.01,0.05,0.05,0.01,0.2,0.05,0.05,0.05,0.02,0.02,0.01,0.05,0.01,0.02,0.02,0.05,0.02,0.1,0.1,0.01,0.1,0.01,0.02,0.05,0.01,0.05,0.01,0.1,0.05,0.05
10:55:00,0.05,0.05,0.1,0.05,0.06,0.1,0.02,0.02,0.04,0.04,0.01,0.02,0.02,0.01,0.02,0.05,0.01,0.05,0.2,0.05,0.1,0.05,0.05,0.01,0.02,0.1,0.1,0.02,0.15,0.05,0.02,0.01,0.01,0.05,0.01,0.02,0.01,0.01,0.01,0.1,0.05,0.1,0.05,0.05,0.05,0.05,0.05,0.01,0.01,0.04,0.05,0.02,0.02,0.02,0.1,0.01,0.2,0.1,0.05,0.05,0.01,0.05,0.01,0.01,0.02,0.05,0.2,0.05,0.05,0.01,0.01,0.05,0.05,0.01,0.2,0.05,0.05,0.05,0.02,0.04,0.01,0.05,0.01,0.02,0.02,0.05,0.02,0.1,0.2,0.01,0.1,0.01,0.04,0.05,0.01,0.05,0.01,0.1,0.05,0.05
10:56:00,0.05,0.05,0.05,0.05,0.04,0.1,0.02,0.02,0.04,0.02,0.01,0.02,0.02,0.01,0.04,0.05,0.01,0.05,0.1,0.05,0.1,0.05,0.05,0.01,0.01,0.1,0.1,0.04,0.05,0.05,0.02,0.02,0.01,0.05,0.01,0.04,0.01,0.01,0.01,0.1,0.1,0.1,0.05,0.05,0.05,0.05,0.05,0.01,0.01,0.02,0.05,0.01,0.02,0.04,0.1,0.01,0.2,0.05,0.05,0.05,0.01,0.05,0.01,0.02,0.02,0.05,0.2,0.05,0.05,0.02,0.01,0.05,0.05,0.01,0.4,0.05,0.05,0.05,0.04,0.02,0.02,0.05,0.02,0.02,0.02,0.05,0.02,0.1,0.2,0.01,0.1,0.01,0.02,0.05,0.01,0.05,0.01,0.1,0.05,0.05
10:57:00,0.05,0.05,0.05,0.05,0.04,0.05,0.02,0.02,0.04,0.02,0.01,0.02,0.02,0.01,0.04,0.05,0.01,0.05,0.3,0.05,0.1,0.05,0.05,0.01,0.01,0.1,0.05,0.04,0.05,0.05,0.02,0.01,0.01,0.05,0.01,0.02,0.01,0.02,0.01,0.05,0.1,0.1,0.05,0.05,0.05,0.05,0.05,0.01,0.01,0.08,0.05,0.01,0.02,0.04,0.1,0.01,0.2,0.05,0.1,0.05,0.01,0.05,0.01,0.02,0.02,0.1,0.2,0.05,0.05,0.01,0.01,0.05,0.05,0.01,0.2,0.05,0.05,0.1,0.02,0.02,0.01,0.05,0.02,0.02,0.02,0.05,0.02,0.05,0.1,0.01,0.1,0.01,0.02,0.05,0.01,0.05,0.01,0.1,0.05,0.05
10:58:00,0.05,0.05,0.1,0.05,0.02,0.05,0.02,0.02,0.04,0.02,0.01,0.02,0.02,0.01,0.04,0.1,0.02,0.05,0.2,0.05,0.1,0.05,0.1,0.01,0.01,0.1,0.1,0.04,0.1,0.05,0.02,0.02,0.01,0.05,0.01,0.04,0.01,0.01,0.01,0.05,0.05,0.1,0.05,0.05,0.05,0.05,0.05,0.01,0.01,0.04,0.05,0.01,0.02,0.02,0.1,0.01,0.2,0.05,0.05,0.05,0.01,0.1,0.01,0.02,0.02,0.1,0.4,0.05,0.05,0.02,0.01,0.05,0.05,0.01,0.2,0.05,0.05,0.1,0.02,0.02,0.02,0.05,0.02,0.02,0.02,0.05,0.02,0.05,0.1,0.01,0.1,0.01,0.02,0.05,0.01,0.05,0.01,0.1,0.05,0.05
10:59:00,0.05,0.05,0.05,0.05,0.02,0.05,0.02,0.02,0.04,0.02,0.01,0.02,0.02,0.01,0.04,0.1,0.02,0.05,0.2,0.05,0.1,0.05,0.1,0.01,0.01,0.1,0.05,0.04,0.05,0.05,0.02,0.01,0.01,0.1,0.01,0.04,0.01,0.02,0.01,0.05,0.1,0.1,0.05,0.05,0.05,0.05,0.05,0.01,0.01,0.06,0.05,0.03,0.02,0.02,0.1,0.01,0.2,0.05,0.05,0.05,0.01,0.05,0.01,0.02,0.02,0.1,0.4,0.05,0.05,0.02,0.01,0.05,0.05,0.01,0.2,0.1,0.05,0.05,0.02,0.04,0.02,0.05,0.02,0.02,0.02,0.05,0.02,0.05,0.1,0.01,0.1,0.01,0.02,0.1,0.01,0.05,0.01,0.1,0.05,0.1
11:00:00,0.05,0.05,0.1,0.05,0.02,0.05,0.02,0.02,0.04,0.02,0.01,0.02,0.02,0.01,0.04,0.05,0.02,0.05,0.2,0.05,0.1,0.05,0.05,0.01,0.02,0.1,0.05,0.04,0.05,0.05,0.02,0.01,0.01,0.05,0.01,0.02,0.01,0.01,0.01,0.1,0.1,0.1,0.05,0.05,0.05,0.05,0.05,0.01,0.01,0.02,0.05,0.03,0.02,0.04,0.1,0.01,0.2,0.05,0.05,0.05,0.01,0.05,0.01,0.01,0.02,0.1,0.4,0.05,0.05,0.02,0.01,0.05,0.05,0.01,0.2,0.05,0.05,0.05,0.02,0.02,0.01,0.05,0.02,0.02,0.03,0.05,0.02,0.05,0.1,0.01,0.1,0.01,0.02,0.05,0.01,0.05,0.01,0.1,0.05,0.1
11:01:00,0.05,0.05,0.1,0.05,0.02,0.05,0.02,0.02,0.04,0.04,0.01,0.02,0.02,0.01,0.04,0.05,0.01,0.05,0.2,0.05,0.1,0.05,0.05,0.01,0.01,0.1,0.05,0.04,0.1,0.05,0.02,0.01,0.01,0.05,0.01,0.04,0.01,0.02,0.01,0.1,0.1,0.2,0.05,0.05,0.05,0.05,0.05,0.01,0.01,0.02,0.1,0.03,0.02,0.04,0.1,0.01,0.2,0.05,0.05,0.05,0.01,0.05,0.01,0.01,0.02,0.05,0.2,0.05,0.05,0.01,0.01,0.05,0.05,0.01,0.2,0.05,0.1,0.1,0.02,0.04,0.01,0.05,0.01,0.02,0.02,0.05,0.02,0.05,0.2,0.01,0.1,0.01,0.02,0.1,0.01,0.05,0.01,0.1,0.05,0.05
11:02:00,0.05,0.05,0.05,0.05,0.04,0.05,0.02,0.04,0.04,0.04,0.01,0.02,0.02,0.01,0.04,0.05,0.01,0.05,0.1,0.05,0.15,0.05,0.1,0.01,0.01,0.1,0.1,0.04,0.1,0.05,0.02,0.02,0.01,0.05,0.01,0.04,0.01,0.01,0.01,0.1,0.05,0.1,0.1,0.05,0.05,0.05,0.05,0.01,0.01,0.02,0.05,0.03,0.02,0.02,0.1,0.01,0.2,0.05,0.05,0.05,0.01,0.1,0.01,0.01,0.02,0.05,0.4,0.05,0.05,0.01,0.01,0.05,0.05,0.01,0.2,0.05,0.1,0.05,0.02,0.04,0.01,0.05,0.01,0.02,0.02,0.05,0.02,0.1,0.2,0.01,0.2,0.01,0.02,0.2,0.01,0.05,0.01,0.1,0.05,0.05
11:03:00,0.05,0.05,0.05,0.05,0.02,0.05,0.02,0.02,0.02,0.02,0.01,0.02,0.02,0.01,0.02,0.05,0.02,0.05,0.1,0.05,0.05,0.05,0.05,0.01,0.02,0.2,0.1,0.04,0.05,0.05,0.02,0.02,0.01,0.05,0.01,0.02,0.01,0.01,0.01,0.1,0.05,0.2,0.05,0.05,0.05,0.05,0.05,0.01,0.01,0.02,0.1,0.03,0.04,0.02,0.1,0.01,0.2,0.05,0.1,0.05,0.01,0.05,0.01,0.01,0.02,0.05,0.4,0.05,0.05,0.01,0.01,0.05,0.05,0.02,0.2,0.05,0.1,0.05,0.02,0.04,0.02,0.05,0.01,0.02,0.02,0.05,0.02,0.05,0.2,0.01,0.2,0.01,0.02,0.05,0.01,0.05,0.01,0.05,0.05,0.05
11:04:00,0.05,0.05,0.05,0.05,0.04,0.05,0.02,0.04,0.02,0.04,0.01,0.02,0.02,0.01,0.04,0.05,0.01,0.05,0.1,0.05,0.05,0.05,0.05,0.01,0.01,0.1,0.1,0.02,0.05,0.05,0.02,0.02,0.01,0.05,0.01,0.04,0.01,0.01,0.01,0.1,0.1,0.1,0.05,0.1,0.05,0.05,0.1,0.01,0.01,0.06,0.05,0.03,0.02,0.02,0.1,0.01,0.2,0.05,0.1,0.05,0.01,0.1,0.01,0.03,0.02,0.05,0.2,0.1,0.05,0.01,0.01,0.05,0.05,0.02,0.2,0.05,0.1,0.05,0.02,0.04,0.02,0.05,0.01,0.04,0.02,0.05,0.02,0.05,0.1,0.01,0.1,0.01,0.04,0.1,0.01,0.05,0.01,0.1,0.1,0.1
11:05:00,0.05,0.05,0.05,0.05,0.04,0.05,0.02,0.04,0.02,0.02,0.01,0.02,0.02,0.01,0.02,0.1,0.01,0.05,0.1,0.05,0.05,0.05,0.05,0.01,0.01,0.1,0.1,0.02,0.1,0.05,0.02,0.01,0.01,0.1,0.01,0.02,0.01,0.01,0.01,0.1,0.05,0.1,0.05,0.1,0.05,0.05,0.05,0.01,0.01,0.04,0.1,0.03,0.02,0.02,0.1,0.01,0.2,0.05,0.1,0.05,0.01,0.05,0.01,0.02,0.02,0.05,0.2,0.15,0.1,0.02,0.01,0.05,0.05,0.01,0.2,0.05,0.1,0.05,0.02,0.04,0.01,0.05,0.01,0.02,0.02,0.1,0.02,0.05,0.1,0.01,0.1,0.01,0.02,0.1,0.01,0.05,0.01,0.1,0.1,0.05
11:06:00,0.05,0.1,0.05,0.05,0.02,0.05,0.02,0.04,0.02,0.02,0.01,0.02,0.04,0.01,0.04,0.05,0.01,0.05,0.1,0.05,0.1,0.05,0.05,0.01,0.01,0.1,0.05,0.02,0.05,0.05,0.02,0.01,0.01,0.05,0.01,0.02,0.01,0.01,0.01,0.1,0.05,0.1,0.05,0.1,0.05,0.05,0.1,0.01,0.01,0.06,0.1,0.03,0.02,0.02,0.1,0.01,0.2,0.05,0.1,0.15,0.01,0.05,0.01,0.02,0.02,0.05,0.2,0.15,0.05,0.01,0.01,0.05,0.05,0.01,0.2,0.05,0.1,0.1,0.02,0.04,0.01,0.05,0.01,0.02,0.02,0.1,0.02,0.1,0.2,0.01,0.1,0.01,0.04,0.15,0.01,0.1,0.01,0.05,0.1,0.05
11:07:00,0.1,0.1,0.1,0.05,0.02,0.05,0.02,0.04,0.02,0.04,0.01,0.02,0.02,0.01,0.02,0.05,0.01,0.05,0.1,0.05,0.1,0.05,0.05,0.01,0.01,0.1,0.1,0.02,0.1,0.05,0.02,0.01,0.01,0.05,0.01,0.02,0.01,0.01,0.01,0.1,0.05,0.1,0.1,0.1,0.05,0.05,0.1,0.01,0.01,0.04,0.05,0.03,0.02,0.02,0.1,0.01,0.2,0.05,0.1,0.15,0.01,0.05,0.01,0.02,0.02,0.05,0.2,0.15,0.05,0.02,0.01,0.05,0.05,0.01,0.2,0.05,0.05,0.05,0.04,0.02,0.02,0.05,0.01,0.02,0.02,0.05,0.02,0.1,0.2,0.01,0.1,0.01,0.04,0.05,0.01,0.05,0.01,0.1,0.1,0.1
11:08:00,0.05,0.1,0.05,0.05,0.02,0.1,0.02,0.04,0.02,0.02,0.01,0.02,0.02,0.01,0.02,0.05,0.01,0.05,0.3,0.05,0.05,0.1,0.05,0.01,0.01,0.1,0.1,0.02,0.05,0.05,0.02,0.01,0.01,0.05,0.01,0.02,0.01,0.01,0.01,0.05,0.05,0.1,0.05,0.1,0.05,0.05,0.05,0.01,0.01,0.06,0.05,0.02,0.02,0.04,0.2,0.01,0.2,0.05,0.1,0.05,0.01,0.05,0.01,0.01,0.02,0.05,0.4,0.15,0.05,0.02,0.01,0.05,0.05,0.01,0.2,0.05,0.05,0.05,0.02,0.02,0.02,0.05,0.01,0.02,0.02,0.05,0.02,0.1,0.1,0.01,0.1,0.01,0.04,0.1,0.02,0.05,0.01,0.1,0.1,0.05
11:09:00,0.05,0.05,0.1,0.05,0.02,0.1,0.02,0.02,0.02,0.02,0.01,0.02,0.02,0.01,0.02,0.05,0.01,0.05,0.2,0.05,0.05,0.1,0.05,0.01,0.01,0.1,0.1,0.02,0.05,0.05,0.02,0.01,0.01,0.05,0.01,0.02,0.01,0.01,0.01,0.1,0.1,0.1,0.05,0.1,0.05,0.05,0.05,0.01,0.01,0.02,0.05,0.03,0.02,0.02,0.1,0.01,0.2,0.05,0.1,0.05,0.01,0.05,0.01,0.01,0.02,0.05,0.2,0.1,0.05,0.02,0.01,0.05,0.05,0.01,0.2,0.05,0.05,0.05,0.02,0.02,0.01,0.05,0.01,0.02,0.01,0.05,0.04,0.1,0.1,0.01,0.1,0.01,0.02,0.2,0.01,0.05,0.01,0.1,0.1,0.05
11:10:00,0.05,0.1,0.1,0.05,0.02,0.05,0.02,0.02,0.02,0.04,0.01,0.02,0.02,0.01,0.02,0.05,0.01,0.05,0.2,0.1,0.05,0.1,0.05,0.01,0.02,0.1,0.05,0.02,0.05,0.05,0.02,0.01,0.02,0.05,0.01,0.02,0.01,0.01,0.01,0.1,0.05,0.1,0.05,0.1,0.05,0.05,0.1,0.01,0.01,0.04,0.05,0.03,0.04,0.04,0.1,0.01,0.2,0.05,0.05,0.05,0.01,0.05,0.01,0.01,0.02,0.05,0.2,0.15,0.05,0.01,0.01,0.05,0.05,0.01,0.2,0.05,0.05,0.05,0.02,0.02,0.01,0.05,0.01,0.02,0.01,0.1,0.02,0.1,0.1,0.01,0.1,0.01,0.04,0.1,0.02,0.05,0.01,0.1,0.1,0.05
11:11:00,0.1,0.1,0.05,0.05,0.02,0.05,0.02,0.02,0.02,0.02,0.01,0.02,0.02,0.01,0.02,0.05,0.01,0.05,0.1,0.05,0.1,0.1,0.05,0.01,0.02,0.2,0.05,0.02,0.05,0.05,0.02,0.01,0.02,0.05,0.01,0.02,0.01,0.01,0.01,0.1,0.1,0.1,0.1,0.1,0.1,0.05,0.05,0.01,0.01,0.02,0.05,0.03,0.02,0.04,0.1,0.01,0.2,0.05,0.05,0.1,0.01,0.05,0.01,0.01,0.02,0.05,0.2,0.15,0.05,0.02,0.01,0.05,0.05,0.01,0.2,0.05,0.05,0.05,0.02,0.02,0.01,0.05,0.01,0.04,0.01,0.05,0.02,0.1,0.1,0.01,0.1,0.01,0.02,0.1,0.01,0.05,0.01,0.2,0.1,0.05
11:12:00,0.1,0.05,0.05,0.05,0.02,0.05,0.02,0.02,0.02,0.02,0.01,0.02,0.02,0.01,0.02,0.05,0.01,0.05,0.1,0.05,0.1,0.05,0.05,0.01,0.01,0.1,0.05,0.04,0.1,0.05,0.02,0.01,0.01,0.05,0.01,0.02,0.01,0.02,0.01,0.1,0.05,0.1,0.05,0.1,0.05,0.05,0.05,0.01,0.01,0.06,0.1,0.03,0.02,0.02,0.1,0.01,0.2,0.05,0.05,0.05,0.01,0.05,0.01,0.01,0.02,0.1,0.2,0.05,0.05,0.01,0.01,0.05,0.1,0.01,0.2,0.05,0.1,0.05,0.02,0.02,0.01,0.05,0.01,0.02,0.03,0.05,0.02,0.1,0.1,0.01,0.1,0.01,0.02,0.1,0.02,0.05,0.01,0.2,0.1,0.05
11:13:00,0.1,0.1,0.05,0.05,0.04,0.05,0.02,0.02,0.02,0.02,0.01,0.02,0.02,0.01,0.02,0.05,0.01,0.05,0.2,0.1,0.1,0.05,0.05,0.01,0.01,0.1,0.05,0.04,0.1,0.05,0.02,0.02,0.01,0.05,0.01,0.02,0.01,0.01,0.01,0.1,0.05,0.1,0.05,0.05,0.05,0.05,0.05,0.01,0.01,0.04,0.1,0.03,0.02,0.04,0.1,0.01,0.2,0.05,0.05,0.05,0.01,0.05,0.01,0.01,0.02,0.1,0.2,0.05,0.05,0.01,0.01,0.05,0.1,0.01,0.2,0.05,0.1,0.1,0.02,0.02,0.01,0.05,0.01,0.02,0.02,0.05,0.02,0.1,0.1,0.01,0.1,0.01,0.02,0.15,0.02,0.05,0.01,0.05,0.1,0.05
11:14:00,0.05,0.1,0.05,0.05,0.02,0.05,0.02,0.02,0.02,0.04,0.01,0.02,0.02,0.01,0.02,0.05,0.01,0.05,0.2,0.05,0.1,0.05,0.05,0.01,0.01,0.1,0.05,0.04,0.1,0.05,0.02,0.03,0.01,0.05,0.01,0.02,0.01,0.01,0.01,0.1,0.1,0.1,0.05,0.05,0.05,0.05,0.05,0.01,0.01,0.02,0.05,0.03,0.02,0.04,0.1,0.01,0.2,0.05,0.05,0.05,0.01,0.05,0.01,0.01,0.02,0.05,0.2,0.05,0.05,0.01,0.01,0.05,0.05,0.02,0.2,0.05,0.1,0.1,0.02,0.02,0.01,0.05,0.01,0.02,0.03,0.05,0.02,0.05,0.1,0.01,0.1,0.01,0.02,0.25,0.01,0.05,0.01,0.05,0.1,0.05
11:15:00,0.05,0.1,0.05,0.05,0.02,0.05,0.02,0.02,0.02,0.04,0.01,0.02,0.02,0.01,0.02,0.05,0.01,0.05,0.2,0.05,0.1,0.05,0.05,0.02,0.01,0.1,0.05,0.04,0.05,0.05,0.02,0.03,0.01,0.05,0.01,0.02,0.01,0.01,0.01,0.1,0.1,0.2,0.05,0.15,0.05,0.05,0.05,0.01,0.01,0.02,0.05,0.02,0.02,0.02,0.1,0.01,0.4,0.05,0.05,0.1,0.01,0.05,0.01,0.02,0.02,0.05,0.2,0.05,0.05,0.01,0.01,0.05,0.05,0.01,0.2,0.05,0.1,0.05,0.02,0.02,0.01,0.05,0.01,0.02,0.03,0.05,0.02,0.05,0.1,0.01,0.1,0.01,0.02,0.2,0.01,0.05,0.01,0.05,0.05,0.05
11:16:00,0.05,0.1,0.05,0.05,0.02,0.05,0.02,0.02,0.02,0.02,0.01,0.02,0.02,0.01,0.02,0.05,0.01,0.05,0.2,0.05,0.1,0.05,0.05,0.01,0.01,0.1,0.05,0.04,0.05,0.1,0.02,0.02,0.01,0.05,0.01,0.02,0.01,0.01,0.01,0.05,0.1,0.1,0.05,0.15,0.05,0.05,0.05,0.01,0.01,0.02,0.05,0.02,0.02,0.02,0.1,0.01,0.4,0.05,0.05,0.1,0.01,0.05,0.01,0.02,0.02,0.05,0.2,0.05,0.05,0.01,0.01,0.05,0.05,0.01,0.2,0.05,0.1,0.05,0.04,0.02,0.01,0.05,0.01,0.02,0.03,0.05,0.02,0.05,0.1,0.01,0.1,0.01,0.02,0.2,0.01,0.05,0.01,0.05,0.05,0.05
11:17:00,0.05,0.1,0.05,0.05,0.02,0.05,0.02,0.02,0.02,0.02,0.01,0.02,0.02,0.01,0.02,0.05,0.01,0.05,0.2,0.05,0.1,0.05,0.05,0.01,0.01,0.1,0.05,0.04,0.05,0.05,0.02,0.01,0.01,0.05,0.01,0.02,0.01,0.01,0.01,0.1,0.1,0.1,0.05,0.1,0.05,0.05,0.05,0.01,0.01,0.02,0.05,0.01,0.02,0.04,0.1,0.01,0.2,0.05,0.05,0.05,0.01,0.05,0.01,0.01,0.02,0.05,0.2,0.05,0.05,0.01,0.01,0.05,0.05,0.01,0.2,0.05,0.1,0.05,0.04,0.02,0.01,0.05,0.01,0.02,0.03,0.05,0.02,0.05,0.2,0.01,0.1,0.01,0.02,0.05,0.02,0.05,0.01,0.05,0.05,0.05
11:18:00,0.05,0.05,0.05,0.05,0.02,0.05,0.02,0.02,0.02,0.02,0.01,0.02,0.02,0.01,0.02,0.05,0.01,0.05,0.2,0.05,0.05,0.05,0.05,0.01,0.01,0.1,0.1,0.04,0.1,0.05,0.02,0.01,0.01,0.05,0.01,0.02,0.01,0.01,0.01,0.1,0.1,0.1,0.05,0.1,0.05,0.05,0.05,0.01,0.01,0.04,0.05,0.02,0.02,0.02,0.1,0.01,0.2,0.05,0.05,0.05,0.01,0.1,0.01,0.01,0.02,0.05,0.2,0.05,0.05,0.01,0.01,0.05,0.05,0.01,0.2,0.05,0.1,0.05,0.02,0.04,0.01,0.05,0.01,0.02,0.03,0.05,0.02,0.05,0.2,0.01,0.1,0.01,0.02,0.05,0.01,0.05,0.01,0.05,0.1,0.05
11:19:00,0.05,0.05,0.05,0.05,0.02,0.05,0.02,0.02,0.02,0.02,0.02,0.02,0.02,0.01,0.02,0.05,0.01,0.05,0.2,0.05,0.05,0.05,0.05,0.02,0.01,0.1,0.05,0.04,0.1,0.05,0.02,0.01,0.01,0.05,0.01,0.02,0.01,0.01,0.01,0.05,0.1,0.1,0.05,0.1,0.05,0.05,0.05,0.01,0.01,0.04,0.05,0.01,0.02,0.02,0.1,0.01,0.2,0.05,0.05,0.05,0.01,0.05,0.01,0.01,0.02,0.1,0.2,0.05,0.05,0.01,0.01,0.05,0.05,0.01,0.2,0.05,0.1,0.05,0.04,0.02,0.01,0.05,0.01,0.02,0.03,0.05,0.02,0.05,0.2,0.01,0.1,0.01,0.02,0.05,0.01,0.05,0.01,0.25,0.05,0.05
11:20:00,0.05,0.05,0.05,0.05,0.04,0.05,0.04,0.02,0.02,0.02,0.01,0.02,0.02,0.01,0.02,0.05,0.01,0.05,0.1,0.05,0.05,0.05,0.05,0.01,0.01,0.1,0.05,0.02,0.05,0.05,0.02,0.01,0.02,0.05,0.01,0.02,0.01,0.01,0.01,0.05,0.15,0.1,0.05,0.1,0.05,0.05,0.05,0.01,0.01,0.04,0.1,0.01,0.02,0.02,0.1,0.01,0.2,0.05,0.05,0.05,0.01,0.05,0.01,0.01,0.02,0.1,0.2,0.1,0.05,0.01,0.01,0.05,0.05,0.01,0.2,0.05,0.1,0.05,0.02,0.02,0.01,0.05,0.01,0.02,0.03,0.05,0.08,0.1,0.2,0.01,0.2,0.01,0.06,0.05,0.02,0.05,0.01,0.25,0.05,0.05
11:21:00,0.1,0.05,0.05,0.1,0.04,0.05,0.02,0.04,0.02,0.02,0.01,0.02,0.02,0.01,0.02,0.1,0.01,0.05,0.1,0.05,0.05,0.05,0.05,0.01,0.01,0.1,0.05,0.02,0.1,0.05,0.02,0.02,0.02,0.05,0.01,0.02,0.01,0.01,0.01,0.05,0.1,0.1,0.05,0.05,0.05,0.05,0.05,0.01,0.01,0.02,0.1,0.01,0.02,0.02,0.1,0.01,0.2,0.05,0.05,0.05,0.01,0.05,0.01,0.02,0.02,0.05,0.2,0.1,0.05,0.01,0.01,0.05,0.05,0.02,0.2,0.05,0.1,0.1,0.04,0.02,0.01,0.05,0.01,0.02,0.03,0.05,0.08,0.05,0.1,0.01,0.1,0.01,0.02,0.2,0.02,0.05,0.01,0.2,0.05,0.05
11:22:00,0.1,0.05,0.05,0.1,0.02,0.05,0.02,0.02,0.02,0.02,0.02,0.02,0.02,0.01,0.02,0.1,0.01,0.05,0.1,0.05,0.05,0.05,0.05,0.01,0.01,0.1,0.05,0.02,0.1,0.05,0.02,0.01,0.01,0.05,0.01,0.02,0.01,0.01,0.01,0.05,0.15,0.1,0.05,0.05,0.05,0.05,0.05,0.01,0.01,0.1,0.1,0.01,0.02,0.02,0.1,0.01,0.2,0.05,0.05,0.05,0.01,0.05,0.01,0.01,0.02,0.05,0.2,0.1,0.05,0.01,0.01,0.05,0.05,0.02,0.2,0.05,0.1,0.1,0.04,0.02,0.01,0.05,0.01,0.02,0.01,0.05,0.08,0.1,0.1,0.01,0.1,0.01,0.04,0.1,0.01,0.05,0.01,0.25,0.05,0.05
11:23:00,0.1,0.05,0.05,0.1,0.02,0.05,0.02,0.02,0.02,0.02,0.01,0.02,0.02,0.01,0.02,0.05,0.01,0.05,0.4,0.05,0.05,0.05,0.05,0.01,0.01,0.1,0.05,0.02,0.1,0.05,0.02,0.01,0.01,0.1,0.01,0.04,0.01,0.01,0.01,0.05,0.15,0.1,0.05,0.05,0.05,0.05,0.05,0.01,0.01,0.08,0.1,0.01,0.04,0.02,0.1,0.01,0.2,0.05,0.05,0.05,0.01,0.05,0.01,0.01,0.02,0.05,0.2,0.1,0.05,0.01,0.01,0.05,0.05,0.01,0.2,0.05,0.1,0.05,0.02,0.02,0.02,0.05,0.01,0.02,0.01,0.05,0.1,0.1,0.1,0.01,0.1,0.01,0.02,0.15,0.01,0.05,0.01,0.25,0.05,0.05
11:24:00,0.1,0.05,0.05,0.1,0.02,0.05,0.02,0.02,0.02,0.02,0.01,0.02,0.02,0.01,0.04,0.05,0.01,0.05,0.4,0.05,0.05,0.05,0.1,0.01,0.02,0.1,0.1,0.02,0.15,0.05,0.02,0.01,0.02,0.1,0.01,0.04,0.01,0.01,0.01,0.05,0.1,0.1,0.05,0.05,0.05,0.05,0.1,0.01,0.01,0.08,0.1,0.01,0.02,0.02,0.1,0.01,0.2,0.05,0.05,0.05,0.01,0.05,0.01,0.01,0.02,0.1,0.2,0.05,0.05,0.01,0.01,0.05,0.05,0.01,0.2,0.05,0.05,0.05,0.02,0.02,0.02,0.05,0.02,0.02,0.02,0.05,0.04,0.1,0.1,0.01,0.1,0.01,0.06,0.2,0.01,0.05,0.01,0.15,0.05,0.05
11:25:00,0.05,0.05,0.05,0.1,0.04,0.05,0.02,0.02,0.02,0.02,0.01,0.02,0.02,0.01,0.04,0.05,0.01,0.05,0.4,0.05,0.05,0.05,0.1,0.01,0.02,0.1,0.1,0.02,0.05,0.05,0.02,0.01,0.02,0.05,0.01,0.04,0.01,0.01,0.01,0.05,0.05,0.1,0.05,0.05,0.05,0.05,0.05,0.01,0.01,0.08,0.05,0.01,0.02,0.02,0.1,0.01,0.2,0.05,0.05,0.05,0.01,0.05,0.01,0.01,0.02,0.1,0.2,0.05,0.05,0.01,0.01,0.05,0.05,0.01,0.2,0.05,0.05,0.05,0.02,0.02,0.01,0.05,0.01,0.04,0.05,0.05,0.06,0.15,0.1,0.01,0.1,0.01,0.04,0.15,0.01,0.05,0.01,0.15,0.05,0.05
11:26:00,0.05,0.05,0.05,0.1,0.02,0.05,0.02,0.02,0.02,0.02,0.01,0.02,0.02,0.01,0.04,0.05,0.01,0.05,0.1,0.05,0.05,0.05,0.1,0.01,0.01,0.1,0.1,0.02,0.1,0.05,0.02,0.01,0.02,0.05,0.01,0.04,0.01,0.01,0.01,0.05,0.1,0.1,0.05,0.05,0.05,0.05,0.05,0.01,0.01,0.06,0.05,0.01,0.02,0.02,0.1,0.01,0.2,0.05,0.05,0.05,0.01,0.05,0.02,0.01,0.02,0.1,0.2,0.05,0.1,0.01,0.01,0.05,0.05,0.01,0.2,0.1,0.05,0.05,0.02,0.02,0.01,0.05,0.01,0.04,0.04,0.05,0.06,0.1,0.2,0.01,0.1,0.01,0.04,0.05,0.01,0.05,0.01,0.1,0.05,0.05
11:27:00,0.05,0.1,0.05,0.1,0.02,0.05,0.02,0.02,0.02,0.02,0.02,0.02,0.02,0.01,0.04,0.05,0.01,0.05,0.2,0.05,0.05,0.05,0.1,0.01,0.01,0.1,0.1,0.02,0.05,0.05,0.02,0.01,0.02,0.1,0.01,0.02,0.01,0.01,0.01,0.05,0.05,0.1,0.05,0.05,0.05,0.05,0.05,0.01,0.01,0.06,0.05,0.01,0.02,0.02,0.1,0.01,0.2,0.05,0.05,0.05,0.01,0.05,0.02,0.01,0.02,0.1,0.2,0.05,0.05,0.01,0.01,0.05,0.05,0.01,0.2,0.05,0.05,0.05,0.02,0.02,0.01,0.05,0.01,0.04,0.04,0.05,0.06,0.1,0.1,0.01,0.1,0.01,0.04,0.2,0.01,0.05,0.01,0.1,0.05,0.05
11:28:00,0.05,0.1,0.05,0.1,0.04,0.05,0.02,0.02,0.04,0.02,0.01,0.02,0.02,0.01,0.04,0.05,0.01,0.05,0.2,0.05,0.05,0.05,0.1,0.01,0.01,0.1,0.1,0.02,0.05,0.05,0.02,0.01,0.01,0.1,0.01,0.02,0.01,0.01,0.01,0.05,0.15,0.1,0.05,0.05,0.05,0.05,0.05,0.01,0.01,0.08,0.05,0.01,0.02,0.02,0.1,0.01,0.2,0.05,0.05,0.05,0.01,0.05,0.02,0.01,0.02,0.1,0.2,0.05,0.05,0.01,0.01,0.05,0.1,0.01,0.2,0.05,0.05,0.05,0.02,0.02,0.01,0.05,0.01,0.04,0.04,0.05,0.04,0.1,0.1,0.01,0.2,0.01,0.06,0.05,0.01,0.05,0.01,0.05,0.05,0.05
11:29:00,0.05,0.1,0.05,0.1,0.04,0.05,0.02,0.02,0.02,0.02,0.01,0.02,0.02,0.01,0.06,0.1,0.01,0.05,0.2,0.1,0.05,0.05,0.1,0.02,0.01,0.1,0.1,0.02,0.1,0.05,0.02,0.01,0.02,0.05,0.01,0.02,0.01,0.01,0.01,0.05,0.05,0.1,0.1,0.1,0.05,0.05,0.05,0.01,0.01,0.1,0.05,0.01,0.04,0.02,0.1,0.01,0.2,0.05,0.05,0.05,0.01,0.1,0.02,0.01,0.02,0.1,0.2,0.05,0.1,0.01,0.01,0.05,0.05,0.01,0.2,0.05,0.05,0.1,0.02,0.04,0.01,0.05,0.01,0.02,0.02,0.05,0.04,0.1,0.1,0.01,0.1,0.01,0.04,0.05,0.01,0.05,0.01,0.1,0.05,0.05
11:30:00,0.05,0.1,0.05,0.1,0.04,0.05,0.02,0.02,0.02,0.02,0.01,0.04,0.02,0.01,0.06,0.1,0.02,0.05,0.3,0.05,0.05,0.05,0.1,0.02,0.01,0.1,0.05,0.02,0.05,0.05,0.02,0.01,0.02,0.05,0.01,0.04,0.01,0.02,0.01,0.05,0.05,0.1,0.1,0.05,0.05,0.05,0.05,0.01,0.01,0.1,0.05,0.01,0.02,0.02,0.1,0.01,0.2,0.05,0.05,0.05,0.01,0.05,0.02,0.01,0.02,0.1,0.2,0.1,0.05,0.01,0.01,0.05,0.05,0.01,0.2,0.05,0.05,0.05,0.02,0.04,0.01,0.05,0.01,0.02,0.02,0.05,0.04,0.1,0.1,0.01,0.1,0.01,0.04,0.05,0.01,0.05,0.01,0.1,0.05,0.05
11:31:00,0.05,0.05,0.05,0.05,0.04,0.05,0.02,0.02,0.02,0.02,0.01,0.02,0.02,0.01,0.04,0.1,0.02,0.05,0.3,0.05,0.05,0.05,0.05,0.02,0.02,0.1,0.05,0.02,0.05,0.05,0.02,0.01,0.02,0.05,0.01,0.02,0.01,0.02,0.01,0.05,0.1,0.1,0.1,0.05,0.05,0.05,0.05,0.01,0.01,0.1,0.05,0.01,0.04,0.02,0.1,0.01,0.2,0.05,0.05,0.05,0.01,0.05,0.02,0.01,0.02,0.1,0.2,0.1,0.05,0.01,0.01,0.05,0.05,0.01,0.2,0.05,0.05,0.1,0.02,0.02,0.01,0.05,0.01,0.02,0.02,0.1,0.04,0.05,0.1,0.01,0.2,0.01,0.04,0.05,0.01,0.05,0.01,0.1,0.05,0.05
11:32:00,0.05,0.05,0.1,0.05,0.02,0.05,0.02,0.02,0.02,0.04,0.01,0.02,0.02,0.01,0.04,0.1,0.02,0.05,0.4,0.05,0.05,0.05,0.05,0.02,0.02,0.1,0.05,0.02,0.05,0.05,0.02,0.01,0.02,0.05,0.01,0.02,0.01,0.01,0.01,0.1,0.1,0.1,0.1,0.05,0.05,0.05,0.05,0.01,0.01,0.04,0.05,0.01,0.04,0.02,0.1,0.01,0.4,0.1,0.05,0.05,0.01,0.05,0.01,0.01,0.02,0.1,0.2,0.1,0.1,0.01,0.01,0.05,0.05,0.01,0.2,0.05,0.05,0.05,0.02,0.02,0.01,0.05,0.01,0.02,0.04,0.1,0.04,0.05,0.1,0.01,0.1,0.01,0.04,0.05,0.01,0.05,0.01,0.1,0.05,0.05
11:33:00,0.05,0.05,0.1,0.05,0.04,0.05,0.02,0.02,0.04,0.02,0.01,0.02,0.02,0.01,0.02,0.05,0.02,0.05,0.4,0.05,0.05,0.05,0.05,0.01,0.02,0.1,0.05,0.02,0.1,0.05,0.02,0.01,0.02,0.05,0.01,0.02,0.01,0.01,0.01,0.1,0.1,0.1,0.05,0.05,0.05,0.05,0.05,0.01,0.01,0.02,0.05,0.01,0.06,0.02,0.1,0.01,0.4,0.1,0.05,0.05,0.01,0.1,0.02,0.01,0.02,0.1,0.2,0.1,0.1,0.01,0.01,0.05,0.05,0.01,0.2,0.05,0.05,0.1,0.02,0.02,0.01,0.05,0.01,0.02,0.04,0.05,0.02,0.1,0.1,0.01,0.1,0.01,0.04,0.05,0.01,0.1,0.01,0.1,0.05,0.05
11:34:00,0.05,0.05,0.1,0.05,0.04,0.05,0.02,0.02,0.04,0.04,0.01,0.02,0.02,0.01,0.02,0.05,0.01,0.05,0.2,0.05,0.1,0.05,0.05,0.01,0.02,0.1,0.05,0.02,0.1,0.05,0.02,0.01,0.02,0.05,0.01,0.02,0.01,0.01,0.01,0.1,0.1,0.1,0.1,0.05,0.05,0.05,0.1,0.01,0.01,0.06,0.05,0.03,0.02,0.02,0.1,0.01,0.2,0.1,0.05,0.05,0.01,0.05,0.02,0.01,0.02,0.1,0.2,0.1,0.05,0.01,0.01,0.05,0.05,0.01,0.2,0.05,0.05,0.1,0.02,0.02,0.01,0.05,0.01,0.02,0.03,0.05,0.02,0.1,0.1,0.01,0.1,0.01,0.04,0.2,0.01,0.05,0.01,0.1,0.05,0.05
11:35:00,0.05,0.05,0.1,0.05,0.04,0.05,0.02,0.02,0.04,0.04,0.01,0.02,0.02,0.01,0.06,0.05,0.01,0.05,0.1,0.05,0.1,0.05,0.05,0.01,0.02,0.2,0.05,0.02,0.1,0.05,0.02,0.01,0.01,0.05,0.01,0.02,0.01,0.02,0.01,0.1,0.1,0.1,0.05,0.05,0.05,0.05,0.15,0.01,0.01,0.02,0.05,0.03,0.02,0.02,0.1,0.01,0.2,0.1,0.05,0.05,0.01,0.1,0.01,0.01,0.02,0.1,0.2,0.1,0.05,0.02,0.01,0.05,0.05,0.01,0.2,0.05,0.05,0.1,0.04,0.02,0.01,0.05,0.01,0.02,0.03,0.05,0.02,0.05,0.1,0.01,0.1,0.01,0.04,0.2,0.01,0.1,0.01,0.1,0.05,0.05
11:36:00,0.05,0.05,0.05,0.05,0.04,0.05,0.02,0.02,0.04,0.04,0.01,0.02,0.02,0.01,0.08,0.05,0.01,0.05,0.2,0.05,0.1,0.05,0.05,0.02,0.01,0.1,0.05,0.02,0.05,0.05,0.02,0.01,0.01,0.05,0.01,0.02,0.01,0.02,0.01,0.1,0.1,0.1,0.05,0.05,0.05,0.05,0.1,0.01,0.01,0.02,0.05,0.03,0.02,0.02,0.1,0.01,0.2,0.05,0.05,0.05,0.01,0.1,0.01,0.01,0.02,0.1,0.2,0.1,0.05,0.02,0.01,0.05,0.05,0.01,0.2,0.05,0.05,0.1,0.04,0.02,0.01,0.05,0.01,0.02,0.03,0.05,0.02,0.05,0.1,0.01,0.1,0.01,0.04,0.15,0.01,0.05,0.01,0.05,0.05,0.05
11:37:00,0.05,0.05,0.05,0.05,0.04,0.05,0.02,0.02,0.04,0.04,0.01,0.02,0.02,0.01,0.06,0.05,0.01,0.05,0.1,0.05,0.1,0.05,0.1,0.02,0.01,0.1,0.05,0.02,0.05,0.05,0.02,0.01,0.01,0.05,0.01,0.02,0.01,0.02,0.01,0.1,0.1,0.1,0.05,0.05,0.05,0.05,0.1,0.01,0.01,0.08,0.05,0.03,0.02,0.02,0.1,0.01,0.2,0.05,0.05,0.05,0.01,0.1,0.01,0.01,0.02,0.1,0.2,0.1,0.05,0.01,0.01,0.05,0.05,0.01,0.2,0.05,0.05,0.1,0.06,0.02,0.01,0.05,0.01,0.02,0.04,0.05,0.02,0.05,0.1,0.01,0.1,0.01,0.04,0.15,0.01,0.05,0.01,0.1,0.1,0.05
11:38:00,0.05,0.05,0.05,0.05,0.04,0.05,0.02,0.02,0.02,0.04,0.01,0.02,0.02,0.01,0.06,0.05,0.01,0.05,0.1,0.05,0.1,0.05,0.1,0.02,0.01,0.1,0.05,0.02,0.05,0.05,0.02,0.01,0.01,0.05,0.01,0.02,0.01,0.02,0.02,0.1,0.05,0.1,0.05,0.05,0.1,0.1,0.1,0.01,0.01,0.04,0.05,0.03,0.02,0.02,0.1,0.01,0.2,0.05,0.05,0.05,0.01,0.05,0.01,0.01,0.02,0.1,0.2,0.05,0.05,0.01,0.01,0.05,0.05,0.01,0.2,0.05,0.05,0.1,0.06,0.02,0.01,0.05,0.01,0.02,0.04,0.05,0.02,0.05,0.1,0.01,0.1,0.01,0.04,0.1,0.01,0.05,0.01,0.1,0.1,0.05
11:39:00,0.05,0.05,0.05,0.05,0.06,0.05,0.02,0.02,0.02,0.04,0.01,0.02,0.02,0.01,0.04,0.05,0.01,0.05,0.1,0.05,0.1,0.05,0.1,0.02,0.01,0.1,0.05,0.02,0.05,0.05,0.02,0.01,0.01,0.05,0.01,0.04,0.01,0.01,0.01,0.05,0.1,0.1,0.1,0.05,0.05,0.1,0.05,0.01,0.01,0.04,0.05,0.03,0.02,0.02,0.1,0.01,0.2,0.05,0.05,0.05,0.01,0.05,0.01,0.01,0.02,0.1,0.2,0.05,0.05,0.01,0.01,0.05,0.05,0.01,0.2,0.05,0.05,0.05,0.02,0.02,0.01,0.05,0.01,0.02,0.04,0.05,0.04,0.05,0.2,0.01,0.1,0.01,0.04,0.15,0.01,0.05,0.01,0.1,0.1,0.05
11:40:00,0.05,0.05,0.05,0.05,0.06,0.05,0.02,0.02,0.02,0.02,0.01,0.02,0.02,0.01,0.04,0.05,0.01,0.05,0.1,0.05,0.1,0.05,0.05,0.02,0.02,0.1,0.05,0.02,0.1,0.05,0.02,0.01,0.01,0.05,0.01,0.04,0.01,0.01,0.02,0.05,0.05,0.1,0.1,0.05,0.05,0.1,0.05,0.01,0.01,0.04,0.05,0.03,0.02,0.02,0.1,0.01,0.2,0.05,0.05,0.05,0.01,0.05,0.01,0.01,0.02,0.1,0.2,0.1,0.05,0.01,0.01,0.05,0.05,0.01,0.2,0.05,0.1,0.05,0.02,0.02,0.01,0.05,0.01,0.02,0.04,0.05,0.04,0.05,0.1,0.01,0.1,0.01,0.04,0.15,0.01,0.05,0.01,0.1,0.05,0.05
11:41:00,0.05,0.05,0.1,0.05,0.06,0.05,0.02,0.02,0.02,0.02,0.02,0.02,0.02,0.01,0.04,0.05,0.01,0.05,0.1,0.05,0.05,0.05,0.05,0.02,0.01,0.1,0.05,0.02,0.05,0.05,0.02,0.01,0.01,0.05,0.01,0.02,0.01,0.02,0.01,0.05,0.05,0.1,0.1,0.05,0.05,0.1,0.05,0.01,0.01,0.02,0.05,0.03,0.04,0.02,0.1,0.01,0.2,0.05,0.05,0.05,0.01,0.1,0.01,0.01,0.02,0.15,0.2,0.15,0.05,0.01,0.01,0.05,0.05,0.01,0.2,0.05,0.1,0.05,0.02,0.02,0.01,0.05,0.01,0.02,0.04,0.05,0.04,0.05,0.1,0.01,0.1,0.01,0.04,0.2,0.01,0.05,0.01,0.1,0.05,0.05
11:42:00,0.05,0.05,0.05,0.05,0.06,0.05,0.02,0.02,0.04,0.02,0.01,0.02,0.02,0.01,0.04,0.1,0.01,0.05,0.1,0.05,0.05,0.05,0.1,0.02,0.01,0.1,0.05,0.02,0.05,0.05,0.02,0.01,0.02,0.05,0.01,0.02,0.01,0.02,0.02,0.05,0.15,0.1,0.05,0.05,0.05,0.1,0.05,0.01,0.01,0.02,0.05,0.03,0.02,0.02,0.1,0.01,0.2,0.05,0.05,0.05,0.01,0.05,0.01,0.01,0.02,0.15,0.2,0.15,0.05,0.01,0.01,0.05,0.05,0.01,0.2,0.05,0.1,0.05,0.02,0.02,0.01,0.05,0.01,0.02,0.04,0.05,0.04,0.05,0.1,0.01,0.1,0.01,0.04,0.2,0.01,0.05,0.01,0.1,0.05,0.1
11:43:00,0.05,0.05,0.05,0.05,0.06,0.05,0.02,0.02,0.04,0.02,0.02,0.02,0.02,0.01,0.04,0.05,0.01,0.05,0.1,0.1,0.05,0.05,0.1,0.01,0.01,0.1,0.05,0.02,0.05,0.05,0.02,0.01,0.02,0.05,0.01,0.02,0.01,0.02,0.01,0.05,0.15,0.1,0.05,0.05,0.05,0.05,0.1,0.01,0.01,0.02,0.05,0.03,0.02,0.02,0.1,0.01,0.2,0.05,0.05,0.05,0.01,0.05,0.01,0.01,0.02,0.15,0.2,0.15,0.05,0.01,0.01,0.05,0.05,0.01,0.2,0.05,0.1,0.05,0.02,0.02,0.01,0.1,0.01,0.02,0.04,0.05,0.04,0.1,0.1,0.01,0.1,0.01,0.06,0.1,0.01,0.05,0.01,0.1,0.05,0.05
11:44:00,0.05,0.05,0.1,0.05,0.06,0.05,0.02,0.02,0.04,0.04,0.01,0.02,0.02,0.01,0.04,0.05,0.01,0.05,0.1,0.05,0.05,0.05,0.1,0.01,0.01,0.1,0.05,0.02,0.05,0.05,0.02,0.01,0.02,0.05,0.01,0.02,0.01,0.02,0.01,0.05,0.1,0.2,0.1,0.05,0.05,0.05,0.1,0.01,0.01,0.08,0.05,0.03,0.02,0.04,0.1,0.01,0.2,0.05,0.05,0.05,0.01,0.05,0.01,0.01,0.02,0.1,0.2,0.1,0.05,0.02,0.01,0.05,0.05,0.01,0.2,0.05,0.1,0.05,0.02,0.02,0.01,0.05,0.01,0.02,0.04,0.05,0.04,0.1,0.2,0.01,0.1,0.01,0.04,0.15,0.01,0.05,0.01,0.1,0.05,0.05
11:45:00,0.05,0.05,0.05,0.05,0.06,0.05,0.02,0.02,0.02,0.04,0.02,0.02,0.02,0.01,0.04,0.05,0.01,0.05,0.1,0.15,0.05,0.05,0.1,0.02,0.01,0.1,0.05,0.02,0.05,0.05,0.02,0.01,0.02,0.05,0.01,0.02,0.01,0.01,0.01,0.05,0.1,0.1,0.1,0.05,0.1,0.05,0.05,0.01,0.01,0.08,0.05,0.03,0.02,0.02,0.1,0.01,0.4,0.05,0.05,0.05,0.01,0.05,0.01,0.01,0.02,0.05,0.4,0.15,0.05,0.01,0.01,0.05,0.05,0.01,0.2,0.05,0.1,0.05,0.02,0.02,0.01,0.05,0.01,0.02,0.04,0.05,0.02,0.05,0.1,0.01,0.1,0.01,0.04,0.15,0.01,0.05,0.01,0.1,0.05,0.05
11:46:00,0.05,0.05,0.05,0.05,0.06,0.05,0.02,0.02,0.02,0.04,0.01,0.02,0.02,0.01,0.04,0.05,0.01,0.05,0.1,0.05,0.05,0.05,0.1,0.02,0.02,0.1,0.05,0.02,0.05,0.05,0.02,0.01,0.02,0.05,0.01,0.02,0.01,0.02,0.01,0.1,0.1,0.1,0.1,0.05,0.05,0.05,0.05,0.01,0.01,0.06,0.05,0.03,0.02,0.02,0.1,0.01,0.2,0.05,0.05,0.05,0.01,0.05,0.01,0.01,0.02,0.05,0.2,0.15,0.05,0.01,0.01,0.05,0.05,0.01,0.2,0.05,0.1,0.1,0.02,0.02,0.01,0.05,0.01,0.02,0.04,0.05,0.02,0.05,0.1,0.01,0.1,0.01,0.04,0.15,0.01,0.05,0.01,0.05,0.05,0.05
11:47:00,0.05,0.05,0.1,0.05,0.06,0.05,0.02,0.02,0.02,0.02,0.01,0.02,0.02,0.01,0.04,0.05,0.01,0.05,0.1,0.1,0.05,0.05,0.1,0.02,0.02,0.1,0.05,0.02,0.05,0.1,0.02,0.01,0.02,0.05,0.01,0.02,0.01,0.01,0.01,0.1,0.05,0.1,0.05,0.05,0.05,0.05,0.05,0.01,0.01,0.06,0.05,0.03,0.02,0.02,0.1,0.01,0.2,0.05,0.05,0.05,0.01,0.05,0.01,0.01,0.02,0.05,0.2,0.15,0.05,0.01,0.01,0.05,0.05,0.01,0.2,0.05,0.1,0.05,0.02,0.02,0.02,0.05,0.01,0.02,0.04,0.05,0.02,0.05,0.1,0.01,0.1,0.01,0.04,0.15,0.01,0.05,0.01,0.25,0.05,0.05
11:48:00,0.05,0.05,0.05,0.05,0.06,0.05,0.04,0.02,0.02,0.04,0.01,0.02,0.02,0.01,0.04,0.05,0.01,0.05,0.1,0.1,0.05,0.05,0.05,0.02,0.02,0.1,0.05,0.02,0.05,0.1,0.02,0.01,0.01,0.05,0.01,0.02,0.01,0.01,0.01,0.05,0.05,0.1,0.1,0.05,0.05,0.05,0.05,0.01,0.01,0.04,0.05,0.03,0.02,0.02,0.1,0.01,0.2,0.05,0.05,0.05,0.01,0.05,0.01,0.01,0.02,0.05,0.4,0.15,0.05,0.01,0.01,0.05,0.05,0.02,0.2,0.05,0.1,0.1,0.02,0.04,0.01,0.05,0.01,0.02,0.03,0.05,0.04,0.05,0.1,0.01,0.1,0.01,0.02,0.15,0.01,0.05,0.01,0.25,0.05,0.1
11:49:00,0.05,0.05,0.1,0.05,0.06,0.05,0.02,0.02,0.04,0.02,0.01,0.02,0.02,0.01,0.04,0.05,0.01,0.05,0.1,0.15,0.1,0.05,0.1,0.01,0.02,0.1,0.05,0.02,0.05,0.1,0.02,0.01,0.02,0.1,0.01,0.02,0.01,0.01,0.01,0.1,0.05,0.1,0.05,0.05,0.1,0.05,0.05,0.01,0.01,0.06,0.05,0.03,0.02,0.02,0.1,0.01,0.2,0.05,0.1,0.05,0.01,0.05,0.01,0.01,0.02,0.05,0.2,0.15,0.05,0.01,0.01,0.05,0.05,0.02,0.2,0.05,0.05,0.1,0.02,0.04,0.01,0.05,0.01,0.02,0.03,0.05,0.04,0.1,0.1,0.01,0.1,0.01,0.02,0.15,0.01,0.05,0.01,0.2,0.05,0.1
11:50:00,0.05,0.05,0.1,0.05,0.04,0.05,0.02,0.02,0.04,0.02,0.01,0.02,0.02,0.01,0.04,0.05,0.01,0.05,0.2,0.15,0.1,0.05,0.1,0.02,0.02,0.1,0.05,0.02,0.05,0.05,0.02,0.01,0.02,0.05,0.01,0.02,0.01,0.02,0.01,0.1,0.05,0.1,0.05,0.05,0.1,0.05,0.05,0.01,0.01,0.06,0.1,0.03,0.02,0.02,0.1,0.01,0.2,0.05,0.1,0.05,0.01,0.05,0.01,0.01,0.02,0.05,0.2,0.1,0.05,0.01,0.01,0.05,0.05,0.02,0.2,0.05,0.05,0.1,0.02,0.02,0.02,0.05,0.01,0.02,0.03,0.05,0.04,0.1,0.1,0.01,0.1,0.01,0.02,0.15,0.01,0.05,0.01,0.2,0.05,0.05
11:51:00,0.05,0.05,0.1,0.05,0.02,0.05,0.02,0.04,0.04,0.02,0.01,0.04,0.02,0.01,0.04,0.05,0.01,0.05,0.1,0.15,0.1,0.05,0.1,0.02,0.02,0.1,0.05,0.02,0.05,0.05,0.02,0.03,0.02,0.05,0.01,0.02,0.01,0.02,0.01,0.1,0.1,0.1,0.05,0.05,0.15,0.1,0.05,0.01,0.01,0.04,0.05,0.03,0.02,0.02,0.1,0.01,0.2,0.05,0.05,0.05,0.01,0.1,0.01,0.01,0.02,0.05,0.2,0.1,0.05,0.01,0.01,0.05,0.05,0.02,0.2,0.05,0.05,0.1,0.02,0.02,0.02,0.05,0.01,0.02,0.02,0.05,0.04,0.1,0.1,0.01,0.1,0.01,0.04,0.15,0.01,0.05,0.01,0.25,0.05,0.05
11:52:00,0.1,0.05,0.1,0.05,0.02,0.05,0.02,0.04,0.04,0.02,0.01,0.04,0.02,0.01,0.02,0.05,0.01,0.05,0.1,0.15,0.1,0.05,0.1,0.01,0.01,0.1,0.05,0.02,0.05,0.05,0.02,0.03,0.02,0.05,0.01,0.02,0.01,0.02,0.01,0.1,0.1,0.1,0.05,0.05,0.15,0.1,0.1,0.01,0.01,0.04,0.05,0.03,0.02,0.02,0.1,0.01,0.2,0.05,0.05,0.05,0.01,0.1,0.01,0.01,0.02,0.05,0.2,0.1,0.05,0.01,0.01,0.05,0.05,0.01,0.4,0.05,0.05,0.05,0.02,0.02,0.02,0.05,0.01,0.02,0.02,0.05,0.04,0.05,0.2,0.01,0.1,0.01,0.02,0.1,0.01,0.05,0.01,0.35,0.05,0.05
11:53:00,0.05,0.05,0.1,0.05,0.02,0.05,0.02,0.04,0.04,0.02,0.01,0.02,0.02,0.01,0.04,0.05,0.01,0.05,0.1,0.15,0.1,0.05,0.1,0.01,0.01,0.1,0.05,0.02,0.05,0.1,0.02,0.02,0.02,0.05,0.01,0.02,0.01,0.02,0.01,0.1,0.1,0.1,0.05,0.05,0.1,0.1,0.05,0.01,0.01,0.06,0.05,0.03,0.02,0.02,0.1,0.01,0.2,0.05,0.05,0.05,0.01,0.05,0.01,0.01,0.02,0.1,0.2,0.1,0.05,0.01,0.01,0.05,0.05,0.02,0.4,0.05,0.05,0.05,0.02,0.02,0.02,0.05,0.01,0.02,0.05,0.05,0.04,0.1,0.1,0.01,0.1,0.01,0.04,0.1,0.01,0.05,0.01,0.2,0.05,0.05
11:54:00,0.05,0.05,0.1,0.05,0.02,0.05,0.02,0.04,0.04,0.02,0.02,0.02,0.02,0.01,0.02,0.05,0.01,0.05,0.1,0.1,0.05,0.05,0.1,0.01,0.01,0.1,0.1,0.02,0.05,0.05,0.02,0.01,0.02,0.05,0.01,0.02,0.01,0.02,0.01,0.1,0.1,0.2,0.05,0.05,0.1,0.1,0.05,0.01,0.01,0.06,0.05,0.03,0.02,0.02,0.1,0.01,0.2,0.05,0.05,0.05,0.01,0.05,0.02,0.01,0.02,0.1,0.2,0.1,0.05,0.01,0.01,0.05,0.05,0.02,0.4,0.05,0.05,0.1,0.02,0.02,0.02,0.05,0.01,0.02,0.03,0.05,0.04,0.1,0.1,0.01,0.1,0.01,0.04,0.05,0.01,0.05,0.01,0.2,0.05,0.1
11:55:00,0.05,0.05,0.1,0.05,0.02,0.05,0.02,0.02,0.04,0.02,0.02,0.02,0.02,0.01,0.02,0.05,0.01,0.05,0.1,0.1,0.05,0.05,0.05,0.01,0.02,0.1,0.1,0.02,0.1,0.05,0.02,0.01,0.02,0.05,0.01,0.02,0.01,0.02,0.01,0.1,0.1,0.1,0.05,0.05,0.1,0.1,0.05,0.01,0.01,0.04,0.05,0.03,0.02,0.02,0.1,0.01,0.2,0.05,0.05,0.05,0.01,0.05,0.01,0.01,0.02,0.1,0.2,0.1,0.05,0.02,0.01,0.05,0.05,0.02,0.4,0.05,0.05,0.1,0.02,0.04,0.01,0.05,0.01,0.02,0.03,0.05,0.02,0.05,0.1,0.01,0.1,0.01,0.02,0.05,0.01,0.05,0.01,0.2,0.05,0.05
11:56:00,0.05,0.1,0.05,0.05,0.02,0.05,0.02,0.02,0.04,0.04,0.01,0.02,0.02,0.01,0.02,0.05,0.01,0.05,0.1,0.05,0.05,0.05,0.05,0.02,0.01,0.1,0.1,0.04,0.05,0.1,0.02,0.01,0.02,0.05,0.01,0.02,0.01,0.02,0.01,0.1,0.05,0.1,0.05,0.05,0.05,0.05,0.05,0.01,0.01,0.04,0.05,0.03,0.02,0.02,0.1,0.01,0.2,0.05,0.05,0.05,0.01,0.05,0.01,0.01,0.02,0.1,0.2,0.1,0.05,0.01,0.01,0.05,0.05,0.02,0.2,0.05,0.05,0.1,0.02,0.04,0.01,0.05,0.02,0.02,0.03,0.05,0.02,0.1,0.1,0.01,0.1,0.01,0.02,0.05,0.01,0.05,0.01,0.2,0.05,0.05
11:57:00,0.05,0.05,0.1,0.05,0.02,0.05,0.02,0.02,0.04,0.04,0.01,0.02,0.02,0.01,0.02,0.05,0.01,0.05,0.1,0.1,0.05,0.05,0.05,0.02,0.01,0.1,0.1,0.04,0.05,0.1,0.02,0.01,0.02,0.05,0.01,0.02,0.01,0.02,0.01,0.1,0.05,0.1,0.1,0.05,0.05,0.05,0.1,0.01,0.01,0.04,0.05,0.03,0.02,0.02,0.1,0.01,0.2,0.05,0.05,0.05,0.01,0.05,0.01,0.01,0.02,0.1,0.2,0.1,0.1,0.01,0.01,0.05,0.05,0.02,0.2,0.05,0.05,0.1,0.02,0.04,0.01,0.05,0.02,0.02,0.03,0.05,0.02,0.1,0.1,0.01,0.1,0.01,0.02,0.05,0.01,0.05,0.01,0.2,0.05,0.05
11:58:00,0.05,0.05,0.1,0.05,0.02,0.05,0.02,0.02,0.04,0.02,0.01,0.02,0.02,0.01,0.02,0.05,0.01,0.05,0.2,0.2,0.05,0.05,0.05,0.02,0.01,0.1,0.1,0.04,0.05,0.05,0.02,0.01,0.02,0.1,0.01,0.02,0.01,0.02,0.01,0.05,0.05,0.1,0.05,0.05,0.05,0.05,0.1,0.01,0.01,0.04,0.05,0.03,0.02,0.02,0.1,0.01,0.2,0.05,0.05,0.05,0.01,0.05,0.01,0.01,0.02,0.1,0.2,0.1,0.1,0.02,0.01,0.05,0.05,0.02,0.2,0.05,0.05,0.05,0.02,0.02,0.01,0.05,0.02,0.02,0.03,0.05,0.04,0.05,0.1,0.01,0.1,0.01,0.02,0.15,0.01,0.05,0.01,0.35,0.05,0.1
11:59:00,0.05,0.1,0.05,0.05,0.02,0.05,0.02,0.02,0.04,0.02,0.01,0.02,0.02,0.01,0.02,0.05,0.01,0.1,0.3,0.1,0.05,0.05,0.05,0.02,0.01,0.2,0.1,0.04,0.05,0.05,0.02,0.01,0.02,0.05,0.01,0.02,0.01,0.02,0.01,0.05,0.1,0.1,0.1,0.05,0.05,0.05,0.05,0.01,0.01,0.02,0.05,0.03,0.02,0.02,0.1,0.01,0.2,0.05,0.05,0.05,0.01,0.05,0.01,0.01,0.02,0.1,0.2,0.1,0.1,0.02,0.01,0.05,0.05,0.02,0.2,0.05,0.05,0.05,0.02,0.02,0.01,0.05,0.02,0.02,0.03,0.05,0.02,0.05,0.1,0.01,0.1,0.01,0.06,0.15,0.01,0.1,0.01,0.35,0.05,0.05
12:00:00,0.05,0.1,0.05,0.05,0.02,0.05,0.02,0.02,0.02,0.02,0.01,0.02,0.02,0.01,0.04,0.05,0.01,0.05,0.1,0.15,0.05,0.05,0.05,0.01,0.01,0.1,0.1,0.04,0.05,0.05,0.02,0.01,0.02,0.05,0.01,0.02,0.01,0.02,0.01,0.05,0.1,0.1,0.1,0.05,0.05,0.05,0.05,0.01,0.01,0.02,0.05,0.03,0.02,0.02,0.1,0.01,0.2,0.05,0.05,0.05,0.01,0.05,0.02,0.01,0.02,0.1,0.2,0.1,0.1,0.01,0.01,0.05,0.05,0.02,0.2,0.05,0.05,0.05,0.02,0.02,0.02,0.05,0.02,0.02,0.04,0.05,0.04,0.05,0.2,0.01,0.2,0.01,0.04,0.1,0.01,0.1,0.01,0.35,0.05,0.05
13:01:00,0.05,0.1,0.05,0.05,0.05,0.15,0.02,0.02,0.02,0.02,0.01,0.02,0.06,0.01,0.04,0.1,0.02,0.1,0.2,0.05,0.05,0.1,0.05,0.01,0.02,0.1,0.05,0.04,0.1,0.1,0.02,0.02,0.01,0.05,0.01,0.02,0.01,0.03,0.02,0.05,0.35,0.2,0.1,0.1,0.15,0.05,0.1,0.01,0.01,0.08,0.05,0.01,0.02,0.04,0.1,0.01,0.8,0.1,0.1,0.05,0.01,0.05,0.01,0.01,0.06,0.1,0.4,0.15,0.05,0.01,0.02,0.05,0.05,0.01,0.4,0.05,0.1,0.1,0.02,0.06,0.01,0.05,0.01,0.02,0.05,0.05,0.04,0.1,0.3,0.01,0.1,0.01,0.1,0.2,0.02,0.05,0.01,0.2,0.1,0.15
13:02:00,0.05,0.05,0.05,0.05,0.05,0.1,0.04,0.02,0.02,0.02,0.01,0.02,0.02,0.01,0.04,0.05,0.03,0.1,0.1,0.15,0.05,0.05,0.05,0.01,0.01,0.1,0.05,0.02,0.05,0.1,0.02,0.01,0.01,0.05,0.01,0.02,0.01,0.01,0.01,0.05,0.1,0.1,0.05,0.05,0.05,0.05,0.15,0.01,0.01,0.1,0.05,0.05,0.02,0.02,0.1,0.01,0.4,0.05,0.1,0.05,0.01,0.1,0.01,0.01,0.06,0.05,0.2,0.1,0.05,0.02,0.01,0.05,0.05,0.02,0.4,0.1,0.1,0.05,0.02,0.04,0.01,0.05,0.01,0.02,0.05,0.15,0.04,0.1,0.3,0.01,0.2,0.02,0.04,0.15,0.01,0.05,0.01,0.15,0.05,0.1
13:03:00,0.05,0.05,0.05,0.05,0.05,0.05,0.02,0.02,0.02,0.04,0.02,0.02,0.02,0.01,0.04,0.1,0.03,0.1,0.2,0.05,0.05,0.05,0.05,0.01,0.01,0.1,0.1,0.02,0.1,0.1,0.02,0.01,0.01,0.05,0.01,0.02,0.01,0.02,0.01,0.05,0.2,0.3,0.05,0.05,0.05,0.05,0.2,0.01,0.01,0.02,0.05,0.05,0.02,0.02,0.2,0.01,0.4,0.05,0.05,0.05,0.01,0.05,0.01,0.01,0.02,0.05,0.2,0.05,0.05,0.01,0.01,0.05,0.05,0.01,0.6,0.05,0.05,0.05,0.02,0.04,0.01,0.05,0.01,0.02,0.05,0.05,0.04,0.05,0.2,0.01,0.2,0.01,0.04,0.2,0.02,0.05,0.01,0.2,0.05,0.05
13:04:00,0.05,0.05,0.05,0.05,0.05,0.1,0.02,0.02,0.02,0.02,0.01,0.02,0.02,0.01,0.02,0.1,0.02,0.1,0.4,0.05,0.1,0.05,0.05,0.02,0.03,0.1,0.05,0.04,0.1,0.1,0.02,0.01,0.01,0.05,0.01,0.04,0.01,0.02,0.01,0.1,0.1,0.1,0.05,0.05,0.05,0.05,0.05,0.01,0.01,0.04,0.05,0.03,0.02,0.02,0.2,0.01,0.2,0.05,0.1,0.05,0.01,0.1,0.01,0.01,0.02,0.05,0.2,0.1,0.05,0.01,0.01,0.05,0.05,0.01,0.2,0.05,0.05,0.05,0.02,0.06,0.01,0.05,0.01,0.02,0.01,0.15,0.02,0.05,0.3,0.01,0.2,0.01,0.06,0.15,0.02,0.05,0.01,0.2,0.05,0.1
13:05:00,0.1,0.05,0.05,0.05,0.05,0.05,0.02,0.04,0.02,0.02,0.01,0.02,0.02,0.01,0.04,0.05,0.02,0.05,0.4,0.05,0.1,0.05,0.05,0.01,0.02,0.1,0.05,0.02,0.05,0.05,0.02,0.01,0.01,0.05,0.01,0.04,0.01,0.01,0.01,0.1,0.25,0.2,0.05,0.1,0.05,0.05,0.1,0.01,0.02,0.04,0.05,0.03,0.02,0.04,0.1,0.01,0.2,0.1,0.05,0.1,0.01,0.1,0.01,0.02,0.02,0.05,0.2,0.1,0.05,0.01,0.01,0.1,0.05,0.01,0.6,0.05,0.1,0.05,0.02,0.04,0.01,0.05,0.02,0.02,0.03,0.1,0.02,0.05,0.1,0.01,0.1,0.01,0.06,0.1,0.02,0.05,0.01,0.05,0.05,0.1
13:06:00,0.05,0.1,0.05,0.05,0.05,0.05,0.02,0.02,0.04,0.02,0.01,0.02,0.04,0.01,0.06,0.1,0.03,0.05,0.3,0.1,0.1,0.05,0.1,0.01,0.01,0.1,0.05,0.02,0.1,0.05,0.02,0.01,0.02,0.05,0.01,0.02,0.01,0.01,0.01,0.15,0.2,0.1,0.05,0.1,0.05,0.05,0.1,0.01,0.01,0.02,0.05,0.03,0.02,0.02,0.2,0.01,0.2,0.05,0.05,0.05,0.01,0.05,0.01,0.01,0.02,0.05,0.4,0.1,0.1,0.02,0.01,0.1,0.05,0.01,0.2,0.05,0.15,0.05,0.04,0.04,0.01,0.05,0.02,0.02,0.02,0.15,0.04,0.1,0.1,0.01,0.1,0.02,0.04,0.05,0.01,0.05,0.01,0.2,0.05,0.05
13:07:00,0.1,0.05,0.05,0.05,0.05,0.05,0.04,0.04,0.02,0.02,0.01,0.02,0.02,0.01,0.02,0.05,0.02,0.05,0.2,0.1,0.05,0.05,0.05,0.01,0.02,0.2,0.05,0.02,0.1,0.05,0.02,0.01,0.01,0.05,0.01,0.02,0.01,0.01,0.01,0.1,0.25,0.2,0.05,0.05,0.1,0.05,0.15,0.01,0.01,0.04,0.05,0.03,0.02,0.02,0.2,0.01,0.2,0.05,0.05,0.05,0.01,0.1,0.02,0.01,0.02,0.05,0.2,0.1,0.05,0.02,0.01,0.05,0.05,0.02,0.4,0.05,0.1,0.05,0.02,0.04,0.01,0.05,0.01,0.02,0.02,0.1,0.02,0.1,0.1,0.01,0.1,0.01,0.02,0.25,0.01,0.05,0.01,0.2,0.05,0.1
13:08:00,0.05,0.05,0.05,0.05,0.05,0.05,0.02,0.02,0.02,0.04,0.01,0.02,0.02,0.01,0.04,0.05,0.02,0.05,0.2,0.05,0.1,0.05,0.05,0.02,0.01,0.1,0.05,0.04,0.15,0.05,0.02,0.01,0.01,0.05,0.01,0.02,0.01,0.02,0.01,0.05,0.05,0.2,0.05,0.05,0.1,0.05,0.05,0.01,0.01,0.02,0.05,0.03,0.02,0.02,0.1,0.01,0.2,0.05,0.1,0.1,0.01,0.05,0.02,0.01,0.02,0.05,0.2,0.1,0.05,0.02,0.01,0.05,0.05,0.01,0.4,0.1,0.1,0.1,0.04,0.04,0.01,0.05,0.01,0.02,0.02,0.05,0.02,0.1,0.3,0.01,0.1,0.01,0.04,0.25,0.01,0.05,0.01,0.2,0.05,0.05
13:09:00,0.1,0.05,0.05,0.05,0.05,0.05,0.02,0.02,0.02,0.02,0.01,0.02,0.02,0.01,0.02,0.05,0.03,0.05,0.1,0.1,0.1,0.05,0.05,0.01,0.01,0.1,0.05,0.04,0.1,0.05,0.02,0.01,0.02,0.05,0.01,0.02,0.01,0.01,0.01,0.05,0.1,0.1,0.05,0.1,0.05,0.05,0.05,0.01,0.01,0.02,0.05,0.02,0.02,0.02,0.2,0.01,0.4,0.05,0.05,0.1,0.01,0.05,0.02,0.01,0.02,0.1,0.4,0.1,0.05,0.01,0.01,0.05,0.05,0.02,0.4,0.05,0.05,0.1,0.02,0.04,0.01,0.05,0.01,0.02,0.04,0.05,0.02,0.1,0.2,0.01,0.1,0.01,0.04,0.15,0.01,0.05,0.01,0.2,0.05,0.05
13:10:00,0.05,0.1,0.05,0.05,0.05,0.05,0.02,0.02,0.04,0.02,0.02,0.02,0.02,0.01,0.02,0.1,0.02,0.05,0.4,0.05,0.1,0.05,0.1,0.01,0.01,0.1,0.05,0.04,0.15,0.05,0.02,0.01,0.01,0.05,0.01,0.02,0.01,0.01,0.01,0.05,0.15,0.1,0.05,0.05,0.05,0.05,0.1,0.01,0.01,0.06,0.05,0.02,0.02,0.04,0.2,0.01,0.2,0.05,0.05,0.05,0.01,0.05,0.02,0.01,0.02,0.1,0.2,0.1,0.05,0.02,0.01,0.1,0.05,0.01,0.2,0.05,0.05,0.1,0.02,0.04,0.01,0.05,0.01,0.02,0.05,0.2,0.02,0.05,0.2,0.02,0.1,0.01,0.06,0.15,0.01,0.05,0.01,0.15,0.05,0.05
13:11:00,0.1,0.05,0.05,0.05,0.05,0.05,0.02,0.02,0.02,0.04,0.01,0.02,0.02,0.01,0.02,0.05,0.02,0.05,0.6,0.05,0.1,0.05,0.1,0.01,0.02,0.1,0.05,0.02,0.1,0.05,0.02,0.01,0.01,0.05,0.01,0.02,0.01,0.01,0.02,0.15,0.1,0.1,0.05,0.1,0.05,0.05,0.1,0.01,0.01,0.06,0.05,0.02,0.04,0.02,0.1,0.01,0.2,0.05,0.1,0.05,0.01,0.05,0.02,0.01,0.02,0.05,0.2,0.05,0.1,0.01,0.02,0.05,0.05,0.01,0.2,0.05,0.1,0.1,0.02,0.04,0.01,0.05,0.01,0.02,0.05,0.05,0.02,0.05,0.3,0.01,0.1,0.01,0.06,0.15,0.01,0.05,0.01,0.15,0.05,0.05
13:12:00,0.1,0.1,0.05,0.05,0.05,0.1,0.02,0.02,0.02,0.02,0.01,0.02,0.04,0.01,0.02,0.05,0.02,0.05,0.6,0.05,0.1,0.05,0.1,0.01,0.01,0.1,0.05,0.02,0.15,0.05,0.02,0.01,0.01,0.05,0.01,0.02,0.01,0.02,0.01,0.15,0.05,0.1,0.05,0.1,0.05,0.05,0.05,0.01,0.01,0.06,0.05,0.02,0.04,0.04,0.1,0.01,0.4,0.05,0.1,0.05,0.01,0.05,0.02,0.01,0.02,0.05,0.2,0.1,0.1,0.01,0.01,0.05,0.05,0.01,0.2,0.1,0.1,0.1,0.04,0.04,0.01,0.05,0.01,0.02,0.05,0.05,0.02,0.05,0.1,0.01,0.1,0.02,0.04,0.15,0.01,0.05,0.01,0.15,0.05,0.05
13:13:00,0.05,0.1,0.05,0.05,0.05,0.1,0.02,0.02,0.02,0.02,0.01,0.02,0.02,0.01,0.02,0.05,0.01,0.05,0.4,0.05,0.1,0.05,0.05,0.01,0.01,0.2,0.05,0.02,0.1,0.1,0.02,0.01,0.02,0.05,0.01,0.02,0.01,0.02,0.01,0.15,0.05,0.1,0.05,0.1,0.05,0.05,0.05,0.01,0.01,0.04,0.05,0.02,0.04,0.02,0.1,0.01,0.2,0.05,0.1,0.05,0.01,0.05,0.02,0.01,0.02,0.05,0.2,0.1,0.1,0.01,0.02,0.1,0.05,0.01,0.2,0.05,0.05,0.1,0.02,0.04,0.01,0.05,0.01,0.02,0.02,0.15,0.04,0.05,0.1,0.01,0.1,0.02,0.04,0.25,0.01,0.05,0.01,0.15,0.05,0.05
13:14:00,0.05,0.1,0.05,0.05,0.05,0.05,0.02,0.02,0.02,0.02,0.01,0.02,0.02,0.01,0.02,0.05,0.01,0.05,0.4,0.1,0.1,0.05,0.05,0.01,0.01,0.1,0.05,0.02,0.1,0.05,0.02,0.01,0.01,0.05,0.01,0.02,0.01,0.01,0.01,0.1,0.05,0.1,0.05,0.1,0.05,0.1,0.05,0.01,0.01,0.06,0.05,0.02,0.04,0.02,0.1,0.01,0.2,0.05,0.1,0.05,0.01,0.05,0.02,0.01,0.02,0.05,0.2,0.05,0.05,0.01,0.01,0.05,0.05,0.01,0.2,0.05,0.05,0.05,0.02,0.04,0.01,0.05,0.01,0.02,0.02,0.05,0.04,0.05,0.2,0.01,0.1,0.01,0.06,0.1,0.01,0.05,0.01,0.1,0.05,0.05
13:15:00,0.05,0.1,0.05,0.05,0.05,0.05,0.02,0.02,0.04,0.02,0.01,0.02,0.02,0.01,0.04,0.05,0.01,0.05,0.4,0.05,0.1,0.05,0.05,0.02,0.01,0.1,0.05,0.04,0.15,0.05,0.02,0.01,0.01,0.05,0.01,0.02,0.01,0.01,0.01,0.05,0.1,0.1,0.05,0.1,0.1,0.1,0.05,0.01,0.01,0.04,0.05,0.02,0.02,0.02,0.1,0.01,0.2,0.05,0.1,0.05,0.01,0.05,0.03,0.01,0.02,0.05,0.2,0.1,0.05,0.01,0.01,0.05,0.05,0.01,0.4,0.05,0.05,0.05,0.02,0.02,0.01,0.05,0.01,0.02,0.02,0.1,0.06,0.05,0.2,0.01,0.1,0.01,0.04,0.1,0.01,0.05,0.01,0.1,0.05,0.05
13:16:00,0.05,0.05,0.05,0.05,0.1,0.1,0.02,0.02,0.02,0.02,0.01,0.02,0.02,0.01,0.04,0.1,0.01,0.05,0.4,0.05,0.1,0.05,0.05,0.01,0.01,0.2,0.05,0.04,0.1,0.05,0.04,0.01,0.01,0.05,0.02,0.02,0.01,0.02,0.01,0.05,0.05,0.1,0.05,0.05,0.05,0.1,0.1,0.01,0.01,0.04,0.05,0.02,0.02,0.02,0.2,0.01,0.4,0.1,0.05,0.05,0.01,0.05,0.01,0.02,0.02,0.05,0.2,0.1,0.05,0.02,0.01,0.05,0.05,0.01,0.4,0.05,0.1,0.05,0.02,0.04,0.01,0.05,0.01,0.02,0.02,0.05,0.04,0.05,0.2,0.01,0.1,0.01,0.02,0.05,0.01,0.05,0.01,0.1,0.05,0.05
13:17:00,0.1,0.05,0.05,0.05,0.05,0.05,0.02,0.02,0.02,0.04,0.02,0.04,0.02,0.01,0.04,0.05,0.01,0.05,0.3,0.05,0.1,0.1,0.1,0.01,0.01,0.2,0.05,0.04,0.15,0.05,0.02,0.01,0.01,0.05,0.02,0.02,0.02,0.02,0.01,0.05,0.1,0.2,0.05,0.05,0.05,0.05,0.05,0.01,0.01,0.08,0.05,0.02,0.02,0.02,0.2,0.01,0.2,0.1,0.05,0.05,0.01,0.1,0.01,0.01,0.02,0.05,0.4,0.1,0.05,0.02,0.01,0.05,0.05,0.01,0.6,0.05,0.1,0.05,0.02,0.04,0.01,0.05,0.01,0.04,0.02,0.05,0.04,0.05,0.1,0.01,0.2,0.02,0.04,0.2,0.01,0.05,0.01,0.1,0.05,0.05
13:18:00,0.05,0.1,0.05,0.05,0.05,0.05,0.02,0.02,0.02,0.02,0.01,0.02,0.02,0.01,0.06,0.05,0.01,0.05,0.3,0.1,0.1,0.1,0.1,0.01,0.01,0.1,0.05,0.04,0.05,0.05,0.02,0.01,0.01,0.05,0.02,0.02,0.01,0.01,0.01,0.15,0.1,0.2,0.05,0.1,0.1,0.05,0.05,0.01,0.01,0.08,0.05,0.03,0.02,0.02,0.1,0.01,0.2,0.1,0.1,0.05,0.01,0.05,0.01,0.02,0.02,0.05,0.2,0.1,0.05,0.01,0.01,0.05,0.05,0.02,0.2,0.05,0.1,0.05,0.02,0.04,0.01,0.05,0.01,0.02,0.01,0.05,0.06,0.1,0.2,0.01,0.1,0.02,0.04,0.2,0.02,0.05,0.01,0.1,0.05,0.05
13:19:00,0.05,0.1,0.05,0.05,0.05,0.05,0.02,0.02,0.02,0.02,0.01,0.02,0.02,0.01,0.04,0.05,0.01,0.05,0.3,0.05,0.1,0.05,0.1,0.01,0.01,0.1,0.05,0.04,0.05,0.1,0.02,0.01,0.02,0.05,0.02,0.02,0.01,0.01,0.01,0.1,0.05,0.1,0.05,0.1,0.1,0.05,0.05,0.01,0.01,0.08,0.05,0.03,0.02,0.02,0.1,0.01,0.2,0.1,0.05,0.1,0.01,0.05,0.01,0.02,0.02,0.05,0.2,0.1,0.05,0.01,0.01,0.05,0.05,0.02,0.2,0.05,0.1,0.05,0.02,0.04,0.01,0.05,0.01,0.02,0.03,0.1,0.08,0.05,0.3,0.01,0.1,0.01,0.04,0.2,0.01,0.05,0.01,0.05,0.05,0.05
13:20:00,0.05,0.1,0.05,0.05,0.05,0.1,0.02,0.02,0.02,0.04,0.01,0.02,0.02,0.01,0.06,0.05,0.01,0.05,0.1,0.05,0.1,0.05,0.05,0.02,0.01,0.1,0.05,0.06,0.1,0.1,0.02,0.01,0.02,0.05,0.02,0.04,0.01,0.02,0.01,0.1,0.05,0.1,0.1,0.1,0.05,0.05,0.05,0.01,0.01,0.08,0.05,0.03,0.02,0.06,0.1,0.01,0.4,0.1,0.1,0.05,0.01,0.05,0.01,0.02,0.02,0.05,0.2,0.1,0.05,0.02,0.01,0.05,0.05,0.01,0.4,0.1,0.05,0.1,0.02,0.04,0.01,0.05,0.01,0.02,0.04,0.1,0.04,0.05,0.2,0.01,0.1,0.01,0.06,0.05,0.01,0.05,0.01,0.15,0.05,0.1
13:21:00,0.05,0.1,0.05,0.05,0.05,0.05,0.02,0.02,0.02,0.02,0.01,0.02,0.02,0.01,0.04,0.05,0.01,0.05,0.1,0.05,0.1,0.05,0.05,0.01,0.01,0.1,0.05,0.06,0.05,0.05,0.02,0.01,0.02,0.05,0.02,0.02,0.01,0.02,0.01,0.1,0.05,0.1,0.1,0.1,0.05,0.05,0.05,0.01,0.01,0.06,0.05,0.03,0.02,0.02,0.1,0.01,0.2,0.1,0.1,0.05,0.01,0.05,0.01,0.01,0.02,0.05,0.2,0.1,0.05,0.02,0.01,0.05,0.05,0.02,0.2,0.1,0.05,0.05,0.02,0.04,0.02,0.05,0.02,0.02,0.04,0.05,0.02,0.05,0.1,0.01,0.1,0.02,0.04,0.1,0.01,0.05,0.01,0.1,0.05,0.05
13:22:00,0.05,0.1,0.05,0.05,0.05,0.05,0.02,0.02,0.02,0.02,0.01,0.02,0.02,0.01,0.04,0.05,0.01,0.05,0.1,0.05,0.1,0.05,0.05,0.01,0.01,0.1,0.05,0.02,0.1,0.1,0.02,0.01,0.01,0.05,0.02,0.02,0.01,0.02,0.01,0.05,0.05,0.1,0.05,0.1,0.1,0.05,0.05,0.01,0.01,0.06,0.05,0.03,0.02,0.02,0.1,0.01,0.4,0.1,0.1,0.05,0.01,0.05,0.01,0.01,0.02,0.05,0.2,0.1,0.05,0.01,0.01,0.05,0.05,0.01,0.2,0.05,0.05,0.05,0.02,0.04,0.01,0.05,0.02,0.02,0.04,0.05,0.04,0.05,0.1,0.01,0.1,0.01,0.04,0.15,0.01,0.05,0.01,0.05,0.05,0.05
13:23:00,0.05,0.05,0.05,0.05,0.05,0.05,0.02,0.02,0.02,0.02,0.01,0.02,0.02,0.01,0.04,0.05,0.02,0.05,0.1,0.05,0.1,0.05,0.05,0.01,0.01,0.1,0.05,0.04,0.15,0.1,0.04,0.01,0.02,0.05,0.02,0.02,0.01,0.02,0.01,0.1,0.05,0.1,0.05,0.1,0.05,0.05,0.1,0.01,0.01,0.08,0.05,0.01,0.04,0.02,0.1,0.01,0.2,0.1,0.05,0.1,0.01,0.05,0.01,0.02,0.02,0.05,0.2,0.15,0.05,0.01,0.01,0.05,0.05,0.01,0.2,0.1,0.05,0.05,0.02,0.04,0.02,0.05,0.02,0.02,0.01,0.05,0.02,0.1,0.1,0.01,0.1,0.01,0.04,0.1,0.01,0.05,0.01,0.05,0.05,0.05
13:24:00,0.05,0.05,0.05,0.05,0.05,0.05,0.02,0.02,0.02,0.04,0.01,0.02,0.02,0.01,0.04,0.05,0.01,0.05,0.1,0.05,0.05,0.05,0.05,0.01,0.01,0.1,0.1,0.02,0.1,0.05,0.02,0.01,0.02,0.05,0.02,0.02,0.01,0.02,0.01,0.05,0.05,0.2,0.1,0.1,0.05,0.05,0.05,0.01,0.01,0.08,0.05,0.02,0.04,0.02,0.2,0.01,0.2,0.05,0.1,0.1,0.01,0.05,0.01,0.01,0.02,0.05,0.2,0.1,0.1,0.01,0.01,0.05,0.05,0.01,0.4,0.05,0.05,0.1,0.02,0.02,0.02,0.05,0.02,0.02,0.02,0.05,0.02,0.1,0.2,0.01,0.1,0.01,0.04,0.05,0.01,0.05,0.01,0.05,0.05,0.05
13:25:00,0.05,0.05,0.05,0.05,0.05,0.05,0.02,0.02,0.02,0.04,0.01,0.02,0.02,0.01,0.04,0.05,0.01,0.05,0.3,0.05,0.05,0.05,0.05,0.01,0.01,0.1,0.1,0.02,0.05,0.1,0.02,0.01,0.02,0.05,0.01,0.02,0.01,0.02,0.01,0.15,0.1,0.1,0.1,0.1,0.05,0.05,0.1,0.01,0.01,0.04,0.05,0.02,0.04,0.04,0.1,0.01,0.2,0.05,0.05,0.1,0.01,0.05,0.01,0.01,0.02,0.05,0.2,0.05,0.05,0.01,0.01,0.05,0.05,0.01,0.2,0.05,0.05,0.05,0.02,0.02,0.01,0.05,0.02,0.02,0.02,0.05,0.02,0.1,0.1,0.01,0.1,0.01,0.02,0.15,0.01,0.05,0.01,0.05,0.05,0.05
13:26:00,0.05,0.05,0.05,0.05,0.05,0.05,0.02,0.04,0.02,0.04,0.01,0.02,0.04,0.01,0.04,0.05,0.02,0.05,0.3,0.05,0.05,0.05,0.05,0.01,0.01,0.2,0.15,0.04,0.1,0.1,0.02,0.01,0.02,0.05,0.01,0.02,0.01,0.02,0.01,0.1,0.05,0.1,0.1,0.05,0.05,0.05,0.1,0.01,0.01,0.02,0.05,0.02,0.04,0.02,0.2,0.01,0.2,0.05,0.05,0.1,0.01,0.05,0.01,0.01,0.02,0.05,0.2,0.1,0.05,0.02,0.01,0.05,0.05,0.01,0.2,0.05,0.05,0.05,0.02,0.02,0.02,0.05,0.02,0.04,0.03,0.05,0.02,0.05,0.1,0.01,0.1,0.02,0.02,0.1,0.01,0.05,0.01,0.05,0.05,0.1
13:27:00,0.05,0.05,0.05,0.05,0.05,0.05,0.02,0.04,0.02,0.02,0.01,0.02,0.02,0.01,0.04,0.05,0.02,0.05,0.3,0.05,0.05,0.05,0.05,0.01,0.01,0.1,0.05,0.04,0.05,0.05,0.02,0.01,0.02,0.05,0.01,0.02,0.01,0.01,0.01,0.05,0.15,0.2,0.1,0.05,0.05,0.05,0.1,0.01,0.01,0.04,0.05,0.02,0.04,0.02,0.1,0.01,0.2,0.05,0.05,0.1,0.01,0.05,0.01,0.01,0.02,0.05,0.2,0.1,0.05,0.02,0.01,0.05,0.05,0.01,0.4,0.05,0.05,0.05,0.02,0.02,0.01,0.05,0.01,0.04,0.01,0.05,0.04,0.05,0.1,0.01,0.1,0.02,0.02,0.1,0.01,0.05,0.01,0.05,0.05,0.05
13:28:00,0.05,0.1,0.05,0.05,0.05,0.05,0.02,0.04,0.02,0.04,0.01,0.02,0.02,0.01,0.06,0.05,0.01,0.1,0.3,0.05,0.05,0.05,0.1,0.01,0.02,0.1,0.05,0.02,0.1,0.05,0.02,0.01,0.02,0.05,0.01,0.04,0.01,0.01,0.01,0.05,0.1,0.1,0.05,0.05,0.05,0.05,0.1,0.01,0.01,0.04,0.1,0.03,0.02,0.02,0.1,0.01,0.2,0.05,0.05,0.1,0.01,0.05,0.01,0.01,0.02,0.05,0.2,0.1,0.05,0.01,0.01,0.05,0.05,0.02,0.2,0.05,0.05,0.05,0.02,0.02,0.02,0.05,0.01,0.02,0.03,0.05,0.04,0.05,0.1,0.01,0.1,0.01,0.02,0.15,0.01,0.05,0.01,0.1,0.05,0.05
13:29:00,0.05,0.1,0.1,0.05,0.05,0.05,0.02,0.04,0.02,0.02,0.01,0.02,0.02,0.01,0.06,0.1,0.01,0.05,0.1,0.1,0.05,0.05,0.05,0.01,0.02,0.1,0.05,0.02,0.05,0.1,0.04,0.01,0.02,0.1,0.01,0.02,0.01,0.01,0.01,0.05,0.1,0.1,0.1,0.05,0.05,0.05,0.1,0.01,0.01,0.04,0.05,0.02,0.02,0.02,0.1,0.01,0.2,0.05,0.05,0.1,0.01,0.05,0.01,0.01,0.02,0.05,0.2,0.15,0.05,0.01,0.01,0.05,0.05,0.01,0.2,0.05,0.05,0.05,0.02,0.04,0.02,0.1,0.01,0.02,0.01,0.05,0.02,0.05,0.2,0.01,0.1,0.02,0.02,0.1,0.01,0.05,0.01,0.1,0.05,0.05
13:30:00,0.05,0.1,0.05,0.05,0.05,0.05,0.02,0.02,0.02,0.02,0.01,0.02,0.02,0.01,0.04,0.05,0.01,0.1,0.1,0.1,0.05,0.05,0.05,0.01,0.01,0.1,0.05,0.02,0.1,0.1,0.02,0.01,0.01,0.05,0.01,0.02,0.01,0.02,0.01,0.1,0.05,0.2,0.05,0.05,0.05,0.05,0.1,0.01,0.01,0.02,0.05,0.02,0.02,0.02,0.1,0.01,0.2,0.05,0.05,0.1,0.01,0.05,0.01,0.01,0.02,0.05,0.4,0.1,0.05,0.01,0.01,0.05,0.05,0.01,0.2,0.05,0.05,0.05,0.02,0.02,0.02,0.05,0.01,0.02,0.02,0.1,0.04,0.05,0.1,0.01,0.1,0.02,0.02,0.1,0.02,0.05,0.01,0.1,0.05,0.05
13:31:00,0.05,0.05,0.05,0.05,0.05,0.05,0.02,0.02,0.02,0.02,0.01,0.02,0.04,0.01,0.02,0.1,0.01,0.05,0.1,0.1,0.05,0.05,0.1,0.01,0.01,0.1,0.05,0.02,0.05,0.05,0.02,0.01,0.01,0.05,0.01,0.02,0.01,0.01,0.01,0.1,0.05,0.2,0.05,0.05,0.05,0.05,0.15,0.01,0.01,0.04,0.05,0.02,0.02,0.02,0.1,0.01,0.2,0.05,0.05,0.1,0.01,0.05,0.01,0.01,0.02,0.05,0.2,0.15,0.05,0.01,0.01,0.05,0.05,0.01,0.2,0.05,0.05,0.05,0.02,0.02,0.01,0.05,0.01,0.02,0.02,0.1,0.04,0.05,0.1,0.01,0.1,0.01,0.04,0.15,0.01,0.05,0.01,0.1,0.1,0.05
13:32:00,0.05,0.05,0.05,0.05,0.05,0.05,0.02,0.04,0.04,0.02,0.01,0.02,0.02,0.01,0.02,0.1,0.01,0.1,0.1,0.05,0.05,0.05,0.05,0.01,0.01,0.1,0.05,0.02,0.1,0.05,0.02,0.01,0.02,0.05,0.01,0.02,0.01,0.02,0.01,0.1,0.05,0.2,0.05,0.05,0.05,0.05,0.1,0.01,0.01,0.04,0.05,0.02,0.02,0.02,0.1,0.01,0.4,0.05,0.05,0.1,0.01,0.05,0.01,0.01,0.02,0.05,0.4,0.15,0.05,0.01,0.01,0.05,0.05,0.01,0.2,0.05,0.05,0.05,0.04,0.02,0.01,0.05,0.01,0.02,0.01,0.05,0.04,0.05,0.2,0.01,0.1,0.01,0.02,0.15,0.01,0.1,0.01,0.1,0.1,0.1
13:33:00,0.1,0.05,0.05,0.05,0.05,0.05,0.02,0.02,0.04,0.02,0.01,0.02,0.02,0.01,0.04,0.1,0.01,0.05,0.1,0.05,0.05,0.1,0.05,0.01,0.01,0.1,0.05,0.02,0.1,0.05,0.02,0.01,0.01,0.05,0.01,0.02,0.01,0.02,0.01,0.1,0.05,0.2,0.1,0.05,0.05,0.05,0.05,0.01,0.01,0.02,0.05,0.02,0.02,0.02,0.1,0.01,0.2,0.05,0.1,0.05,0.01,0.05,0.01,0.01,0.02,0.05,0.2,0.15,0.05,0.01,0.01,0.05,0.05,0.01,0.2,0.05,0.05,0.05,0.04,0.02,0.01,0.05,0.01,0.02,0.03,0.05,0.04,0.05,0.2,0.01,0.1,0.01,0.02,0.15,0.01,0.05,0.01,0.1,0.05,0.05
13:34:00,0.1,0.1,0.05,0.05,0.05,0.1,0.02,0.02,0.04,0.04,0.01,0.02,0.02,0.01,0.06,0.05,0.02,0.05,0.1,0.05,0.05,0.1,0.1,0.01,0.01,0.2,0.05,0.02,0.05,0.1,0.02,0.01,0.02,0.05,0.01,0.02,0.01,0.02,0.01,0.1,0.05,0.2,0.05,0.1,0.05,0.05,0.05,0.01,0.01,0.04,0.05,0.02,0.02,0.02,0.2,0.01,0.4,0.05,0.05,0.05,0.01,0.05,0.01,0.01,0.02,0.05,0.2,0.1,0.05,0.02,0.01,0.05,0.05,0.01,0.2,0.05,0.05,0.1,0.04,0.02,0.01,0.05,0.01,0.02,0.03,0.1,0.02,0.05,0.4,0.01,0.1,0.01,0.02,0.1,0.01,0.05,0.01,0.05,0.05,0.05
13:35:00,0.1,0.1,0.05,0.05,0.05,0.05,0.02,0.02,0.04,0.04,0.01,0.02,0.02,0.01,0.04,0.1,0.02,0.05,0.1,0.05,0.05,0.1,0.1,0.01,0.01,0.1,0.05,0.02,0.05,0.1,0.02,0.01,0.02,0.05,0.01,0.02,0.01,0.02,0.01,0.05,0.1,0.1,0.05,0.1,0.05,0.05,0.05,0.01,0.02,0.04,0.05,0.02,0.02,0.02,0.2,0.01,0.4,0.05,0.05,0.05,0.01,0.05,0.01,0.01,0.02,0.05,0.4,0.15,0.05,0.01,0.01,0.05,0.05,0.01,0.4,0.05,0.05,0.1,0.02,0.02,0.01,0.05,0.01,0.02,0.03,0.05,0.04,0.05,0.2,0.01,0.1,0.01,0.04,0.1,0.02,0.05,0.01,0.05,0.05,0.05
13:36:00,0.1,0.1,0.05,0.05,0.05,0.05,0.02,0.02,0.04,0.04,0.01,0.02,0.02,0.01,0.04,0.1,0.02,0.05,0.3,0.05,0.05,0.1,0.05,0.02,0.01,0.1,0.05,0.04,0.1,0.05,0.02,0.01,0.02,0.05,0.01,0.02,0.01,0.02,0.01,0.1,0.05,0.1,0.05,0.15,0.05,0.05,0.05,0.01,0.02,0.02,0.05,0.01,0.04,0.02,0.1,0.01,0.2,0.1,0.1,0.05,0.01,0.05,0.01,0.01,0.02,0.05,0.2,0.1,0.05,0.01,0.01,0.05,0.05,0.01,0.4,0.05,0.05,0.1,0.02,0.02,0.01,0.05,0.01,0.02,0.03,0.05,0.04,0.05,0.2,0.01,0.2,0.02,0.04,0.2,0.01,0.05,0.01,0.1,0.05,0.05
13:37:00,0.05,0.1,0.1,0.05,0.05,0.05,0.02,0.02,0.04,0.02,0.01,0.02,0.04,0.01,0.02,0.05,0.02,0.05,0.2,0.15,0.05,0.1,0.1,0.01,0.01,0.1,0.1,0.04,0.1,0.05,0.02,0.01,0.02,0.1,0.01,0.02,0.01,0.02,0.01,0.05,0.05,0.1,0.05,0.1,0.1,0.05,0.05,0.01,0.02,0.04,0.05,0.02,0.04,0.02,0.1,0.01,0.2,0.1,0.1,0.05,0.01,0.05,0.01,0.01,0.02,0.1,0.4,0.05,0.05,0.02,0.01,0.05,0.05,0.01,0.2,0.05,0.05,0.1,0.02,0.02,0.02,0.05,0.01,0.02,0.02,0.05,0.06,0.05,0.3,0.01,0.1,0.01,0.02,0.2,0.02,0.05,0.01,0.15,0.05,0.05
13:38:00,0.05,0.1,0.1,0.05,0.05,0.05,0.02,0.02,0.04,0.02,0.01,0.02,0.04,0.01,0.02,0.05,0.01,0.05,0.2,0.05,0.05,0.1,0.1,0.02,0.02,0.1,0.1,0.02,0.15,0.05,0.02,0.03,0.01,0.05,0.01,0.02,0.01,0.02,0.01,0.05,0.05,0.1,0.05,0.1,0.1,0.05,0.05,0.01,0.02,0.02,0.05,0.02,0.02,0.02,0.1,0.01,0.2,0.1,0.1,0.05,0.01,0.1,0.02,0.01,0.02,0.05,0.2,0.05,0.05,0.01,0.01,0.05,0.05,0.01,0.2,0.05,0.05,0.1,0.02,0.02,0.02,0.05,0.01,0.02,0.02,0.05,0.04,0.1,0.2,0.01,0.1,0.01,0.04,0.2,0.01,0.05,0.01,0.15,0.05,0.05
13:39:00,0.05,0.05,0.1,0.05,0.05,0.05,0.02,0.02,0.04,0.02,0.01,0.02,0.04,0.01,0.06,0.05,0.01,0.05,0.2,0.05,0.05,0.1,0.1,0.02,0.01,0.1,0.1,0.02,0.1,0.05,0.02,0.03,0.01,0.05,0.01,0.02,0.01,0.02,0.01,0.05,0.05,0.1,0.05,0.1,0.05,0.05,0.05,0.01,0.01,0.02,0.05,0.02,0.02,0.02,0.1,0.01,0.2,0.1,0.1,0.05,0.01,0.05,0.01,0.01,0.02,0.05,0.2,0.05,0.05,0.01,0.01,0.05,0.05,0.01,0.2,0.05,0.1,0.1,0.02,0.02,0.02,0.05,0.02,0.02,0.01,0.05,0.04,0.05,0.2,0.01,0.1,0.01,0.04,0.15,0.01,0.05,0.01,0.1,0.05,0.05
13:40:00,0.05,0.05,0.1,0.05,0.1,0.1,0.02,0.02,0.04,0.02,0.01,0.04,0.04,0.01,0.02,0.1,0.02,0.1,0.2,0.05,0.05,0.1,0.1,0.01,0.01,0.1,0.05,0.04,0.1,0.05,0.02,0.02,0.02,0.05,0.01,0.02,0.01,0.01,0.01,0.1,0.05,0.1,0.05,0.1,0.05,0.05,0.05,0.01,0.01,0.02,0.1,0.01,0.02,0.02,0.1,0.01,0.2,0.1,0.05,0.1,0.01,0.05,0.01,0.01,0.02,0.05,0.2,0.1,0.1,0.01,0.01,0.05,0.05,0.02,0.2,0.05,0.1,0.05,0.02,0.02,0.02,0.05,0.02,0.02,0.01,0.1,0.02,0.1,0.2,0.01,0.1,0.01,0.04,0.15,0.01,0.1,0.01,0.15,0.05,0.05
13:41:00,0.05,0.05,0.1,0.05,0.1,0.05,0.02,0.02,0.04,0.02,0.01,0.02,0.04,0.01,0.04,0.1,0.02,0.05,0.2,0.05,0.05,0.1,0.1,0.01,0.01,0.1,0.05,0.04,0.05,0.05,0.02,0.02,0.01,0.05,0.01,0.02,0.01,0.01,0.01,0.1,0.05,0.1,0.05,0.1,0.05,0.05,0.05,0.01,0.01,0.02,0.1,0.01,0.02,0.02,0.1,0.01,0.2,0.05,0.05,0.1,0.01,0.05,0.01,0.01,0.04,0.05,0.2,0.1,0.05,0.01,0.01,0.05,0.05,0.02,0.2,0.05,0.1,0.05,0.02,0.02,0.02,0.05,0.02,0.02,0.02,0.1,0.02,0.1,0.1,0.01,0.1,0.01,0.04,0.15,0.01,0.1,0.01,0.1,0.05,0.05
13:42:00,0.05,0.05,0.1,0.05,0.1,0.05,0.02,0.02,0.04,0.02,0.01,0.02,0.04,0.01,0.04,0.1,0.01,0.05,0.1,0.05,0.05,0.1,0.05,0.01,0.01,0.1,0.05,0.04,0.05,0.05,0.02,0.01,0.01,0.05,0.01,0.02,0.01,0.02,0.01,0.05,0.05,0.1,0.05,0.1,0.05,0.05,0.05,0.01,0.01,0.04,0.1,0.01,0.02,0.02,0.1,0.01,0.2,0.05,0.05,0.05,0.01,0.05,0.01,0.01,0.04,0.05,0.2,0.1,0.05,0.01,0.01,0.1,0.05,0.02,0.2,0.05,0.1,0.05,0.02,0.02,0.01,0.05,0.02,0.02,0.02,0.05,0.02,0.1,0.1,0.01,0.1,0.01,0.04,0.1,0.01,0.1,0.01,0.2,0.05,0.05
13:43:00,0.05,0.1,0.05,0.05,0.1,0.05,0.02,0.02,0.04,0.02,0.01,0.02,0.04,0.01,0.04,0.1,0.01,0.05,0.1,0.05,0.05,0.1,0.05,0.01,0.01,0.1,0.05,0.04,0.1,0.05,0.02,0.01,0.01,0.05,0.01,0.02,0.01,0.01,0.01,0.1,0.1,0.1,0.05,0.05,0.1,0.05,0.05,0.01,0.01,0.02,0.1,0.03,0.04,0.02,0.1,0.01,0.4,0.05,0.05,0.05,0.01,0.05,0.01,0.01,0.02,0.05,0.2,0.1,0.1,0.02,0.01,0.05,0.05,0.01,0.2,0.05,0.1,0.1,0.02,0.02,0.02,0.05,0.02,0.06,0.02,0.1,0.02,0.1,0.2,0.01,0.1,0.01,0.04,0.15,0.01,0.05,0.01,0.1,0.05,0.05
13:44:00,0.05,0.1,0.1,0.05,0.1,0.05,0.02,0.02,0.04,0.02,0.01,0.02,0.04,0.01,0.04,0.05,0.01,0.05,0.1,0.05,0.05,0.1,0.05,0.01,0.02,0.1,0.1,0.04,0.1,0.05,0.02,0.01,0.01,0.05,0.01,0.02,0.01,0.01,0.01,0.1,0.05,0.1,0.05,0.1,0.05,0.05,0.05,0.01,0.01,0.02,0.1,0.03,0.04,0.04,0.1,0.02,0.2,0.05,0.05,0.05,0.01,0.05,0.02,0.01,0.02,0.05,0.2,0.1,0.1,0.02,0.01,0.05,0.05,0.01,0.2,0.05,0.1,0.05,0.02,0.02,0.01,0.05,0.02,0.02,0.02,0.15,0.02,0.1,0.1,0.01,0.1,0.01,0.04,0.2,0.01,0.05,0.01,0.1,0.05,0.05
13:45:00,0.1,0.1,0.05,0.05,0.05,0.05,0.02,0.02,0.04,0.02,0.01,0.02,0.02,0.01,0.04,0.05,0.01,0.05,0.1,0.05,0.05,0.1,0.05,0.01,0.01,0.1,0.05,0.04,0.05,0.05,0.02,0.01,0.01,0.1,0.01,0.02,0.01,0.01,0.01,0.1,0.05,0.1,0.05,0.1,0.05,0.05,0.05,0.01,0.01,0.02,0.1,0.02,0.04,0.02,0.1,0.02,0.2,0.05,0.05,0.05,0.01,0.05,0.02,0.01,0.02,0.05,0.2,0.1,0.1,0.02,0.01,0.05,0.05,0.01,0.2,0.05,0.1,0.05,0.02,0.02,0.01,0.05,0.02,0.02,0.02,0.15,0.02,0.1,0.1,0.01,0.1,0.01,0.06,0.2,0.01,0.05,0.01,0.1,0.05,0.05
13:46:00,0.1,0.05,0.05,0.05,0.05,0.05,0.02,0.02,0.04,0.02,0.01,0.02,0.02,0.01,0.04,0.05,0.01,0.05,0.1,0.05,0.05,0.05,0.1,0.01,0.02,0.1,0.05,0.04,0.05,0.05,0.02,0.01,0.01,0.05,0.01,0.02,0.01,0.01,0.01,0.1,0.05,0.1,0.05,0.1,0.05,0.05,0.1,0.01,0.01,0.04,0.1,0.02,0.02,0.02,0.1,0.01,0.2,0.05,0.05,0.05,0.01,0.05,0.02,0.01,0.02,0.05,0.2,0.05,0.05,0.01,0.01,0.05,0.05,0.02,0.2,0.05,0.1,0.05,0.02,0.02,0.01,0.05,0.02,0.02,0.02,0.1,0.02,0.1,0.1,0.01,0.1,0.01,0.02,0.2,0.01,0.05,0.01,0.1,0.05,0.05
13:47:00,0.1,0.05,0.05,0.05,0.05,0.05,0.02,0.02,0.04,0.02,0.01,0.02,0.02,0.01,0.1,0.05,0.01,0.05,0.1,0.05,0.05,0.05,0.1,0.01,0.02,0.1,0.05,0.04,0.05,0.05,0.02,0.01,0.01,0.05,0.01,0.02,0.01,0.01,0.01,0.1,0.05,0.1,0.05,0.1,0.05,0.05,0.05,0.01,0.01,0.04,0.1,0.02,0.02,0.02,0.1,0.02,0.2,0.05,0.05,0.05,0.01,0.05,0.02,0.01,0.02,0.05,0.2,0.05,0.05,0.01,0.02,0.05,0.05,0.02,0.4,0.05,0.1,0.05,0.02,0.02,0.02,0.05,0.01,0.02,0.02,0.1,0.02,0.1,0.1,0.01,0.1,0.01,0.02,0.25,0.01,0.05,0.01,0.1,0.05,0.05
13:48:00,0.1,0.05,0.05,0.05,0.05,0.05,0.02,0.02,0.04,0.02,0.02,0.02,0.04,0.01,0.04,0.05,0.01,0.05,0.1,0.05,0.1,0.05,0.1,0.01,0.01,0.1,0.05,0.04,0.05,0.05,0.02,0.01,0.01,0.1,0.01,0.02,0.01,0.01,0.01,0.1,0.05,0.1,0.05,0.1,0.1,0.05,0.05,0.01,0.01,0.04,0.1,0.02,0.02,0.02,0.1,0.02,0.2,0.05,0.05,0.05,0.01,0.05,0.02,0.01,0.02,0.05,0.2,0.05,0.05,0.02,0.01,0.05,0.05,0.02,0.4,0.05,0.1,0.05,0.02,0.02,0.02,0.05,0.01,0.02,0.02,0.05,0.02,0.1,0.1,0.01,0.1,0.01,0.04,0.2,0.01,0.05,0.01,0.05,0.05,0.05
13:49:00,0.1,0.05,0.05,0.05,0.05,0.05,0.02,0.02,0.04,0.02,0.02,0.02,0.02,0.01,0.02,0.1,0.01,0.1,0.1,0.05,0.1,0.05,0.1,0.01,0.01,0.2,0.1,0.04,0.1,0.05,0.02,0.01,0.02,0.1,0.01,0.04,0.01,0.01,0.01,0.1,0.05,0.1,0.05,0.1,0.1,0.05,0.05,0.01,0.01,0.06,0.1,0.02,0.02,0.02,0.1,0.02,0.2,0.05,0.05,0.05,0.01,0.1,0.01,0.01,0.02,0.1,0.2,0.05,0.05,0.02,0.01,0.05,0.05,0.02,0.2,0.05,0.05,0.05,0.02,0.02,0.02,0.05,0.01,0.02,0.02,0.05,0.02,0.05,0.1,0.01,0.2,0.01,0.02,0.1,0.01,0.1,0.01,0.1,0.05,0.05
13:50:00,0.05,0.05,0.05,0.05,0.05,0.05,0.02,0.02,0.04,0.02,0.01,0.02,0.02,0.01,0.06,0.05,0.01,0.05,0.1,0.05,0.1,0.05,0.1,0.01,0.01,0.1,0.1,0.04,0.1,0.05,0.02,0.01,0.02,0.05,0.02,0.02,0.01,0.01,0.01,0.05,0.1,0.1,0.05,0.05,0.1,0.05,0.05,0.01,0.01,0.04,0.1,0.02,0.02,0.02,0.1,0.01,0.2,0.05,0.05,0.05,0.02,0.05,0.01,0.01,0.02,0.1,0.2,0.05,0.05,0.02,0.01,0.05,0.05,0.01,0.4,0.05,0.05,0.05,0.02,0.02,0.02,0.05,0.01,0.02,0.02,0.1,0.02,0.05,0.1,0.01,0.1,0.01,0.02,0.1,0.01,0.05,0.01,0.05,0.05,0.1
13:51:00,0.05,0.05,0.05,0.05,0.05,0.05,0.02,0.02,0.04,0.04,0.01,0.02,0.02,0.01,0.04,0.05,0.01,0.05,0.1,0.05,0.1,0.05,0.05,0.01,0.01,0.1,0.05,0.04,0.05,0.05,0.02,0.01,0.02,0.05,0.01,0.04,0.01,0.01,0.01,0.1,0.05,0.1,0.05,0.05,0.05,0.05,0.05,0.01,0.01,0.04,0.1,0.02,0.02,0.02,0.1,0.01,0.2,0.05,0.05,0.05,0.01,0.05,0.02,0.01,0.02,0.05,0.2,0.1,0.05,0.01,0.01,0.05,0.05,0.01,0.2,0.05,0.05,0.05,0.02,0.02,0.01,0.05,0.01,0.02,0.02,0.1,0.02,0.05,0.1,0.01,0.1,0.01,0.02,0.1,0.01,0.05,0.01,0.05,0.05,0.05
13:52:00,0.05,0.05,0.1,0.05,0.05,0.05,0.02,0.02,0.04,0.02,0.01,0.02,0.04,0.01,0.04,0.1,0.01,0.05,0.1,0.05,0.1,0.05,0.05,0.01,0.01,0.1,0.05,0.02,0.05,0.05,0.02,0.01,0.02,0.05,0.01,0.02,0.01,0.01,0.01,0.1,0.05,0.1,0.05,0.1,0.05,0.05,0.1,0.01,0.01,0.04,0.1,0.02,0.02,0.02,0.1,0.01,0.2,0.05,0.05,0.1,0.01,0.05,0.01,0.01,0.02,0.05,0.2,0.1,0.05,0.01,0.01,0.05,0.05,0.01,0.2,0.05,0.05,0.05,0.02,0.02,0.01,0.05,0.01,0.02,0.02,0.05,0.02,0.05,0.2,0.01,0.1,0.01,0.04,0.1,0.01,0.05,0.01,0.05,0.05,0.05
13:53:00,0.05,0.05,0.1,0.1,0.05,0.05,0.02,0.02,0.04,0.02,0.01,0.02,0.04,0.01,0.02,0.05,0.01,0.05,0.1,0.05,0.1,0.05,0.05,0.02,0.01,0.1,0.05,0.02,0.05,0.1,0.02,0.01,0.02,0.05,0.01,0.02,0.01,0.01,0.01,0.05,0.05,0.1,0.05,0.1,0.05,0.05,0.05,0.01,0.01,0.02,0.1,0.02,0.02,0.02,0.1,0.01,0.2,0.05,0.05,0.1,0.01,0.05,0.01,0.01,0.02,0.05,0.2,0.05,0.05,0.01,0.01,0.05,0.05,0.01,0.4,0.05,0.05,0.05,0.02,0.02,0.01,0.05,0.01,0.02,0.02,0.05,0.02,0.05,0.1,0.01,0.1,0.01,0.02,0.15,0.01,0.05,0.01,0.05,0.05,0.05
13:54:00,0.05,0.05,0.1,0.1,0.05,0.05,0.02,0.02,0.04,0.04,0.01,0.02,0.04,0.01,0.06,0.05,0.01,0.05,0.2,0.05,0.05,0.05,0.1,0.01,0.01,0.1,0.05,0.02,0.1,0.1,0.02,0.01,0.02,0.05,0.01,0.02,0.01,0.02,0.01,0.05,0.05,0.1,0.05,0.15,0.05,0.05,0.1,0.01,0.01,0.04,0.1,0.01,0.04,0.02,0.1,0.01,0.2,0.05,0.05,0.05,0.01,0.05,0.01,0.01,0.02,0.05,0.4,0.05,0.05,0.01,0.01,0.05,0.05,0.01,0.2,0.05,0.05,0.05,0.02,0.02,0.01,0.05,0.01,0.02,0.02,0.05,0.02,0.05,0.1,0.01,0.1,0.01,0.02,0.15,0.01,0.05,0.01,0.05,0.05,0.05
13:55:00,0.05,0.05,0.05,0.1,0.05,0.05,0.02,0.02,0.04,0.04,0.02,0.02,0.02,0.01,0.08,0.05,0.02,0.05,0.3,0.05,0.05,0.05,0.1,0.01,0.01,0.1,0.05,0.02,0.05,0.1,0.02,0.01,0.02,0.05,0.01,0.02,0.01,0.02,0.01,0.1,0.05,0.2,0.05,0.05,0.05,0.05,0.05,0.01,0.01,0.04,0.1,0.01,0.04,0.04,0.1,0.01,0.2,0.05,0.05,0.05,0.01,0.05,0.01,0.01,0.02,0.05,0.2,0.05,0.05,0.01,0.01,0.1,0.05,0.01,0.2,0.05,0.05,0.05,0.04,0.02,0.01,0.05,0.01,0.02,0.01,0.1,0.02,0.1,0.1,0.01,0.1,0.01,0.04,0.15,0.01,0.05,0.01,0.05,0.05,0.05
13:56:00,0.05,0.05,0.1,0.1,0.1,0.05,0.02,0.02,0.02,0.04,0.02,0.02,0.02,0.01,0.06,0.05,0.02,0.05,0.2,0.05,0.05,0.05,0.1,0.01,0.02,0.1,0.05,0.02,0.05,0.05,0.02,0.02,0.02,0.1,0.01,0.02,0.01,0.01,0.01,0.1,0.05,0.1,0.05,0.05,0.05,0.05,0.05,0.01,0.01,0.04,0.1,0.02,0.04,0.02,0.1,0.01,0.2,0.05,0.05,0.05,0.01,0.05,0.01,0.01,0.02,0.05,0.2,0.05,0.05,0.01,0.01,0.05,0.05,0.01,0.2,0.05,0.05,0.05,0.02,0.02,0.01,0.05,0.01,0.04,0.01,0.05,0.02,0.05,0.1,0.01,0.1,0.02,0.04,0.15,0.01,0.05,0.01,0.05,0.05,0.05
13:57:00,0.1,0.05,0.1,0.1,0.1,0.05,0.02,0.02,0.02,0.02,0.02,0.04,0.02,0.01,0.06,0.05,0.01,0.05,0.2,0.1,0.1,0.05,0.05,0.01,0.02,0.2,0.05,0.02,0.05,0.05,0.02,0.01,0.02,0.1,0.01,0.02,0.01,0.01,0.01,0.1,0.05,0.1,0.05,0.05,0.05,0.05,0.05,0.01,0.01,0.04,0.1,0.01,0.04,0.02,0.1,0.01,0.2,0.05,0.05,0.05,0.01,0.05,0.01,0.01,0.02,0.05,0.2,0.05,0.05,0.02,0.01,0.05,0.05,0.01,0.4,0.05,0.05,0.05,0.02,0.02,0.01,0.05,0.01,0.02,0.02,0.1,0.02,0.05,0.1,0.01,0.1,0.01,0.02,0.15,0.01,0.05,0.01,0.05,0.05,0.1
13:58:00,0.1,0.05,0.1,0.1,0.1,0.05,0.02,0.02,0.02,0.02,0.01,0.04,0.02,0.01,0.04,0.05,0.02,0.05,0.2,0.05,0.1,0.05,0.1,0.01,0.02,0.2,0.05,0.02,0.05,0.05,0.02,0.01,0.02,0.05,0.01,0.02,0.01,0.01,0.01,0.05,0.05,0.1,0.05,0.05,0.05,0.05,0.1,0.01,0.01,0.06,0.1,0.01,0.04,0.02,0.1,0.01,0.2,0.05,0.05,0.05,0.01,0.05,0.01,0.01,0.02,0.05,0.2,0.05,0.05,0.02,0.01,0.05,0.05,0.01,0.2,0.05,0.05,0.1,0.02,0.02,0.01,0.05,0.01,0.02,0.02,0.1,0.02,0.05,0.1,0.01,0.1,0.01,0.02,0.2,0.01,0.05,0.01,0.05,0.05,0.05
13:59:00,0.1,0.05,0.05,0.1,0.1,0.05,0.02,0.02,0.02,0.04,0.02,0.04,0.02,0.01,0.06,0.05,0.02,0.1,0.2,0.05,0.1,0.05,0.05,0.02,0.01,0.1,0.05,0.02,0.05,0.05,0.02,0.01,0.02,0.1,0.01,0.02,0.01,0.02,0.01,0.05,0.05,0.1,0.05,0.05,0.05,0.05,0.05,0.01,0.01,0.06,0.1,0.01,0.04,0.02,0.1,0.01,0.2,0.05,0.05,0.05,0.01,0.05,0.01,0.01,0.02,0.05,0.2,0.1,0.05,0.02,0.01,0.05,0.05,0.01,0.4,0.05,0.05,0.1,0.02,0.02,0.01,0.05,0.01,0.02,0.02,0.05,0.02,0.05,0.1,0.01,0.1,0.01,0.02,0.2,0.01,0.05,0.01,0.05,0.05,0.05
14:00:00,0.1,0.05,0.05,0.1,0.1,0.05,0.02,0.02,0.02,0.04,0.01,0.02,0.02,0.01,0.06,0.05,0.02,0.05,0.2,0.1,0.1,0.05,0.05,0.01,0.01,0.1,0.05,0.02,0.05,0.1,0.04,0.01,0.02,0.05,0.01,0.02,0.01,0.02,0.01,0.1,0.05,0.1,0.1,0.05,0.05,0.05,0.05,0.01,0.01,0.02,0.1,0.01,0.04,0.02,0.1,0.02,0.2,0.05,0.05,0.05,0.01,0.05,0.01,0.01,0.02,0.05,0.2,0.1,0.05,0.01,0.01,0.05,0.05,0.01,0.2,0.05,0.05,0.1,0.02,0.02,0.01,0.05,0.01,0.04,0.02,0.05,0.02,0.05,0.1,0.01,0.1,0.01,0.04,0.2,0.01,0.05,0.01,0.05,0.05,0.05
14:01:00,0.05,0.05,0.05,0.1,0.05,0.05,0.02,0.02,0.02,0.04,0.01,0.02,0.02,0.01,0.04,0.05,0.01,0.05,0.1,0.05,0.1,0.05,0.05,0.01,0.01,0.1,0.05,0.02,0.05,0.1,0.02,0.01,0.02,0.05,0.01,0.02,0.01,0.02,0.01,0.15,0.05,0.1,0.05,0.05,0.05,0.05,0.05,0.01,0.01,0.02,0.05,0.01,0.04,0.02,0.1,0.01,0.4,0.05,0.05,0.05,0.01,0.05,0.01,0.01,0.02,0.05,0.4,0.1,0.05,0.01,0.01,0.05,0.05,0.01,0.2,0.05,0.05,0.1,0.02,0.02,0.01,0.05,0.01,0.02,0.02,0.05,0.02,0.05,0.1,0.01,0.1,0.01,0.04,0.2,0.01,0.05,0.01,0.05,0.05,0.05
14:02:00,0.05,0.05,0.05,0.1,0.1,0.05,0.02,0.02,0.02,0.02,0.01,0.04,0.02,0.01,0.06,0.05,0.01,0.05,0.1,0.05,0.1,0.05,0.05,0.01,0.01,0.1,0.05,0.02,0.1,0.1,0.02,0.01,0.02,0.05,0.01,0.02,0.01,0.01,0.01,0.1,0.1,0.1,0.05,0.05,0.05,0.05,0.05,0.01,0.01,0.02,0.05,0.01,0.02,0.02,0.1,0.01,0.2,0.05,0.05,0.05,0.01,0.05,0.01,0.01,0.02,0.05,0.4,0.05,0.05,0.01,0.01,0.05,0.05,0.01,0.2,0.05,0.05,0.1,0.02,0.02,0.01,0.05,0.01,0.02,0.01,0.05,0.02,0.05,0.1,0.01,0.1,0.01,0.02,0.2,0.01,0.05,0.01,0.05,0.05,0.05
14:03:00,0.05,0.05,0.05,0.1,0.1,0.05,0.02,0.02,0.02,0.02,0.01,0.02,0.02,0.01,0.08,0.05,0.01,0.05,0.1,0.05,0.1,0.05,0.05,0.01,0.01,0.1,0.05,0.02,0.05,0.1,0.02,0.02,0.02,0.05,0.01,0.02,0.01,0.01,0.01,0.05,0.05,0.1,0.05,0.05,0.05,0.05,0.05,0.01,0.01,0.04,0.05,0.01,0.02,0.02,0.1,0.01,0.2,0.05,0.05,0.05,0.01,0.05,0.01,0.01,0.02,0.05,0.2,0.05,0.05,0.01,0.01,0.05,0.05,0.01,0.2,0.05,0.05,0.1,0.02,0.02,0.01,0.05,0.01,0.02,0.02,0.05,0.02,0.05,0.1,0.01,0.1,0.01,0.02,0.2,0.01,0.05,0.01,0.1,0.05,0.05
14:04:00,0.05,0.05,0.05,0.1,0.05,0.05,0.02,0.02,0.02,0.02,0.01,0.04,0.02,0.01,0.06,0.05,0.01,0.05,0.1,0.1,0.1,0.05,0.05,0.01,0.01,0.1,0.05,0.02,0.05,0.1,0.02,0.03,0.02,0.05,0.02,0.02,0.01,0.01,0.01,0.05,0.05,0.1,0.05,0.05,0.05,0.05,0.05,0.01,0.01,0.04,0.1,0.01,0.04,0.02,0.1,0.01,0.2,0.05,0.05,0.05,0.01,0.05,0.01,0.01,0.02,0.05,0.4,0.05,0.05,0.02,0.01,0.05,0.05,0.01,0.4,0.05,0.05,0.1,0.02,0.02,0.01,0.05,0.01,0.02,0.02,0.05,0.02,0.05,0.1,0.01,0.1,0.01,0.02,0.2,0.01,0.05,0.01,0.1,0.05,0.05
14:05:00,0.05,0.1,0.1,0.1,0.05,0.05,0.02,0.02,0.02,0.02,0.01,0.02,0.02,0.01,0.04,0.05,0.02,0.05,0.1,0.2,0.1,0.05,0.05,0.01,0.01,0.1,0.05,0.02,0.1,0.1,0.02,0.03,0.02,0.05,0.02,0.02,0.01,0.01,0.01,0.05,0.05,0.1,0.05,0.1,0.1,0.05,0.05,0.01,0.01,0.02,0.1,0.01,0.02,0.02,0.1,0.01,0.2,0.05,0.05,0.05,0.01,0.05,0.01,0.02,0.02,0.05,0.2,0.1,0.05,0.01,0.01,0.05,0.05,0.01,0.2,0.05,0.05,0.1,0.02,0.02,0.01,0.05,0.01,0.02,0.02,0.05,0.02,0.05,0.1,0.01,0.1,0.01,0.02,0.2,0.01,0.05,0.01,0.1,0.05,0.05
14:06:00,0.05,0.1,0.1,0.1,0.02,0.05,0.02,0.02,0.02,0.02,0.01,0.02,0.02,0.01,0.04,0.05,0.01,0.05,0.4,0.15,0.1,0.05,0.05,0.01,0.01,0.1,0.05,0.04,0.1,0.05,0.02,0.02,0.02,0.05,0.02,0.04,0.01,0.01,0.01,0.1,0.05,0.1,0.05,0.1,0.1,0.05,0.1,0.01,0.01,0.02,0.1,0.02,0.02,0.02,0.1,0.01,0.2,0.05,0.05,0.05,0.01,0.05,0.01,0.02,0.02,0.1,0.2,0.05,0.05,0.01,0.01,0.05,0.05,0.02,0.4,0.05,0.05,0.1,0.02,0.02,0.01,0.05,0.01,0.02,0.02,0.05,0.02,0.05,0.2,0.01,0.1,0.01,0.04,0.2,0.01,0.05,0.01,0.1,0.05,0.05
14:07:00,0.05,0.1,0.1,0.1,0.07,0.05,0.02,0.02,0.02,0.02,0.01,0.02,0.02,0.01,0.04,0.05,0.01,0.05,0.4,0.1,0.1,0.05,0.05,0.01,0.02,0.1,0.05,0.04,0.1,0.05,0.02,0.02,0.02,0.1,0.02,0.04,0.01,0.01,0.01,0.1,0.05,0.2,0.05,0.05,0.1,0.05,0.1,0.01,0.01,0.04,0.05,0.04,0.02,0.02,0.1,0.01,0.4,0.05,0.05,0.05,0.01,0.05,0.01,0.01,0.02,0.1,0.4,0.1,0.05,0.01,0.01,0.05,0.05,0.01,0.2,0.05,0.05,0.1,0.02,0.02,0.01,0.05,0.01,0.02,0.02,0.05,0.06,0.05,0.2,0.01,0.1,0.01,0.04,0.2,0.01,0.05,0.01,0.25,0.05,0.05
14:08:00,0.05,0.05,0.1,0.1,0.05,0.05,0.02,0.02,0.02,0.04,0.01,0.02,0.02,0.01,0.04,0.1,0.01,0.05,0.3,0.1,0.1,0.05,0.1,0.01,0.02,0.1,0.05,0.04,0.05,0.05,0.02,0.02,0.02,0.05,0.02,0.02,0.01,0.01,0.01,0.1,0.1,0.2,0.05,0.05,0.1,0.05,0.1,0.01,0.01,0.02,0.05,0.04,0.02,0.02,0.1,0.01,0.2,0.05,0.05,0.05,0.01,0.05,0.01,0.01,0.02,0.1,0.4,0.1,0.05,0.02,0.01,0.05,0.05,0.01,0.2,0.05,0.05,0.1,0.02,0.02,0.01,0.05,0.01,0.02,0.02,0.05,0.02,0.1,0.1,0.01,0.1,0.01,0.04,0.2,0.01,0.05,0.01,0.25,0.05,0.05
14:09:00,0.05,0.05,0.05,0.1,0.05,0.05,0.02,0.02,0.02,0.04,0.01,0.02,0.02,0.01,0.04,0.1,0.01,0.05,0.3,0.1,0.1,0.05,0.1,0.01,0.02,0.1,0.05,0.04,0.05,0.05,0.02,0.01,0.02,0.05,0.02,0.02,0.01,0.01,0.01,0.1,0.05,0.1,0.05,0.1,0.05,0.05,0.05,0.01,0.01,0.02,0.05,0.03,0.02,0.02,0.1,0.01,0.2,0.05,0.05,0.05,0.01,0.05,0.01,0.01,0.02,0.05,0.2,0.1,0.05,0.01,0.01,0.05,0.05,0.01,0.2,0.05,0.05,0.05,0.02,0.02,0.01,0.05,0.01,0.02,0.02,0.05,0.02,0.05,0.1,0.01,0.1,0.02,0.02,0.2,0.01,0.05,0.01,0.2,0.05,0.05
14:10:00,0.05,0.1,0.1,0.1,0.07,0.05,0.02,0.02,0.02,0.02,0.01,0.02,0.02,0.01,0.04,0.1,0.01,0.05,0.3,0.1,0.1,0.05,0.05,0.01,0.02,0.1,0.05,0.04,0.05,0.05,0.02,0.02,0.02,0.05,0.02,0.02,0.01,0.02,0.01,0.1,0.05,0.1,0.1,0.05,0.05,0.05,0.15,0.01,0.01,0.02,0.05,0.03,0.02,0.02,0.1,0.01,0.2,0.05,0.05,0.05,0.01,0.05,0.01,0.01,0.02,0.05,0.2,0.15,0.05,0.01,0.01,0.05,0.05,0.01,0.2,0.05,0.05,0.05,0.02,0.02,0.01,0.05,0.01,0.02,0.02,0.05,0.02,0.05,0.2,0.01,0.1,0.01,0.02,0.1,0.01,0.05,0.01,0.1,0.05,0.05
14:11:00,0.05,0.1,0.1,0.1,0.07,0.05,0.02,0.02,0.02,0.02,0.02,0.02,0.02,0.01,0.02,0.1,0.01,0.05,0.3,0.15,0.05,0.05,0.05,0.01,0.02,0.2,0.05,0.02,0.1,0.05,0.02,0.02,0.02,0.05,0.02,0.02,0.01,0.02,0.02,0.1,0.05,0.1,0.05,0.05,0.05,0.05,0.15,0.01,0.01,0.02,0.05,0.03,0.02,0.02,0.1,0.02,0.2,0.05,0.05,0.05,0.01,0.05,0.02,0.02,0.02,0.05,0.2,0.15,0.05,0.01,0.01,0.05,0.05,0.01,0.2,0.05,0.05,0.05,0.02,0.02,0.01,0.1,0.01,0.04,0.05,0.05,0.02,0.05,0.2,0.01,0.1,0.01,0.02,0.15,0.01,0.05,0.01,0.05,0.05,0.05
14:12:00,0.05,0.1,0.1,0.1,0.05,0.05,0.02,0.02,0.02,0.02,0.01,0.02,0.02,0.01,0.02,0.1,0.01,0.05,0.3,0.15,0.05,0.05,0.05,0.01,0.02,0.1,0.05,0.02,0.05,0.05,0.02,0.01,0.02,0.05,0.01,0.04,0.01,0.01,0.01,0.05,0.05,0.1,0.05,0.05,0.05,0.05,0.2,0.01,0.01,0.02,0.05,0.03,0.02,0.02,0.1,0.01,0.2,0.05,0.05,0.05,0.01,0.05,0.01,0.02,0.04,0.05,0.2,0.1,0.05,0.01,0.01,0.05,0.05,0.01,0.2,0.05,0.05,0.05,0.02,0.02,0.01,0.05,0.01,0.04,0.02,0.05,0.02,0.05,0.2,0.01,0.1,0.01,0.02,0.15,0.01,0.05,0.01,0.1,0.05,0.05
14:13:00,0.05,0.1,0.1,0.1,0.07,0.05,0.02,0.02,0.02,0.02,0.01,0.02,0.02,0.01,0.02,0.1,0.01,0.05,0.2,0.15,0.05,0.05,0.1,0.01,0.02,0.1,0.1,0.02,0.1,0.05,0.02,0.01,0.02,0.05,0.01,0.02,0.01,0.01,0.01,0.05,0.05,0.1,0.1,0.05,0.05,0.05,0.2,0.01,0.01,0.02,0.05,0.03,0.02,0.04,0.1,0.01,0.2,0.05,0.05,0.05,0.01,0.05,0.02,0.01,0.04,0.05,0.2,0.1,0.05,0.01,0.01,0.05,0.05,0.01,0.4,0.05,0.05,0.05,0.02,0.02,0.01,0.05,0.01,0.02,0.03,0.05,0.02,0.05,0.1,0.01,0.1,0.01,0.02,0.15,0.01,0.05,0.01,0.1,0.05,0.05
14:14:00,0.05,0.05,0.05,0.1,0.07,0.1,0.02,0.02,0.02,0.02,0.01,0.02,0.02,0.01,0.04,0.05,0.01,0.05,0.2,0.05,0.05,0.1,0.05,0.02,0.02,0.1,0.1,0.02,0.05,0.1,0.04,0.01,0.01,0.05,0.01,0.02,0.01,0.02,0.01,0.1,0.05,0.1,0.05,0.05,0.05,0.05,0.1,0.01,0.01,0.02,0.05,0.03,0.02,0.02,0.1,0.01,0.2,0.05,0.05,0.05,0.01,0.05,0.02,0.02,0.04,0.05,0.2,0.1,0.05,0.01,0.01,0.05,0.05,0.01,0.2,0.05,0.05,0.05,0.02,0.02,0.01,0.05,0.01,0.02,0.03,0.1,0.02,0.05,0.1,0.01,0.1,0.01,0.02,0.1,0.01,0.05,0.01,0.1,0.05,0.05
14:15:00,0.05,0.1,0.1,0.1,0.07,0.05,0.02,0.02,0.02,0.02,0.02,0.02,0.02,0.01,0.04,0.05,0.01,0.05,0.2,0.05,0.05,0.1,0.05,0.01,0.01,0.1,0.05,0.02,0.05,0.05,0.02,0.01,0.02,0.05,0.01,0.02,0.01,0.01,0.01,0.1,0.05,0.1,0.05,0.05,0.05,0.05,0.15,0.01,0.01,0.04,0.05,0.03,0.02,0.02,0.1,0.01,0.2,0.05,0.05,0.05,0.01,0.05,0.02,0.01,0.02,0.05,0.4,0.1,0.05,0.01,0.01,0.05,0.05,0.01,0.4,0.05,0.05,0.05,0.02,0.02,0.01,0.05,0.01,0.02,0.03,0.05,0.06,0.05,0.1,0.01,0.2,0.01,0.02,0.1,0.01,0.05,0.01,0.1,0.05,0.05
14:16:00,0.05,0.05,0.1,0.1,0.07,0.05,0.02,0.02,0.02,0.02,0.01,0.02,0.02,0.01,0.04,0.05,0.01,0.05,0.2,0.05,0.05,0.05,0.05,0.01,0.01,0.1,0.05,0.02,0.05,0.05,0.02,0.01,0.02,0.05,0.01,0.02,0.01,0.01,0.01,0.05,0.05,0.1,0.05,0.05,0.05,0.05,0.1,0.01,0.01,0.04,0.05,0.03,0.02,0.02,0.1,0.01,0.2,0.05,0.05,0.1,0.01,0.05,0.01,0.01,0.02,0.05,0.4,0.1,0.05,0.01,0.01,0.05,0.05,0.01,0.2,0.05,0.05,0.05,0.02,0.02,0.01,0.05,0.01,0.02,0.03,0.05,0.06,0.05,0.1,0.01,0.1,0.01,0.02,0.05,0.01,0.05,0.01,0.1,0.05,0.05
14:17:00,0.05,0.1,0.1,0.1,0.02,0.1,0.02,0.02,0.02,0.02,0.02,0.04,0.02,0.01,0.06,0.05,0.02,0.05,0.2,0.1,0.05,0.05,0.05,0.01,0.01,0.1,0.05,0.02,0.05,0.05,0.02,0.01,0.02,0.05,0.01,0.02,0.01,0.02,0.01,0.1,0.05,0.1,0.05,0.05,0.05,0.05,0.1,0.01,0.01,0.08,0.05,0.01,0.02,0.04,0.1,0.01,0.2,0.05,0.05,0.1,0.01,0.05,0.01,0.01,0.02,0.05,0.4,0.1,0.05,0.01,0.01,0.05,0.05,0.01,0.2,0.05,0.05,0.05,0.02,0.02,0.01,0.05,0.01,0.02,0.02,0.05,0.06,0.05,0.1,0.01,0.1,0.01,0.02,0.1,0.01,0.1,0.01,0.05,0.05,0.05
14:18:00,0.05,0.05,0.1,0.1,0.02,0.1,0.02,0.02,0.02,0.02,0.01,0.04,0.02,0.01,0.06,0.05,0.01,0.05,0.2,0.05,0.05,0.05,0.05,0.01,0.01,0.1,0.1,0.02,0.05,0.1,0.02,0.01,0.02,0.1,0.01,0.02,0.01,0.01,0.01,0.05,0.05,0.1,0.05,0.05,0.05,0.05,0.1,0.01,0.01,0.06,0.05,0.01,0.02,0.02,0.1,0.01,0.2,0.05,0.05,0.1,0.01,0.05,0.01,0.01,0.02,0.05,0.2,0.1,0.05,0.01,0.01,0.05,0.05,0.01,0.2,0.05,0.05,0.05,0.02,0.02,0.01,0.05,0.01,0.02,0.03,0.05,0.04,0.05,0.1,0.01,0.1,0.01,0.02,0.2,0.01,0.1,0.01,0.05,0.05,0.05
14:19:00,0.1,0.05,0.1,0.1,0.02,0.1,0.02,0.02,0.02,0.02,0.02,0.04,0.02,0.01,0.02,0.05,0.02,0.05,0.3,0.1,0.05,0.05,0.1,0.01,0.01,0.1,0.1,0.02,0.1,0.1,0.02,0.01,0.02,0.1,0.01,0.02,0.01,0.01,0.01,0.1,0.05,0.1,0.05,0.05,0.1,0.05,0.05,0.01,0.01,0.06,0.05,0.01,0.02,0.04,0.1,0.01,0.2,0.05,0.05,0.1,0.01,0.05,0.01,0.01,0.02,0.05,0.2,0.1,0.05,0.01,0.01,0.05,0.05,0.01,0.2,0.05,0.05,0.05,0.02,0.02,0.01,0.05,0.01,0.02,0.02,0.05,0.04,0.05,0.1,0.01,0.1,0.01,0.02,0.25,0.01,0.1,0.01,0.05,0.05,0.05
14:20:00,0.1,0.1,0.05,0.05,0.05,0.1,0.02,0.02,0.04,0.02,0.01,0.02,0.02,0.01,0.04,0.1,0.02,0.05,0.3,0.1,0.1,0.05,0.1,0.02,0.02,0.1,0.1,0.02,0.05,0.1,0.02,0.01,0.02,0.05,0.01,0.02,0.01,0.01,0.01,0.1,0.05,0.1,0.05,0.05,0.05,0.05,0.05,0.01,0.01,0.06,0.05,0.01,0.02,0.02,0.1,0.01,0.2,0.05,0.05,0.1,0.01,0.05,0.01,0.01,0.02,0.05,0.2,0.1,0.05,0.01,0.01,0.05,0.05,0.01,0.4,0.05,0.05,0.05,0.02,0.02,0.01,0.05,0.01,0.02,0.03,0.05,0.04,0.1,0.1,0.01,0.1,0.01,0.02,0.25,0.02,0.05,0.01,0.05,0.05,0.05
14:21:00,0.1,0.1,0.1,0.05,0.05,0.05,0.02,0.02,0.04,0.04,0.02,0.04,0.02,0.01,0.02,0.1,0.02,0.05,0.3,0.05,0.05,0.1,0.1,0.01,0.01,0.1,0.1,0.02,0.1,0.1,0.02,0.01,0.01,0.05,0.01,0.02,0.01,0.01,0.01,0.05,0.05,0.1,0.05,0.05,0.05,0.05,0.05,0.01,0.01,0.06,0.05,0.01,0.02,0.02,0.1,0.01,0.2,0.05,0.05,0.1,0.01,0.05,0.01,0.01,0.02,0.05,0.2,0.1,0.05,0.02,0.01,0.05,0.05,0.01,0.2,0.05,0.05,0.05,0.02,0.02,0.01,0.05,0.01,0.02,0.04,0.05,0.04,0.1,0.1,0.01,0.3,0.01,0.02,0.25,0.01,0.05,0.01,0.05,0.05,0.05
14:22:00,0.05,0.05,0.1,0.05,0.02,0.05,0.02,0.02,0.04,0.02,0.01,0.04,0.02,0.01,0.02,0.1,0.02,0.05,0.2,0.05,0.05,0.1,0.1,0.02,0.01,0.1,0.1,0.04,0.05,0.05,0.02,0.02,0.01,0.1,0.01,0.02,0.01,0.01,0.01,0.1,0.1,0.1,0.05,0.1,0.05,0.05,0.1,0.01,0.01,0.06,0.05,0.01,0.02,0.02,0.1,0.01,0.2,0.05,0.05,0.1,0.01,0.05,0.01,0.01,0.02,0.05,0.2,0.1,0.05,0.01,0.01,0.05,0.05,0.01,0.2,0.05,0.05,0.1,0.02,0.02,0.01,0.05,0.01,0.02,0.03,0.05,0.04,0.1,0.1,0.01,0.1,0.02,0.02,0.25,0.01,0.05,0.01,0.1,0.05,0.05
14:23:00,0.05,0.05,0.1,0.05,0.02,0.05,0.02,0.02,0.04,0.02,0.01,0.04,0.02,0.01,0.04,0.1,0.01,0.05,0.2,0.05,0.05,0.1,0.1,0.02,0.01,0.1,0.1,0.04,0.1,0.05,0.02,0.01,0.01,0.1,0.01,0.02,0.01,0.01,0.01,0.1,0.05,0.1,0.05,0.1,0.05,0.05,0.15,0.01,0.01,0.06,0.05,0.01,0.02,0.02,0.1,0.01,0.2,0.05,0.05,0.1,0.01,0.05,0.01,0.01,0.02,0.05,0.2,0.1,0.05,0.01,0.01,0.05,0.05,0.01,0.2,0.1,0.05,0.1,0.04,0.02,0.01,0.05,0.01,0.02,0.03,0.05,0.04,0.1,0.1,0.01,0.1,0.01,0.02,0.2,0.01,0.05,0.01,0.1,0.05,0.05
14:24:00,0.05,0.05,0.05,0.1,0.02,0.05,0.02,0.02,0.06,0.02,0.01,0.02,0.02,0.01,0.02,0.1,0.01,0.05,0.1,0.1,0.05,0.05,0.1,0.02,0.01,0.1,0.1,0.02,0.1,0.05,0.02,0.01,0.01,0.05,0.02,0.02,0.01,0.01,0.01,0.05,0.05,0.2,0.05,0.05,0.05,0.05,0.1,0.01,0.01,0.04,0.05,0.02,0.02,0.02,0.1,0.01,0.4,0.05,0.05,0.05,0.01,0.05,0.01,0.01,0.02,0.05,0.2,0.1,0.1,0.01,0.01,0.05,0.05,0.01,0.2,0.05,0.05,0.05,0.02,0.02,0.01,0.05,0.02,0.02,0.03,0.15,0.02,0.15,0.2,0.01,0.1,0.02,0.02,0.25,0.01,0.05,0.01,0.1,0.05,0.05
14:25:00,0.05,0.05,0.05,0.1,0.02,0.05,0.02,0.02,0.04,0.02,0.01,0.02,0.02,0.01,0.02,0.05,0.01,0.05,0.1,0.05,0.05,0.05,0.1,0.02,0.01,0.1,0.1,0.02,0.05,0.05,0.02,0.01,0.01,0.05,0.02,0.02,0.01,0.01,0.01,0.05,0.05,0.1,0.05,0.05,0.05,0.05,0.05,0.01,0.01,0.04,0.05,0.02,0.02,0.02,0.1,0.01,0.2,0.05,0.05,0.05,0.01,0.05,0.01,0.01,0.02,0.05,0.2,0.1,0.05,0.01,0.01,0.05,0.05,0.01,0.2,0.05,0.05,0.05,0.02,0.02,0.01,0.1,0.01,0.02,0.03,0.1,0.02,0.15,0.1,0.01,0.1,0.01,0.02,0.25,0.01,0.05,0.01,0.15,0.05,0.05
14:26:00,0.05,0.05,0.05,0.1,0.02,0.05,0.02,0.02,0.04,0.04,0.01,0.02,0.02,0.01,0.02,0.05,0.01,0.05,0.1,0.05,0.05,0.05,0.05,0.02,0.01,0.1,0.1,0.02,0.05,0.05,0.02,0.01,0.01,0.05,0.01,0.02,0.01,0.02,0.01,0.05,0.05,0.1,0.05,0.05,0.05,0.05,0.15,0.01,0.01,0.04,0.05,0.02,0.02,0.02,0.1,0.01,0.2,0.05,0.05,0.05,0.01,0.05,0.01,0.02,0.02,0.05,0.2,0.1,0.05,0.01,0.01,0.05,0.05,0.01,0.2,0.05,0.05,0.05,0.02,0.02,0.01,0.05,0.01,0.02,0.03,0.15,0.02,0.1,0.1,0.01,0.1,0.01,0.02,0.25,0.01,0.05,0.01,0.1,0.05,0.05
14:27:00,0.05,0.05,0.1,0.1,0.02,0.05,0.02,0.02,0.04,0.02,0.01,0.02,0.02,0.01,0.02,0.05,0.01,0.1,0.1,0.15,0.05,0.05,0.1,0.01,0.01,0.1,0.05,0.02,0.05,0.05,0.02,0.01,0.02,0.05,0.01,0.02,0.01,0.01,0.01,0.1,0.05,0.1,0.05,0.05,0.1,0.05,0.15,0.01,0.01,0.02,0.05,0.02,0.02,0.02,0.1,0.02,0.2,0.05,0.05,0.05,0.01,0.05,0.01,0.02,0.04,0.05,0.2,0.1,0.05,0.01,0.01,0.05,0.05,0.01,0.2,0.1,0.05,0.05,0.02,0.02,0.01,0.05,0.02,0.02,0.03,0.1,0.02,0.1,0.2,0.01,0.1,0.01,0.02,0.25,0.01,0.05,0.01,0.1,0.05,0.05
14:28:00,0.05,0.05,0.05,0.1,0.02,0.05,0.02,0.02,0.04,0.02,0.01,0.02,0.04,0.01,0.02,0.05,0.01,0.05,0.1,0.15,0.05,0.05,0.05,0.01,0.01,0.1,0.1,0.02,0.05,0.1,0.02,0.01,0.02,0.05,0.01,0.02,0.01,0.01,0.01,0.1,0.05,0.1,0.05,0.05,0.1,0.05,0.05,0.01,0.01,0.02,0.05,0.02,0.02,0.02,0.1,0.02,0.2,0.05,0.05,0.05,0.01,0.05,0.01,0.02,0.02,0.05,0.2,0.1,0.05,0.01,0.01,0.05,0.05,0.01,0.2,0.05,0.05,0.1,0.02,0.02,0.01,0.05,0.01,0.02,0.03,0.15,0.02,0.05,0.2,0.01,0.1,0.01,0.02,0.25,0.01,0.05,0.01,0.05,0.05,0.05
14:29:00,0.05,0.05,0.1,0.1,0.02,0.05,0.02,0.02,0.04,0.02,0.01,0.02,0.02,0.01,0.04,0.05,0.01,0.05,0.2,0.1,0.05,0.05,0.05,0.01,0.01,0.1,0.1,0.02,0.1,0.1,0.02,0.01,0.02,0.05,0.02,0.02,0.01,0.01,0.01,0.05,0.05,0.1,0.05,0.05,0.05,0.05,0.05,0.01,0.01,0.02,0.05,0.02,0.02,0.02,0.1,0.01,0.2,0.05,0.05,0.05,0.01,0.05,0.01,0.02,0.02,0.05,0.2,0.1,0.05,0.01,0.01,0.05,0.05,0.01,0.2,0.05,0.05,0.05,0.02,0.02,0.02,0.05,0.02,0.02,0.02,0.15,0.02,0.1,0.1,0.01,0.1,0.01,0.02,0.2,0.01,0.05,0.01,0.05,0.05,0.05
14:30:00,0.05,0.05,0.1,0.1,0.02,0.05,0.02,0.02,0.04,0.02,0.01,0.02,0.02,0.01,0.04,0.05,0.01,0.05,0.1,0.1,0.05,0.05,0.05,0.01,0.01,0.1,0.1,0.02,0.1,0.05,0.02,0.02,0.02,0.1,0.01,0.02,0.01,0.01,0.01,0.05,0.05,0.1,0.05,0.1,0.05,0.05,0.1,0.01,0.01,0.04,0.05,0.02,0.02,0.02,0.1,0.01,0.4,0.05,0.05,0.05,0.01,0.05,0.01,0.02,0.02,0.05,0.2,0.15,0.05,0.01,0.01,0.05,0.05,0.01,0.2,0.05,0.05,0.05,0.02,0.02,0.02,0.05,0.02,0.02,0.02,0.15,0.02,0.05,0.1,0.01,0.1,0.01,0.02,0.15,0.01,0.1,0.01,0.05,0.05,0.05
14:31:00,0.05,0.1,0.05,0.05,0.02,0.05,0.02,0.02,0.02,0.02,0.01,0.02,0.02,0.01,0.04,0.05,0.01,0.05,0.2,0.1,0.05,0.1,0.1,0.01,0.01,0.1,0.1,0.02,0.05,0.1,0.02,0.01,0.02,0.05,0.03,0.02,0.01,0.01,0.01,0.1,0.05,0.1,0.05,0.05,0.1,0.05,0.05,0.01,0.01,0.02,0.05,0.02,0.02,0.02,0.1,0.01,0.2,0.05,0.05,0.05,0.01,0.05,0.01,0.02,0.02,0.05,0.2,0.15,0.05,0.01,0.01,0.05,0.05,0.01,0.2,0.05,0.05,0.05,0.02,0.02,0.01,0.05,0.01,0.02,0.01,0.15,0.02,0.05,0.1,0.01,0.1,0.01,0.02,0.15,0.01,0.05,0.01,0.1,0.05,0.05
14:32:00,0.05,0.05,0.1,0.05,0.02,0.05,0.02,0.02,0.02,0.02,0.01,0.02,0.02,0.01,0.04,0.05,0.01,0.05,0.2,0.2,0.05,0.1,0.1,0.01,0.01,0.1,0.1,0.02,0.1,0.1,0.02,0.01,0.01,0.05,0.03,0.02,0.01,0.01,0.01,0.1,0.05,0.2,0.05,0.05,0.05,0.05,0.05,0.01,0.01,0.02,0.1,0.02,0.02,0.02,0.1,0.01,0.2,0.05,0.05,0.05,0.01,0.05,0.01,0.02,0.02,0.05,0.2,0.1,0.05,0.01,0.01,0.05,0.05,0.01,0.2,0.05,0.05,0.05,0.02,0.02,0.01,0.05,0.01,0.02,0.04,0.05,0.02,0.05,0.2,0.01,0.1,0.01,0.02,0.15,0.01,0.1,0.01,0.05,0.05,0.05
14:33:00,0.05,0.05,0.1,0.05,0.02,0.1,0.02,0.02,0.02,0.02,0.02,0.02,0.02,0.01,0.04,0.05,0.01,0.05,0.2,0.15,0.05,0.1,0.1,0.01,0.01,0.1,0.1,0.02,0.1,0.1,0.02,0.01,0.01,0.05,0.02,0.02,0.01,0.01,0.01,0.1,0.05,0.1,0.05,0.05,0.1,0.1,0.05,0.01,0.01,0.02,0.05,0.02,0.02,0.02,0.2,0.01,0.2,0.05,0.05,0.05,0.01,0.05,0.01,0.02,0.02,0.05,0.2,0.15,0.05,0.01,0.01,0.05,0.05,0.01,0.2,0.05,0.05,0.05,0.02,0.02,0.01,0.05,0.01,0.02,0.04,0.05,0.02,0.05,0.3,0.01,0.1,0.01,0.02,0.1,0.01,0.05,0.01,0.05,0.05,0.1
14:34:00,0.05,0.05,0.1,0.05,0.02,0.05,0.02,0.02,0.02,0.02,0.02,0.02,0.04,0.01,0.04,0.05,0.01,0.05,0.2,0.1,0.05,0.1,0.1,0.01,0.01,0.1,0.1,0.02,0.1,0.1,0.02,0.02,0.01,0.05,0.02,0.02,0.01,0.01,0.01,0.05,0.05,0.1,0.05,0.05,0.05,0.05,0.05,0.01,0.01,0.02,0.05,0.02,0.02,0.02,0.1,0.01,0.2,0.05,0.05,0.05,0.01,0.05,0.01,0.02,0.02,0.05,0.2,0.1,0.05,0.01,0.01,0.05,0.05,0.01,0.2,0.05,0.05,0.05,0.02,0.02,0.01,0.05,0.01,0.02,0.03,0.05,0.02,0.05,0.1,0.01,0.1,0.01,0.02,0.05,0.01,0.05,0.01,0.05,0.05,0.1
14:35:00,0.05,0.05,0.1,0.05,0.02,0.05,0.02,0.02,0.02,0.02,0.01,0.02,0.04,0.01,0.04,0.05,0.01,0.05,0.2,0.05,0.05,0.05,0.05,0.01,0.02,0.1,0.1,0.02,0.05,0.05,0.02,0.02,0.01,0.05,0.02,0.02,0.01,0.01,0.01,0.1,0.05,0.1,0.05,0.05,0.05,0.05,0.05,0.01,0.01,0.02,0.05,0.03,0.02,0.02,0.1,0.01,0.2,0.05,0.05,0.05,0.01,0.05,0.01,0.01,0.02,0.05,0.4,0.1,0.05,0.01,0.01,0.05,0.05,0.01,0.2,0.05,0.05,0.05,0.02,0.02,0.01,0.05,0.01,0.02,0.03,0.05,0.02,0.05,0.1,0.01,0.1,0.01,0.02,0.05,0.01,0.05,0.01,0.05,0.05,0.05
14:36:00,0.05,0.05,0.05,0.05,0.02,0.05,0.02,0.02,0.02,0.02,0.01,0.02,0.04,0.01,0.04,0.1,0.01,0.05,0.2,0.05,0.05,0.05,0.1,0.01,0.02,0.1,0.1,0.02,0.05,0.05,0.02,0.02,0.01,0.1,0.02,0.02,0.01,0.01,0.01,0.05,0.05,0.1,0.05,0.05,0.05,0.05,0.05,0.01,0.01,0.02,0.05,0.02,0.02,0.04,0.1,0.01,0.2,0.05,0.05,0.05,0.01,0.05,0.01,0.02,0.02,0.05,0.2,0.1,0.05,0.01,0.01,0.05,0.05,0.01,0.2,0.05,0.05,0.05,0.02,0.02,0.01,0.05,0.01,0.02,0.03,0.05,0.02,0.05,0.2,0.01,0.1,0.01,0.02,0.05,0.01,0.05,0.01,0.15,0.05,0.05
14:37:00,0.05,0.05,0.05,0.05,0.02,0.1,0.02,0.02,0.02,0.02,0.01,0.02,0.04,0.01,0.04,0.05,0.01,0.05,0.2,0.1,0.05,0.05,0.1,0.01,0.02,0.1,0.1,0.02,0.1,0.05,0.02,0.02,0.02,0.05,0.02,0.04,0.01,0.01,0.01,0.05,0.05,0.1,0.05,0.05,0.05,0.05,0.05,0.01,0.01,0.04,0.05,0.02,0.02,0.02,0.1,0.01,0.2,0.05,0.05,0.05,0.01,0.05,0.01,0.02,0.02,0.05,0.4,0.15,0.05,0.02,0.01,0.05,0.05,0.01,0.2,0.05,0.05,0.05,0.02,0.02,0.01,0.05,0.01,0.02,0.03,0.2,0.04,0.05,0.2,0.01,0.1,0.01,0.02,0.05,0.01,0.05,0.01,0.1,0.05,0.05
14:38:00,0.05,0.05,0.05,0.05,0.02,0.05,0.02,0.02,0.02,0.02,0.01,0.02,0.04,0.01,0.04,0.05,0.01,0.1,0.2,0.1,0.05,0.05,0.05,0.02,0.01,0.1,0.1,0.04,0.05,0.05,0.02,0.02,0.02,0.1,0.02,0.02,0.01,0.02,0.01,0.1,0.1,0.1,0.05,0.05,0.15,0.05,0.1,0.01,0.01,0.04,0.05,0.02,0.02,0.02,0.1,0.02,0.2,0.05,0.05,0.05,0.01,0.05,0.01,0.02,0.02,0.05,0.2,0.15,0.05,0.01,0.01,0.05,0.05,0.01,0.2,0.05,0.1,0.05,0.02,0.02,0.01,0.05,0.01,0.02,0.03,0.05,0.04,0.05,0.2,0.01,0.1,0.01,0.02,0.05,0.01,0.1,0.01,0.05,0.05,0.05
14:39:00,0.05,0.05,0.05,0.05,0.02,0.05,0.02,0.02,0.02,0.02,0.01,0.02,0.02,0.01,0.04,0.05,0.01,0.05,0.1,0.05,0.05,0.1,0.1,0.01,0.01,0.1,0.1,0.06,0.05,0.05,0.02,0.01,0.02,0.1,0.02,0.02,0.01,0.02,0.01,0.1,0.05,0.1,0.05,0.05,0.1,0.05,0.1,0.01,0.01,0.02,0.05,0.02,0.02,0.02,0.1,0.01,0.2,0.05,0.05,0.05,0.01,0.05,0.01,0.02,0.02,0.05,0.2,0.1,0.05,0.01,0.01,0.05,0.05,0.01,0.2,0.05,0.1,0.05,0.02,0.02,0.01,0.05,0.01,0.02,0.03,0.15,0.04,0.05,0.2,0.01,0.1,0.01,0.04,0.1,0.01,0.05,0.01,0.1,0.05,0.05
14:40:00,0.05,0.05,0.05,0.05,0.02,0.05,0.02,0.02,0.02,0.02,0.01,0.02,0.02,0.01,0.04,0.05,0.01,0.05,0.1,0.1,0.05,0.05,0.05,0.01,0.01,0.2,0.1,0.06,0.05,0.05,0.02,0.01,0.02,0.05,0.02,0.02,0.01,0.02,0.01,0.05,0.05,0.1,0.05,0.05,0.1,0.05,0.05,0.01,0.01,0.04,0.05,0.02,0.02,0.02,0.1,0.01,0.2,0.05,0.05,0.1,0.01,0.05,0.01,0.02,0.02,0.05,0.2,0.1,0.05,0.01,0.01,0.05,0.05,0.01,0.2,0.05,0.1,0.05,0.02,0.02,0.01,0.05,0.01,0.02,0.03,0.1,0.02,0.05,0.1,0.01,0.1,0.01,0.04,0.1,0.01,0.05,0.01,0.1,0.05,0.05
14:41:00,0.05,0.05,0.05,0.05,0.02,0.05,0.02,0.02,0.04,0.02,0.01,0.02,0.04,0.01,0.04,0.05,0.01,0.05,0.1,0.05,0.05,0.05,0.1,0.01,0.01,0.1,0.1,0.06,0.05,0.05,0.02,0.01,0.01,0.1,0.01,0.02,0.01,0.01,0.01,0.05,0.05,0.1,0.05,0.1,0.1,0.05,0.05,0.01,0.01,0.02,0.05,0.02,0.02,0.02,0.1,0.01,0.2,0.05,0.05,0.1,0.01,0.1,0.02,0.01,0.02,0.05,0.2,0.1,0.05,0.01,0.01,0.05,0.05,0.01,0.4,0.05,0.1,0.05,0.02,0.02,0.01,0.05,0.01,0.02,0.02,0.05,0.02,0.05,0.2,0.01,0.1,0.01,0.02,0.05,0.01,0.05,0.01,0.1,0.05,0.05
14:42:00,0.05,0.05,0.05,0.05,0.02,0.05,0.02,0.02,0.04,0.02,0.02,0.02,0.02,0.01,0.04,0.05,0.01,0.1,0.1,0.05,0.05,0.05,0.1,0.02,0.01,0.1,0.1,0.04,0.05,0.05,0.02,0.01,0.01,0.05,0.02,0.02,0.01,0.01,0.01,0.05,0.05,0.1,0.05,0.1,0.1,0.05,0.05,0.01,0.01,0.04,0.05,0.02,0.02,0.02,0.1,0.01,0.2,0.05,0.05,0.05,0.01,0.05,0.02,0.01,0.02,0.05,0.2,0.1,0.05,0.01,0.01,0.05,0.05,0.01,0.2,0.05,0.1,0.05,0.02,0.02,0.01,0.05,0.01,0.04,0.02,0.05,0.02,0.05,0.3,0.01,0.1,0.01,0.02,0.05,0.01,0.05,0.01,0.1,0.05,0.05
14:43:00,0.05,0.05,0.05,0.05,0.02,0.05,0.02,0.02,0.04,0.02,0.01,0.02,0.04,0.01,0.04,0.05,0.01,0.05,0.1,0.05,0.05,0.05,0.1,0.02,0.01,0.1,0.05,0.04,0.05,0.05,0.02,0.02,0.01,0.05,0.01,0.02,0.01,0.01,0.01,0.1,0.05,0.1,0.05,0.1,0.1,0.05,0.05,0.01,0.01,0.04,0.05,0.02,0.02,0.02,0.1,0.01,0.2,0.05,0.05,0.05,0.01,0.05,0.02,0.01,0.02,0.05,0.2,0.1,0.05,0.01,0.01,0.05,0.05,0.01,0.2,0.05,0.1,0.05,0.02,0.02,0.01,0.05,0.01,0.02,0.01,0.05,0.02,0.05,0.2,0.01,0.1,0.01,0.02,0.05,0.01,0.05,0.01,0.1,0.05,0.05
14:44:00,0.05,0.05,0.05,0.05,0.05,0.1,0.02,0.02,0.04,0.02,0.01,0.02,0.04,0.01,0.04,0.05,0.01,0.05,0.1,0.05,0.05,0.05,0.05,0.02,0.02,0.1,0.05,0.04,0.05,0.05,0.02,0.01,0.01,0.05,0.01,0.02,0.01,0.02,0.01,0.1,0.05,0.1,0.05,0.1,0.1,0.05,0.05,0.01,0.01,0.04,0.05,0.02,0.02,0.02,0.1,0.01,0.2,0.05,0.05,0.05,0.01,0.1,0.02,0.01,0.02,0.05,0.2,0.1,0.05,0.01,0.01,0.05,0.05,0.01,0.2,0.05,0.1,0.05,0.02,0.02,0.01,0.05,0.01,0.02,0.01,0.05,0.02,0.05,0.1,0.01,0.1,0.01,0.02,0.1,0.01,0.05,0.01,0.05,0.05,0.05
14:45:00,0.05,0.05,0.05,0.05,0.05,0.05,0.02,0.02,0.04,0.02,0.01,0.02,0.04,0.01,0.04,0.1,0.01,0.05,0.1,0.05,0.05,0.05,0.05,0.02,0.02,0.1,0.05,0.04,0.05,0.05,0.02,0.01,0.01,0.05,0.01,0.02,0.01,0.02,0.01,0.1,0.05,0.1,0.05,0.05,0.1,0.05,0.05,0.01,0.01,0.04,0.05,0.02,0.02,0.02,0.1,0.01,0.2,0.05,0.05,0.1,0.01,0.1,0.02,0.01,0.02,0.05,0.4,0.1,0.05,0.01,0.01,0.05,0.05,0.01,0.2,0.05,0.1,0.05,0.02,0.02,0.01,0.05,0.01,0.02,0.03,0.05,0.02,0.05,0.1,0.01,0.1,0.01,0.02,0.1,0.01,0.05,0.01,0.1,0.05,0.05
14:46:00,0.05,0.05,0.05,0.05,0.05,0.05,0.02,0.02,0.04,0.02,0.01,0.02,0.04,0.01,0.04,0.05,0.01,0.05,0.1,0.1,0.1,0.05,0.1,0.01,0.01,0.1,0.05,0.04,0.05,0.05,0.02,0.02,0.01,0.05,0.01,0.04,0.01,0.02,0.01,0.05,0.05,0.1,0.05,0.05,0.05,0.05,0.05,0.01,0.01,0.04,0.05,0.01,0.02,0.02,0.1,0.01,0.2,0.05,0.05,0.1,0.01,0.05,0.02,0.02,0.02,0.05,0.2,0.1,0.05,0.01,0.01,0.05,0.05,0.01,0.2,0.05,0.1,0.05,0.02,0.02,0.01,0.05,0.01,0.02,0.01,0.05,0.02,0.05,0.2,0.01,0.1,0.01,0.02,0.1,0.01,0.05,0.01,0.05,0.05,0.1
14:47:00,0.05,0.05,0.05,0.05,0.05,0.05,0.02,0.02,0.04,0.02,0.01,0.02,0.02,0.01,0.04,0.05,0.01,0.05,0.1,0.1,0.1,0.05,0.1,0.02,0.01,0.1,0.1,0.04,0.05,0.05,0.04,0.01,0.01,0.05,0.01,0.02,0.01,0.01,0.01,0.05,0.05,0.1,0.05,0.05,0.05,0.05,0.05,0.01,0.01,0.04,0.05,0.01,0.02,0.02,0.1,0.01,0.2,0.05,0.05,0.1,0.01,0.05,0.02,0.01,0.02,0.05,0.2,0.1,0.05,0.01,0.01,0.05,0.05,0.01,0.2,0.05,0.1,0.05,0.02,0.02,0.01,0.05,0.01,0.02,0.01,0.05,0.02,0.05,0.2,0.01,0.1,0.01,0.02,0.1,0.01,0.05,0.01,0.05,0.05,0.1
14:48:00,0.05,0.05,0.05,0.05,0.05,0.05,0.02,0.02,0.06,0.02,0.01,0.02,0.02,0.01,0.02,0.1,0.01,0.05,0.1,0.05,0.1,0.05,0.05,0.01,0.01,0.1,0.1,0.06,0.05,0.05,0.04,0.01,0.01,0.05,0.01,0.02,0.01,0.01,0.01,0.1,0.05,0.1,0.05,0.05,0.05,0.05,0.05,0.01,0.01,0.02,0.05,0.01,0.02,0.02,0.1,0.01,0.4,0.05,0.05,0.1,0.01,0.05,0.01,0.01,0.02,0.05,0.2,0.1,0.05,0.01,0.01,0.05,0.05,0.01,0.2,0.05,0.05,0.05,0.02,0.02,0.01,0.05,0.01,0.02,0.01,0.05,0.02,0.05,0.1,0.01,0.1,0.01,0.02,0.1,0.01,0.05,0.01,0.05,0.05,0.05
14:49:00,0.05,0.05,0.05,0.05,0.05,0.05,0.02,0.02,0.06,0.02,0.01,0.02,0.02,0.01,0.04,0.1,0.01,0.05,0.1,0.1,0.1,0.1,0.05,0.01,0.01,0.1,0.1,0.06,0.05,0.05,0.02,0.01,0.01,0.05,0.01,0.02,0.01,0.01,0.01,0.1,0.05,0.1,0.05,0.05,0.05,0.1,0.05,0.01,0.01,0.06,0.05,0.01,0.02,0.02,0.1,0.01,0.2,0.05,0.05,0.1,0.01,0.1,0.01,0.01,0.02,0.05,0.2,0.1,0.05,0.01,0.01,0.05,0.05,0.01,0.2,0.05,0.05,0.05,0.02,0.02,0.01,0.05,0.01,0.02,0.01,0.05,0.02,0.05,0.1,0.01,0.1,0.01,0.02,0.1,0.01,0.05,0.01,0.05,0.05,0.05
14:50:00,0.05,0.05,0.05,0.05,0.05,0.05,0.02,0.02,0.04,0.02,0.01,0.02,0.04,0.01,0.04,0.05,0.01,0.05,0.1,0.1,0.1,0.1,0.05,0.02,0.01,0.1,0.1,0.06,0.05,0.05,0.02,0.01,0.01,0.05,0.01,0.02,0.01,0.01,0.01,0.1,0.05,0.1,0.05,0.05,0.05,0.1,0.05,0.01,0.01,0.04,0.05,0.01,0.02,0.02,0.1,0.01,0.2,0.05,0.05,0.1,0.01,0.05,0.01,0.01,0.02,0.05,0.2,0.05,0.05,0.01,0.01,0.05,0.05,0.01,0.2,0.05,0.05,0.05,0.02,0.02,0.01,0.05,0.01,0.02,0.01,0.05,0.02,0.05,0.1,0.01,0.1,0.01,0.02,0.1,0.01,0.05,0.01,0.05,0.05,0.05
14:51:00,0.05,0.1,0.1,0.05,0.05,0.05,0.02,0.02,0.04,0.02,0.01,0.02,0.04,0.01,0.04,0.05,0.02,0.1,0.1,0.05,0.1,0.1,0.05,0.01,0.01,0.1,0.1,0.06,0.05,0.05,0.02,0.01,0.01,0.05,0.01,0.02,0.01,0.01,0.01,0.05,0.05,0.1,0.05,0.05,0.05,0.05,0.05,0.01,0.01,0.04,0.05,0.01,0.02,0.02,0.1,0.01,0.2,0.05,0.05,0.1,0.01,0.05,0.01,0.02,0.02,0.05,0.2,0.05,0.05,0.01,0.01,0.05,0.05,0.01,0.2,0.05,0.05,0.05,0.02,0.02,0.01,0.05,0.01,0.02,0.01,0.05,0.02,0.05,0.1,0.01,0.1,0.01,0.02,0.1,0.01,0.05,0.01,0.05,0.05,0.05
14:52:00,0.05,0.1,0.1,0.05,0.05,0.05,0.02,0.02,0.06,0.02,0.01,0.02,0.04,0.01,0.06,0.05,0.02,0.1,0.1,0.05,0.1,0.1,0.05,0.01,0.01,0.1,0.1,0.06,0.1,0.05,0.02,0.01,0.01,0.05,0.01,0.02,0.01,0.01,0.01,0.05,0.05,0.1,0.05,0.1,0.05,0.05,0.05,0.01,0.01,0.06,0.05,0.02,0.02,0.02,0.1,0.01,0.2,0.05,0.05,0.1,0.01,0.05,0.02,0.02,0.02,0.05,0.2,0.1,0.05,0.01,0.01,0.05,0.05,0.01,0.2,0.05,0.05,0.05,0.02,0.04,0.01,0.05,0.01,0.02,0.02,0.05,0.02,0.05,0.2,0.01,0.1,0.01,0.02,0.1,0.01,0.05,0.01,0.05,0.05,0.05
14:53:00,0.05,0.1,0.1,0.05,0.05,0.05,0.02,0.02,0.06,0.02,0.01,0.02,0.02,0.01,0.06,0.05,0.01,0.05,0.1,0.05,0.1,0.1,0.05,0.01,0.02,0.1,0.1,0.06,0.05,0.05,0.02,0.01,0.01,0.05,0.01,0.02,0.01,0.01,0.01,0.1,0.05,0.1,0.05,0.05,0.05,0.05,0.05,0.01,0.01,0.06,0.05,0.02,0.02,0.02,0.1,0.01,0.2,0.05,0.05,0.1,0.01,0.05,0.01,0.01,0.02,0.05,0.2,0.1,0.05,0.01,0.01,0.05,0.05,0.01,0.2,0.1,0.05,0.05,0.02,0.04,0.01,0.05,0.01,0.02,0.02,0.05,0.02,0.05,0.1,0.01,0.1,0.01,0.02,0.1,0.01,0.05,0.01,0.05,0.05,0.05
14:54:00,0.05,0.1,0.1,0.05,0.05,0.05,0.02,0.02,0.06,0.02,0.01,0.02,0.04,0.01,0.06,0.05,0.01,0.05,0.1,0.05,0.1,0.1,0.05,0.01,0.02,0.1,0.1,0.06,0.05,0.05,0.02,0.01,0.01,0.05,0.01,0.02,0.01,0.02,0.01,0.1,0.05,0.1,0.05,0.1,0.05,0.05,0.05,0.01,0.01,0.04,0.05,0.02,0.02,0.02,0.1,0.01,0.2,0.05,0.05,0.1,0.01,0.05,0.01,0.01,0.02,0.05,0.2,0.1,0.05,0.01,0.01,0.05,0.05,0.01,0.2,0.05,0.05,0.1,0.02,0.04,0.01,0.1,0.01,0.02,0.02,0.05,0.04,0.05,0.1,0.01,0.1,0.01,0.04,0.15,0.01,0.05,0.01,0.05,0.05,0.1
14:55:00,0.05,0.1,0.1,0.05,0.05,0.05,0.02,0.02,0.06,0.02,0.01,0.02,0.04,0.01,0.06,0.1,0.01,0.05,0.1,0.05,0.1,0.1,0.05,0.01,0.02,0.1,0.1,0.06,0.05,0.05,0.02,0.03,0.01,0.05,0.01,0.02,0.01,0.02,0.01,0.1,0.05,0.1,0.1,0.05,0.05,0.05,0.05,0.01,0.01,0.04,0.05,0.02,0.02,0.02,0.1,0.01,0.2,0.05,0.05,0.1,0.01,0.05,0.01,0.01,0.02,0.05,0.2,0.1,0.05,0.01,0.01,0.05,0.05,0.01,0.2,0.05,0.05,0.1,0.02,0.02,0.01,0.05,0.01,0.02,0.02,0.05,0.04,0.05,0.2,0.01,0.1,0.01,0.02,0.1,0.01,0.05,0.01,0.05,0.05,0.1
14:56:00,0.05,0.05,0.1,0.05,0.05,0.05,0.02,0.02,0.04,0.02,0.01,0.02,0.02,0.01,0.02,0.1,0.01,0.05,0.1,0.05,0.05,0.05,0.05,0.01,0.02,0.1,0.05,0.04,0.05,0.05,0.02,0.03,0.01,0.05,0.01,0.02,0.01,0.02,0.01,0.05,0.05,0.1,0.05,0.1,0.05,0.05,0.1,0.01,0.01,0.06,0.05,0.02,0.02,0.02,0.1,0.01,0.2,0.05,0.05,0.1,0.01,0.05,0.01,0.01,0.02,0.05,0.2,0.05,0.05,0.02,0.01,0.05,0.05,0.01,0.2,0.05,0.05,0.1,0.02,0.02,0.01,0.05,0.01,0.02,0.02,0.05,0.02,0.05,0.3,0.01,0.1,0.02,0.02,0.05,0.01,0.05,0.01,0.05,0.05,0.05
14:57:00,0.05,0.05,0.05,0.05,0.05,0.05,0.02,0.02,0.04,0.02,0.01,0.02,0.02,0.01,0.02,0.05,0.01,0.05,0.1,0.05,0.05,0.1,0.05,0.01,0.02,0.1,0.05,0.04,0.05,0.05,0.02,0.02,0.01,0.05,0.01,0.02,0.01,0.01,0.01,0.1,0.05,0.1,0.05,0.05,0.05,0.05,0.05,0.01,0.01,0.06,0.05,0.02,0.02,0.02,0.1,0.01,0.2,0.05,0.05,0.1,0.01,0.05,0.01,0.01,0.02,0.05,0.2,0.05,0.05,0.02,0.01,0.05,0.05,0.01,0.2,0.05,0.1,0.1,0.02,0.02,0.01,0.05,0.01,0.02,0.02,0.05,0.02,0.05,0.1,0.01,0.1,0.02,0.02,0.1,0.01,0.05,0.01,0.05,0.05,0.05
14:58:00,0.05,0.1,0.1,0.05,0.05,0.05,0.02,0.02,0.02,0.02,0.01,0.02,0.02,0.01,0.02,0.05,0.01,0.05,0.1,0.05,0.05,0.1,0.05,0.01,0.02,0.1,0.05,0.02,0.05,0.05,0.02,0.02,0.01,0.05,0.01,0.04,0.01,0.01,0.01,0.1,0.05,0.1,0.05,0.05,0.05,0.05,0.05,0.01,0.01,0.04,0.05,0.02,0.02,0.02,0.1,0.01,0.2,0.05,0.05,0.1,0.01,0.05,0.01,0.01,0.02,0.05,0.2,0.05,0.05,0.01,0.01,0.05,0.05,0.01,0.4,0.05,0.1,0.1,0.02,0.02,0.02,0.05,0.01,0.02,0.02,0.05,0.02,0.05,0.1,0.01,0.1,0.02,0.02,0.1,0.01,0.05,0.01,0.05,0.05,0.05
14:59:00,0.05,0.05,0.1,0.05,0.05,0.05,0.02,0.02,0.02,0.02,0.01,0.02,0.02,0.01,0.04,0.05,0.01,0.05,0.1,0.05,0.05,0.1,0.05,0.01,0.02,0.1,0.05,0.02,0.05,0.05,0.02,0.02,0.01,0.05,0.01,0.04,0.01,0.01,0.01,0.1,0.05,0.1,0.05,0.05,0.05,0.05,0.05,0.01,0.01,0.06,0.05,0.02,0.02,0.02,0.1,0.01,0.2,0.05,0.05,0.05,0.01,0.05,0.01,0.01,0.02,0.05,0.2,0.1,0.05,0.01,0.01,0.05,0.05,0.01,0.2,0.05,0.1,0.1,0.02,0.02,0.01,0.05,0.01,0.02,0.02,0.05,0.02,0.05,0.1,0.01,0.1,0.01,0.02,0.1,0.01,0.05,0.01,0.05,0.05,0.05
15:00:00,0.05,0.05,0.05,0.05,0.05,0.05,0.02,0.02,0.02,0.02,0.01,0.02,0.04,0.01,0.04,0.05,0.01,0.05,0.1,0.05,0.05,0.1,0.1,0.01,0.02,0.1,0.05,0.02,0.05,0.1,0.02,0.01,0.02,0.05,0.01,0.02,0.01,0.02,0.01,0.1,0.05,0.1,0.05,0.05,0.05,0.05,0.05,0.01,0.01,0.06,0.05,0.01,0.02,0.02,0.1,0.01,0.2,0.05,0.05,0.1,0.01,0.05,0.01,0.01,0.02,0.05,0.2,0.1,0.05,0.01,0.01,0.05,0.05,0.01,0.2,0.05,0.1,0.1,0.02,0.02,0.01,0.05,0.01,0.02,0.02,0.05,0.02,0.1,0.1,0.01,0.1,0.01,0.04,0.1,0.01,0.05,0.01,0.05,0.05,0.05
15:01:00,0.1,0.05,0.1,0.05,0.05,0.05,0.02,0.02,0.02,0.02,0.01,0.02,0.02,0.01,0.02,0.05,0.01,0.05,0.1,0.05,0.05,0.05,0.1,0.01,0.02,0.1,0.05,0.02,0.05,0.1,0.04,0.01,0.02,0.1,0.01,0.02,0.01,0.02,0.01,0.1,0.05,0.1,0.05,0.05,0.05,0.05,0.05,0.01,0.01,0.06,0.05,0.01,0.02,0.02,0.2,0.01,0.2,0.05,0.05,0.1,0.01,0.05,0.01,0.01,0.02,0.05,0.2,0.1,0.05,0.01,0.01,0.05,0.05,0.01,0.2,0.05,0.1,0.1,0.02,0.02,0.01,0.05,0.01,0.02,0.02,0.05,0.02,0.05,0.1,0.01,0.1,0.01,0.04,0.1,0.01,0.05,0.01,0.05,0.05,0.05
15:02:00,0.1,0.05,0.1,0.05,0.05,0.1,0.02,0.02,0.02,0.02,0.01,0.02,0.04,0.01,0.04,0.05,0.01,0.05,0.1,0.05,0.05,0.1,0.05,0.01,0.02,0.1,0.05,0.04,0.05,0.1,0.02,0.01,0.02,0.05,0.01,0.02,0.01,0.02,0.01,0.1,0.1,0.1,0.05,0.15,0.05,0.05,0.05,0.01,0.01,0.04,0.05,0.03,0.02,0.02,0.1,0.01,0.2,0.05,0.05,0.05,0.01,0.05,0.01,0.01,0.02,0.05,0.2,0.1,0.05,0.02,0.01,0.05,0.1,0.01,0.2,0.05,0.1,0.05,0.02,0.02,0.01,0.05,0.01,0.02,0.02,0.05,0.02,0.1,0.2,0.01,0.1,0.01,0.02,0.1,0.01,0.05,0.01,0.05,0.05,0.05
15:03:00,0.1,0.05,0.05,0.05,0.07,0.1,0.02,0.02,0.04,0.04,0.01,0.02,0.04,0.01,0.02,0.05,0.01,0.05,0.1,0.05,0.05,0.05,0.05,0.01,0.02,0.1,0.05,0.04,0.1,0.1,0.02,0.01,0.02,0.05,0.01,0.02,0.01,0.02,0.01,0.05,0.05,0.1,0.05,0.1,0.1,0.05,0.05,0.01,0.01,0.04,0.05,0.03,0.02,0.02,0.2,0.01,0.2,0.05,0.05,0.05,0.01,0.05,0.01,0.01,0.02,0.05,0.2,0.1,0.05,0.02,0.01,0.05,0.05,0.01,0.2,0.05,0.05,0.05,0.02,0.02,0.01,0.05,0.01,0.02,0.02,0.05,0.02,0.05,0.1,0.01,0.1,0.01,0.02,0.1,0.01,0.05,0.01,0.05,0.05,0.05
15:04:00,0.1,0.05,0.05,0.05,0.07,0.1,0.02,0.02,0.02,0.02,0.01,0.02,0.04,0.01,0.04,0.05,0.01,0.05,0.1,0.05,0.05,0.05,0.1,0.01,0.02,0.1,0.05,0.04,0.05,0.1,0.02,0.01,0.02,0.05,0.01,0.02,0.01,0.02,0.01,0.05,0.05,0.1,0.05,0.1,0.05,0.05,0.1,0.01,0.01,0.04,0.05,0.02,0.02,0.02,0.2,0.01,0.2,0.05,0.05,0.05,0.01,0.1,0.01,0.01,0.02,0.05,0.2,0.1,0.1,0.02,0.01,0.05,0.05,0.01,0.2,0.05,0.05,0.05,0.02,0.02,0.01,0.05,0.01,0.02,0.02,0.05,0.02,0.05,0.2,0.01,0.1,0.01,0.02,0.15,0.01,0.05,0.01,0.05,0.05,0.1
15:05:00,0.1,0.05,0.05,0.05,0.07,0.05,0.02,0.02,0.02,0.02,0.01,0.02,0.02,0.01,0.04,0.05,0.01,0.05,0.1,0.05,0.05,0.05,0.05,0.01,0.01,0.1,0.05,0.04,0.05,0.05,0.02,0.01,0.01,0.05,0.01,0.02,0.01,0.01,0.01,0.05,0.05,0.1,0.05,0.05,0.1,0.05,0.05,0.01,0.01,0.04,0.05,0.02,0.04,0.02,0.1,0.01,0.2,0.05,0.05,0.05,0.01,0.05,0.01,0.01,0.02,0.05,0.4,0.1,0.05,0.02,0.01,0.05,0.05,0.01,0.2,0.05,0.05,0.05,0.02,0.02,0.01,0.05,0.01,0.02,0.02,0.05,0.02,0.05,0.2,0.01,0.1,0.01,0.02,0.1,0.01,0.05,0.01,0.05,0.05,0.05
15:06:00,0.1,0.05,0.05,0.05,0.07,0.05,0.02,0.02,0.02,0.02,0.01,0.02,0.02,0.01,0.04,0.05,0.01,0.05,0.1,0.05,0.05,0.1,0.1,0.01,0.01,0.1,0.05,0.04,0.05,0.05,0.02,0.02,0.01,0.05,0.01,0.02,0.01,0.01,0.01,0.05,0.05,0.1,0.05,0.1,0.1,0.05,0.05,0.01,0.01,0.02,0.05,0.02,0.02,0.02,0.1,0.01,0.2,0.05,0.05,0.05,0.01,0.05,0.01,0.01,0.02,0.05,0.2,0.1,0.1,0.02,0.01,0.05,0.05,0.01,0.2,0.05,0.05,0.05,0.02,0.04,0.01,0.05,0.01,0.02,0.01,0.15,0.02,0.05,0.1,0.01,0.1,0.01,0.04,0.1,0.01,0.05,0.01,0.05,0.05,0.05
15:07:00,0.1,0.05,0.1,0.05,0.05,0.05,0.02,0.02,0.02,0.04,0.01,0.02,0.04,0.01,0.02,0.05,0.01,0.05,0.1,0.05,0.05,0.1,0.1,0.01,0.01,0.1,0.05,0.04,0.05,0.1,0.02,0.02,0.01,0.05,0.01,0.02,0.01,0.01,0.01,0.1,0.05,0.1,0.05,0.05,0.05,0.05,0.05,0.01,0.01,0.04,0.05,0.02,0.02,0.02,0.1,0.01,0.2,0.05,0.05,0.05,0.01,0.05,0.01,0.01,0.02,0.05,0.4,0.1,0.05,0.02,0.01,0.05,0.05,0.01,0.2,0.05,0.05,0.05,0.02,0.02,0.01,0.05,0.01,0.02,0.01,0.05,0.02,0.05,0.1,0.01,0.1,0.01,0.02,0.1,0.01,0.05,0.01,0.05,0.05,0.1
15:08:00,0.1,0.05,0.1,0.05,0.05,0.05,0.02,0.02,0.02,0.02,0.01,0.02,0.04,0.01,0.04,0.05,0.01,0.05,0.1,0.05,0.1,0.1,0.1,0.01,0.01,0.1,0.05,0.04,0.05,0.1,0.02,0.01,0.01,0.05,0.01,0.02,0.01,0.01,0.01,0.1,0.05,0.1,0.05,0.1,0.05,0.05,0.05,0.01,0.01,0.04,0.05,0.01,0.02,0.02,0.2,0.01,0.2,0.05,0.05,0.05,0.01,0.1,0.01,0.01,0.02,0.05,0.4,0.1,0.05,0.01,0.01,0.05,0.05,0.01,0.2,0.05,0.05,0.05,0.02,0.04,0.01,0.05,0.01,0.02,0.01,0.1,0.02,0.05,0.1,0.01,0.1,0.01,0.02,0.1,0.01,0.05,0.01,0.05,0.05,0.1
15:09:00,0.1,0.05,0.05,0.05,0.1,0.05,0.02,0.02,0.02,0.02,0.01,0.02,0.04,0.01,0.04,0.1,0.01,0.05,0.1,0.1,0.1,0.1,0.1,0.02,0.01,0.1,0.05,0.04,0.05,0.1,0.02,0.01,0.01,0.05,0.01,0.02,0.01,0.02,0.01,0.15,0.05,0.1,0.1,0.05,0.05,0.05,0.05,0.01,0.01,0.08,0.05,0.01,0.02,0.02,0.2,0.01,0.2,0.05,0.05,0.05,0.01,0.05,0.01,0.01,0.02,0.05,0.2,0.1,0.1,0.01,0.01,0.05,0.05,0.01,0.4,0.05,0.05,0.05,0.02,0.02,0.01,0.05,0.01,0.02,0.01,0.1,0.02,0.05,0.2,0.01,0.1,0.01,0.02,0.1,0.01,0.05,0.01,0.1,0.05,0.1
15:10:00,0.1,0.05,0.1,0.05,0.05,0.1,0.02,0.02,0.02,0.02,0.01,0.02,0.04,0.01,0.04,0.05,0.01,0.05,0.1,0.05,0.1,0.1,0.05,0.01,0.01,0.1,0.05,0.04,0.1,0.1,0.02,0.01,0.01,0.05,0.01,0.02,0.01,0.02,0.01,0.15,0.05,0.1,0.05,0.1,0.05,0.05,0.05,0.01,0.01,0.06,0.05,0.01,0.02,0.02,0.1,0.01,0.2,0.05,0.05,0.05,0.01,0.05,0.01,0.01,0.02,0.05,0.2,0.1,0.05,0.01,0.01,0.05,0.05,0.01,0.2,0.05,0.05,0.05,0.02,0.04,0.01,0.05,0.01,0.02,0.01,0.05,0.02,0.05,0.2,0.01,0.2,0.01,0.04,0.1,0.01,0.05,0.01,0.1,0.05,0.05
15:11:00,0.05,0.05,0.05,0.05,0.05,0.05,0.02,0.02,0.02,0.02,0.01,0.02,0.06,0.01,0.04,0.05,0.01,0.05,0.1,0.05,0.1,0.1,0.1,0.01,0.01,0.1,0.05,0.04,0.1,0.1,0.02,0.01,0.01,0.05,0.01,0.02,0.01,0.02,0.01,0.15,0.05,0.1,0.1,0.1,0.05,0.05,0.05,0.01,0.01,0.04,0.05,0.01,0.02,0.02,0.2,0.01,0.2,0.05,0.05,0.05,0.01,0.05,0.01,0.01,0.02,0.1,0.2,0.05,0.05,0.01,0.01,0.05,0.05,0.01,0.2,0.05,0.05,0.05,0.02,0.04,0.01,0.05,0.01,0.02,0.01,0.05,0.02,0.05,0.1,0.01,0.1,0.01,0.04,0.1,0.01,0.05,0.01,0.1,0.05,0.05
15:12:00,0.05,0.05,0.05,0.05,0.05,0.05,0.02,0.02,0.02,0.02,0.01,0.02,0.06,0.01,0.04,0.05,0.01,0.05,0.1,0.05,0.1,0.1,0.1,0.01,0.01,0.1,0.05,0.06,0.05,0.05,0.02,0.01,0.01,0.05,0.01,0.02,0.01,0.01,0.01,0.15,0.05,0.1,0.05,0.1,0.05,0.05,0.05,0.01,0.01,0.02,0.05,0.01,0.02,0.02,0.2,0.01,0.2,0.05,0.05,0.05,0.01,0.05,0.01,0.01,0.02,0.1,0.2,0.05,0.05,0.01,0.01,0.05,0.05,0.01,0.2,0.05,0.05,0.05,0.02,0.04,0.01,0.05,0.01,0.02,0.02,0.05,0.02,0.05,0.1,0.01,0.1,0.01,0.04,0.1,0.01,0.05,0.01,0.1,0.05,0.05
15:13:00,0.05,0.05,0.05,0.05,0.05,0.05,0.02,0.02,0.02,0.04,0.01,0.02,0.04,0.01,0.06,0.05,0.01,0.05,0.1,0.05,0.1,0.1,0.1,0.01,0.01,0.1,0.05,0.06,0.05,0.05,0.02,0.03,0.01,0.1,0.01,0.02,0.01,0.01,0.01,0.1,0.05,0.1,0.1,0.1,0.05,0.05,0.05,0.01,0.01,0.02,0.05,0.01,0.02,0.04,0.2,0.01,0.2,0.05,0.05,0.05,0.01,0.05,0.01,0.01,0.02,0.1,0.2,0.05,0.05,0.01,0.01,0.05,0.05,0.01,0.2,0.05,0.05,0.05,0.02,0.04,0.01,0.05,0.01,0.02,0.01,0.1,0.02,0.1,0.1,0.01,0.1,0.01,0.02,0.1,0.01,0.05,0.01,0.1,0.05,0.05
15:14:00,0.05,0.05,0.05,0.05,0.05,0.05,0.02,0.02,0.02,0.04,0.01,0.02,0.02,0.01,0.06,0.05,0.01,0.1,0.1,0.05,0.1,0.05,0.1,0.01,0.01,0.1,0.05,0.06,0.05,0.05,0.02,0.03,0.01,0.05,0.01,0.02,0.01,0.01,0.01,0.05,0.05,0.1,0.1,0.05,0.05,0.05,0.05,0.01,0.01,0.04,0.05,0.01,0.02,0.04,0.1,0.01,0.2,0.05,0.05,0.05,0.01,0.05,0.01,0.01,0.02,0.05,0.2,0.05,0.05,0.01,0.01,0.05,0.05,0.02,0.2,0.05,0.05,0.05,0.02,0.02,0.01,0.05,0.01,0.02,0.02,0.1,0.02,0.15,0.1,0.01,0.1,0.01,0.02,0.05,0.01,0.05,0.01,0.1,0.05,0.05
15:15:00,0.05,0.05,0.05,0.05,0.05,0.05,0.02,0.02,0.02,0.02,0.01,0.02,0.02,0.01,0.04,0.05,0.01,0.05,0.1,0.05,0.1,0.05,0.05,0.01,0.01,0.1,0.05,0.06,0.05,0.05,0.02,0.03,0.01,0.05,0.01,0.02,0.01,0.01,0.01,0.1,0.05,0.1,0.05,0.1,0.05,0.05,0.05,0.01,0.01,0.04,0.05,0.01,0.02,0.02,0.1,0.01,0.2,0.05,0.05,0.05,0.01,0.05,0.01,0.01,0.02,0.05,0.2,0.05,0.05,0.01,0.01,0.05,0.05,0.01,0.2,0.05,0.05,0.05,0.02,0.04,0.01,0.05,0.01,0.02,0.03,0.2,0.02,0.1,0.1,0.01,0.1,0.01,0.02,0.1,0.01,0.05,0.01,0.1,0.05,0.05
15:16:00,0.05,0.05,0.05,0.05,0.05,0.05,0.02,0.02,0.02,0.02,0.01,0.02,0.02,0.01,0.04,0.05,0.01,0.05,0.1,0.05,0.1,0.05,0.05,0.01,0.01,0.1,0.05,0.06,0.05,0.05,0.02,0.02,0.01,0.05,0.01,0.02,0.01,0.01,0.01,0.15,0.05,0.1,0.05,0.1,0.05,0.05,0.05,0.01,0.01,0.02,0.05,0.03,0.02,0.02,0.1,0.01,0.2,0.05,0.05,0.05,0.01,0.05,0.01,0.01,0.02,0.05,0.4,0.05,0.05,0.01,0.01,0.05,0.05,0.01,0.2,0.05,0.05,0.05,0.02,0.04,0.01,0.05,0.01,0.04,0.03,0.1,0.02,0.1,0.1,0.01,0.1,0.01,0.02,0.1,0.01,0.05,0.01,0.1,0.05,0.05
15:17:00,0.05,0.05,0.05,0.05,0.05,0.05,0.02,0.02,0.02,0.02,0.01,0.02,0.02,0.01,0.04,0.05,0.01,0.05,0.1,0.05,0.1,0.05,0.05,0.01,0.02,0.1,0.05,0.06,0.05,0.05,0.02,0.02,0.01,0.05,0.01,0.02,0.01,0.01,0.01,0.1,0.05,0.1,0.05,0.1,0.05,0.05,0.1,0.01,0.01,0.02,0.05,0.03,0.02,0.02,0.2,0.01,0.2,0.05,0.05,0.05,0.01,0.05,0.01,0.01,0.02,0.05,0.4,0.05,0.05,0.01,0.01,0.05,0.05,0.02,0.2,0.05,0.05,0.05,0.02,0.04,0.01,0.05,0.01,0.04,0.02,0.05,0.02,0.1,0.1,0.01,0.1,0.01,0.02,0.1,0.01,0.05,0.01,0.05,0.05,0.05
15:18:00,0.05,0.05,0.05,0.05,0.05,0.1,0.02,0.02,0.02,0.02,0.01,0.02,0.02,0.01,0.02,0.05,0.01,0.05,0.1,0.05,0.05,0.05,0.1,0.01,0.02,0.1,0.05,0.06,0.05,0.05,0.02,0.01,0.02,0.05,0.01,0.02,0.01,0.02,0.01,0.1,0.05,0.1,0.05,0.1,0.05,0.05,0.05,0.01,0.01,0.04,0.05,0.03,0.02,0.02,0.2,0.01,0.2,0.05,0.05,0.05,0.01,0.05,0.01,0.01,0.02,0.05,0.2,0.1,0.05,0.01,0.01,0.05,0.05,0.01,0.2,0.05,0.05,0.1,0.02,0.04,0.01,0.05,0.01,0.04,0.02,0.05,0.02,0.1,0.1,0.01,0.1,0.01,0.02,0.15,0.01,0.1,0.01,0.05,0.05,0.05
15:19:00,0.05,0.05,0.1,0.05,0.05,0.05,0.02,0.02,0.02,0.02,0.01,0.02,0.02,0.01,0.02,0.05,0.01,0.05,0.1,0.1,0.05,0.05,0.1,0.01,0.02,0.1,0.05,0.04,0.05,0.05,0.02,0.03,0.01,0.05,0.01,0.02,0.01,0.02,0.01,0.05,0.05,0.1,0.05,0.05,0.05,0.05,0.05,0.01,0.01,0.02,0.05,0.03,0.02,0.02,0.2,0.01,0.2,0.05,0.05,0.05,0.01,0.05,0.01,0.01,0.02,0.05,0.2,0.1,0.05,0.01,0.01,0.05,0.05,0.01,0.2,0.05,0.05,0.05,0.02,0.04,0.01,0.05,0.01,0.04,0.02,0.05,0.02,0.1,0.1,0.01,0.1,0.01,0.02,0.15,0.01,0.05,0.01,0.05,0.05,0.05
15:20:00,0.05,0.05,0.05,0.05,0.05,0.05,0.02,0.02,0.02,0.02,0.01,0.02,0.02,0.01,0.02,0.05,0.01,0.05,0.1,0.1,0.1,0.05,0.1,0.01,0.02,0.1,0.05,0.04,0.1,0.05,0.02,0.03,0.01,0.05,0.01,0.02,0.01,0.02,0.02,0.05,0.05,0.2,0.05,0.05,0.05,0.1,0.05,0.01,0.01,0.04,0.05,0.02,0.02,0.02,0.2,0.01,0.2,0.05,0.05,0.1,0.01,0.05,0.01,0.01,0.02,0.05,0.2,0.1,0.05,0.01,0.01,0.05,0.05,0.01,0.2,0.05,0.05,0.05,0.02,0.04,0.01,0.05,0.01,0.02,0.01,0.05,0.02,0.1,0.1,0.01,0.1,0.01,0.02,0.15,0.01,0.05,0.01,0.2,0.05,0.05
15:21:00,0.05,0.05,0.05,0.05,0.05,0.05,0.02,0.02,0.02,0.02,0.01,0.02,0.02,0.01,0.02,0.1,0.01,0.05,0.1,0.05,0.1,0.05,0.1,0.01,0.02,0.1,0.05,0.04,0.05,0.05,0.02,0.03,0.01,0.05,0.01,0.02,0.01,0.02,0.01,0.1,0.05,0.1,0.05,0.05,0.1,0.05,0.05,0.01,0.01,0.02,0.05,0.01,0.02,0.02,0.2,0.01,0.2,0.05,0.05,0.05,0.01,0.1,0.01,0.01,0.02,0.05,0.2,0.1,0.05,0.01,0.01,0.05,0.05,0.01,0.2,0.05,0.05,0.05,0.02,0.04,0.02,0.05,0.01,0.02,0.03,0.05,0.02,0.1,0.1,0.01,0.1,0.01,0.04,0.15,0.01,0.05,0.01,0.15,0.05,0.05
15:22:00,0.05,0.05,0.05,0.05,0.05,0.05,0.02,0.04,0.04,0.02,0.01,0.02,0.02,0.01,0.04,0.1,0.01,0.05,0.1,0.1,0.1,0.05,0.05,0.01,0.01,0.1,0.05,0.06,0.1,0.05,0.02,0.03,0.03,0.1,0.01,0.02,0.01,0.01,0.01,0.1,0.05,0.1,0.05,0.05,0.1,0.05,0.05,0.01,0.01,0.02,0.05,0.01,0.02,0.02,0.1,0.01,0.2,0.05,0.05,0.05,0.01,0.05,0.01,0.01,0.02,0.05,0.2,0.1,0.05,0.01,0.01,0.05,0.05,0.01,0.2,0.05,0.05,0.05,0.02,0.04,0.01,0.05,0.01,0.02,0.02,0.05,0.02,0.05,0.1,0.01,0.1,0.01,0.04,0.2,0.01,0.05,0.01,0.1,0.05,0.05
15:23:00,0.05,0.05,0.05,0.05,0.05,0.05,0.02,0.04,0.04,0.04,0.01,0.02,0.02,0.01,0.04,0.05,0.01,0.05,0.1,0.05,0.1,0.05,0.1,0.01,0.01,0.1,0.05,0.06,0.05,0.1,0.02,0.03,0.03,0.1,0.01,0.02,0.01,0.01,0.01,0.1,0.05,0.1,0.05,0.05,0.05,0.05,0.05,0.01,0.01,0.02,0.05,0.01,0.02,0.04,0.1,0.01,0.2,0.05,0.1,0.05,0.01,0.05,0.01,0.01,0.02,0.05,0.2,0.1,0.05,0.01,0.01,0.05,0.05,0.01,0.4,0.1,0.05,0.05,0.02,0.04,0.01,0.05,0.01,0.02,0.02,0.05,0.02,0.05,0.1,0.01,0.1,0.01,0.02,0.2,0.01,0.05,0.01,0.05,0.05,0.05
15:24:00,0.05,0.05,0.05,0.05,0.05,0.05,0.02,0.02,0.04,0.04,0.01,0.02,0.02,0.01,0.04,0.05,0.01,0.05,0.1,0.05,0.1,0.05,0.1,0.01,0.01,0.1,0.05,0.06,0.05,0.1,0.02,0.01,0.03,0.05,0.01,0.02,0.01,0.01,0.01,0.1,0.05,0.1,0.05,0.05,0.05,0.1,0.05,0.01,0.01,0.02,0.05,0.01,0.02,0.02,0.2,0.01,0.2,0.05,0.1,0.05,0.01,0.05,0.01,0.02,0.02,0.05,0.2,0.1,0.05,0.01,0.01,0.05,0.05,0.02,0.2,0.05,0.05,0.05,0.02,0.02,0.01,0.05,0.01,0.02,0.02,0.05,0.02,0.05,0.1,0.01,0.1,0.01,0.02,0.2,0.01,0.05,0.01,0.1,0.05,0.05
15:25:00,0.1,0.05,0.1,0.05,0.05,0.05,0.02,0.02,0.04,0.02,0.01,0.02,0.02,0.01,0.02,0.1,0.02,0.05,0.2,0.05,0.05,0.05,0.1,0.02,0.01,0.1,0.1,0.04,0.05,0.05,0.02,0.01,0.02,0.05,0.01,0.02,0.01,0.01,0.01,0.1,0.05,0.1,0.05,0.05,0.15,0.05,0.05,0.01,0.01,0.02,0.05,0.04,0.02,0.02,0.1,0.02,0.2,0.05,0.05,0.05,0.01,0.05,0.02,0.01,0.02,0.05,0.2,0.1,0.1,0.01,0.01,0.05,0.05,0.02,0.2,0.05,0.05,0.05,0.02,0.02,0.01,0.05,0.01,0.02,0.01,0.1,0.02,0.15,0.1,0.01,0.1,0.01,0.04,0.1,0.01,0.05,0.01,0.1,0.05,0.05
15:26:00,0.1,0.05,0.05,0.05,0.05,0.05,0.02,0.02,0.04,0.02,0.01,0.02,0.02,0.01,0.02,0.1,0.02,0.1,0.2,0.05,0.05,0.05,0.1,0.01,0.02,0.2,0.1,0.04,0.1,0.05,0.02,0.01,0.02,0.05,0.01,0.02,0.01,0.01,0.01,0.1,0.05,0.2,0.05,0.1,0.15,0.05,0.05,0.01,0.01,0.02,0.05,0.04,0.02,0.02,0.1,0.01,0.2,0.05,0.1,0.05,0.01,0.1,0.01,0.01,0.02,0.05,0.2,0.1,0.05,0.01,0.01,0.05,0.05,0.01,0.2,0.05,0.05,0.05,0.02,0.02,0.01,0.1,0.01,0.02,0.01,0.1,0.02,0.1,0.2,0.01,0.1,0.01,0.02,0.1,0.01,0.05,0.01,0.1,0.05,0.05
15:27:00,0.05,0.05,0.05,0.05,0.05,0.05,0.02,0.02,0.04,0.02,0.01,0.02,0.02,0.01,0.04,0.1,0.01,0.05,0.2,0.05,0.1,0.1,0.1,0.01,0.02,0.1,0.1,0.04,0.1,0.05,0.02,0.01,0.02,0.1,0.01,0.02,0.01,0.01,0.01,0.1,0.1,0.1,0.05,0.1,0.1,0.05,0.05,0.01,0.01,0.02,0.05,0.04,0.02,0.02,0.1,0.01,0.4,0.05,0.1,0.05,0.01,0.05,0.01,0.01,0.02,0.05,0.2,0.05,0.05,0.01,0.01,0.05,0.05,0.01,0.2,0.05,0.05,0.05,0.02,0.02,0.01,0.05,0.01,0.04,0.03,0.05,0.02,0.1,0.3,0.01,0.1,0.02,0.02,0.1,0.01,0.05,0.01,0.1,0.05,0.05
15:28:00,0.05,0.05,0.05,0.05,0.05,0.05,0.02,0.02,0.02,0.02,0.01,0.02,0.02,0.01,0.04,0.1,0.01,0.05,0.2,0.1,0.1,0.1,0.1,0.01,0.01,0.1,0.1,0.04,0.05,0.05,0.02,0.01,0.01,0.05,0.01,0.02,0.01,0.01,0.01,0.1,0.1,0.1,0.05,0.1,0.1,0.1,0.15,0.01,0.01,0.04,0.05,0.04,0.02,0.02,0.1,0.01,0.2,0.05,0.1,0.05,0.01,0.05,0.02,0.01,0.02,0.05,0.2,0.05,0.05,0.01,0.01,0.05,0.05,0.01,0.2,0.05,0.05,0.05,0.02,0.02,0.01,0.05,0.01,0.04,0.03,0.05,0.02,0.05,0.1,0.01,0.1,0.01,0.02,0.1,0.01,0.05,0.01,0.05,0.05,0.05
15:29:00,0.05,0.05,0.05,0.05,0.05,0.05,0.02,0.02,0.02,0.04,0.01,0.02,0.02,0.01,0.04,0.05,0.01,0.05,0.2,0.05,0.1,0.1,0.05,0.01,0.02,0.1,0.1,0.04,0.1,0.05,0.02,0.01,0.01,0.05,0.01,0.02,0.01,0.01,0.01,0.1,0.1,0.1,0.05,0.1,0.05,0.1,0.05,0.01,0.01,0.04,0.05,0.04,0.02,0.02,0.1,0.01,0.2,0.05,0.05,0.05,0.01,0.05,0.01,0.01,0.02,0.05,0.2,0.05,0.05,0.01,0.01,0.05,0.05,0.01,0.2,0.05,0.05,0.05,0.02,0.02,0.01,0.05,0.01,0.02,0.03,0.05,0.02,0.05,0.1,0.01,0.1,0.01,0.02,0.1,0.01,0.05,0.01,0.05,0.05,0.05
15:30:00,0.05,0.05,0.05,0.05,0.05,0.05,0.02,0.02,0.02,0.02,0.01,0.02,0.02,0.01,0.04,0.05,0.01,0.05,0.2,0.05,0.15,0.1,0.05,0.01,0.02,0.1,0.05,0.04,0.05,0.05,0.02,0.02,0.01,0.05,0.01,0.02,0.01,0.01,0.01,0.1,0.05,0.1,0.05,0.1,0.05,0.1,0.05,0.01,0.01,0.06,0.05,0.04,0.02,0.02,0.1,0.01,0.2,0.05,0.05,0.05,0.01,0.05,0.01,0.01,0.04,0.05,0.2,0.05,0.05,0.01,0.01,0.05,0.05,0.01,0.4,0.05,0.05,0.05,0.02,0.02,0.01,0.05,0.01,0.02,0.02,0.05,0.02,0.1,0.1,0.01,0.1,0.01,0.02,0.05,0.01,0.05,0.01,0.05,0.05,0.05
15:31:00,0.05,0.05,0.1,0.05,0.05,0.05,0.02,0.02,0.02,0.02,0.01,0.02,0.04,0.01,0.04,0.05,0.01,0.05,0.2,0.05,0.1,0.05,0.05,0.02,0.02,0.1,0.05,0.04,0.05,0.05,0.02,0.03,0.01,0.05,0.01,0.02,0.01,0.01,0.01,0.1,0.05,0.1,0.05,0.05,0.05,0.05,0.05,0.01,0.01,0.04,0.05,0.03,0.02,0.02,0.1,0.01,0.2,0.05,0.05,0.05,0.01,0.05,0.01,0.01,0.04,0.05,0.2,0.05,0.05,0.01,0.01,0.05,0.05,0.01,0.2,0.05,0.05,0.05,0.04,0.04,0.01,0.05,0.01,0.04,0.02,0.05,0.04,0.05,0.1,0.01,0.1,0.01,0.02,0.1,0.01,0.05,0.01,0.05,0.05,0.05
15:32:00,0.05,0.05,0.1,0.05,0.05,0.05,0.02,0.02,0.04,0.02,0.01,0.04,0.04,0.01,0.04,0.1,0.01,0.05,0.2,0.05,0.1,0.05,0.05,0.01,0.01,0.1,0.05,0.04,0.05,0.05,0.02,0.03,0.01,0.05,0.01,0.02,0.01,0.01,0.01,0.1,0.05,0.1,0.05,0.05,0.05,0.05,0.05,0.01,0.01,0.04,0.05,0.03,0.02,0.02,0.1,0.01,0.2,0.05,0.05,0.05,0.01,0.05,0.01,0.01,0.04,0.05,0.2,0.05,0.05,0.01,0.01,0.05,0.05,0.01,0.4,0.05,0.1,0.05,0.02,0.02,0.01,0.05,0.01,0.04,0.02,0.15,0.04,0.05,0.1,0.01,0.1,0.01,0.02,0.1,0.01,0.05,0.01,0.05,0.05,0.05
15:33:00,0.1,0.05,0.1,0.05,0.05,0.05,0.02,0.02,0.04,0.02,0.01,0.02,0.04,0.01,0.04,0.05,0.01,0.05,0.2,0.05,0.05,0.05,0.05,0.01,0.01,0.1,0.05,0.04,0.05,0.05,0.02,0.01,0.01,0.05,0.01,0.02,0.01,0.01,0.01,0.1,0.05,0.1,0.05,0.05,0.05,0.05,0.05,0.01,0.01,0.04,0.05,0.03,0.02,0.02,0.1,0.01,0.2,0.05,0.05,0.05,0.01,0.05,0.01,0.01,0.04,0.05,0.4,0.1,0.05,0.01,0.01,0.05,0.05,0.01,0.2,0.05,0.1,0.05,0.02,0.02,0.01,0.05,0.01,0.04,0.02,0.05,0.02,0.05,0.1,0.01,0.1,0.01,0.02,0.05,0.01,0.05,0.01,0.1,0.05,0.05
15:34:00,0.1,0.05,0.05,0.05,0.05,0.05,0.02,0.02,0.02,0.02,0.01,0.02,0.02,0.01,0.04,0.05,0.01,0.05,0.1,0.05,0.1,0.05,0.05,0.01,0.01,0.1,0.05,0.04,0.05,0.05,0.02,0.01,0.01,0.05,0.01,0.02,0.01,0.01,0.01,0.15,0.05,0.1,0.05,0.05,0.05,0.1,0.05,0.01,0.01,0.04,0.05,0.03,0.02,0.02,0.1,0.01,0.2,0.05,0.05,0.05,0.01,0.05,0.02,0.01,0.04,0.05,0.2,0.1,0.05,0.01,0.01,0.05,0.05,0.02,0.2,0.1,0.1,0.05,0.02,0.02,0.01,0.05,0.01,0.04,0.01,0.05,0.02,0.05,0.1,0.01,0.1,0.01,0.02,0.1,0.01,0.05,0.01,0.1,0.05,0.05
15:35:00,0.1,0.05,0.05,0.05,0.05,0.05,0.02,0.02,0.02,0.02,0.01,0.02,0.02,0.01,0.04,0.05,0.01,0.05,0.1,0.05,0.1,0.05,0.1,0.01,0.01,0.1,0.05,0.04,0.05,0.05,0.02,0.01,0.01,0.05,0.01,0.02,0.02,0.01,0.01,0.15,0.05,0.1,0.05,0.1,0.1,0.1,0.15,0.01,0.01,0.04,0.05,0.03,0.02,0.02,0.1,0.01,0.2,0.1,0.1,0.1,0.01,0.05,0.02,0.01,0.04,0.05,0.2,0.1,0.05,0.01,0.01,0.05,0.05,0.02,0.2,0.1,0.1,0.05,0.02,0.04,0.02,0.05,0.01,0.04,0.02,0.05,0.02,0.05,0.1,0.01,0.1,0.01,0.02,0.05,0.01,0.05,0.01,0.05,0.05,0.05
15:36:00,0.05,0.05,0.05,0.05,0.05,0.1,0.02,0.02,0.02,0.02,0.01,0.04,0.02,0.01,0.04,0.05,0.01,0.1,0.1,0.1,0.05,0.05,0.05,0.02,0.01,0.1,0.1,0.04,0.05,0.05,0.02,0.01,0.01,0.05,0.01,0.02,0.01,0.02,0.01,0.1,0.1,0.1,0.05,0.05,0.15,0.1,0.1,0.01,0.01,0.02,0.05,0.03,0.02,0.02,0.1,0.01,0.2,0.1,0.05,0.1,0.01,0.05,0.01,0.01,0.04,0.05,0.2,0.1,0.05,0.01,0.01,0.05,0.05,0.01,0.2,0.05,0.05,0.05,0.02,0.02,0.02,0.05,0.01,0.02,0.02,0.05,0.02,0.05,0.1,0.01,0.1,0.01,0.02,0.1,0.01,0.05,0.01,0.05,0.05,0.05
15:37:00,0.1,0.1,0.05,0.05,0.05,0.05,0.02,0.02,0.02,0.04,0.01,0.02,0.02,0.01,0.04,0.05,0.01,0.05,0.1,0.1,0.05,0.05,0.1,0.02,0.01,0.1,0.05,0.02,0.05,0.05,0.02,0.01,0.01,0.05,0.01,0.02,0.01,0.02,0.01,0.1,0.05,0.1,0.05,0.05,0.15,0.05,0.05,0.01,0.01,0.02,0.05,0.03,0.02,0.02,0.1,0.01,0.2,0.1,0.05,0.05,0.01,0.05,0.01,0.01,0.04,0.1,0.4,0.05,0.05,0.01,0.01,0.05,0.05,0.01,0.2,0.05,0.05,0.05,0.02,0.02,0.01,0.05,0.01,0.02,0.02,0.1,0.02,0.05,0.2,0.01,0.1,0.01,0.02,0.1,0.01,0.05,0.01,0.05,0.05,0.05
15:38:00,0.05,0.1,0.05,0.05,0.05,0.1,0.02,0.02,0.02,0.02,0.01,0.02,0.02,0.01,0.04,0.05,0.01,0.05,0.2,0.1,0.05,0.05,0.1,0.01,0.01,0.1,0.1,0.02,0.05,0.05,0.02,0.01,0.01,0.05,0.01,0.04,0.01,0.01,0.01,0.1,0.05,0.1,0.05,0.05,0.15,0.05,0.05,0.01,0.01,0.02,0.05,0.03,0.02,0.02,0.1,0.01,0.2,0.1,0.05,0.05,0.01,0.05,0.01,0.01,0.02,0.1,0.2,0.05,0.05,0.01,0.01,0.05,0.05,0.01,0.2,0.05,0.05,0.05,0.02,0.04,0.01,0.05,0.01,0.02,0.01,0.2,0.02,0.05,0.1,0.01,0.1,0.01,0.02,0.05,0.01,0.05,0.01,0.05,0.1,0.05
15:39:00,0.1,0.1,0.05,0.05,0.05,0.05,0.02,0.02,0.04,0.02,0.01,0.02,0.02,0.01,0.04,0.05,0.01,0.05,0.2,0.05,0.05,0.05,0.1,0.02,0.01,0.1,0.1,0.02,0.1,0.05,0.02,0.02,0.01,0.1,0.01,0.04,0.01,0.02,0.01,0.05,0.05,0.1,0.05,0.15,0.15,0.05,0.05,0.01,0.01,0.02,0.05,0.03,0.02,0.06,0.1,0.01,0.2,0.05,0.05,0.1,0.01,0.05,0.01,0.01,0.02,0.1,0.2,0.05,0.05,0.01,0.01,0.05,0.05,0.01,0.2,0.05,0.05,0.1,0.02,0.04,0.01,0.05,0.01,0.02,0.03,0.2,0.02,0.05,0.1,0.01,0.1,0.01,0.02,0.05,0.01,0.05,0.01,0.05,0.1,0.1
15:40:00,0.1,0.1,0.05,0.05,0.05,0.05,0.02,0.02,0.04,0.02,0.01,0.02,0.02,0.01,0.06,0.05,0.01,0.05,0.1,0.05,0.05,0.05,0.05,0.02,0.01,0.1,0.1,0.02,0.05,0.1,0.02,0.01,0.01,0.1,0.01,0.02,0.01,0.02,0.01,0.1,0.05,0.1,0.05,0.1,0.05,0.05,0.05,0.01,0.01,0.02,0.05,0.03,0.02,0.02,0.2,0.01,0.2,0.05,0.05,0.1,0.01,0.05,0.02,0.01,0.02,0.1,0.2,0.05,0.05,0.01,0.01,0.05,0.05,0.01,0.2,0.05,0.1,0.05,0.02,0.02,0.01,0.05,0.01,0.02,0.02,0.1,0.02,0.05,0.1,0.01,0.1,0.01,0.02,0.05,0.01,0.05,0.01,0.05,0.1,0.05
15:41:00,0.05,0.1,0.05,0.05,0.05,0.05,0.02,0.04,0.04,0.02,0.01,0.02,0.02,0.01,0.06,0.05,0.01,0.05,0.2,0.05,0.05,0.05,0.05,0.01,0.01,0.1,0.1,0.04,0.1,0.1,0.02,0.01,0.02,0.05,0.01,0.02,0.01,0.03,0.01,0.05,0.1,0.2,0.05,0.05,0.05,0.05,0.05,0.01,0.01,0.04,0.05,0.02,0.02,0.02,0.1,0.01,0.2,0.05,0.05,0.1,0.01,0.05,0.01,0.01,0.02,0.1,0.4,0.1,0.05,0.01,0.01,0.05,0.1,0.02,0.2,0.05,0.1,0.05,0.02,0.02,0.02,0.05,0.01,0.02,0.03,0.2,0.02,0.15,0.1,0.01,0.1,0.01,0.02,0.05,0.01,0.05,0.01,0.05,0.05,0.05
15:42:00,0.05,0.15,0.05,0.05,0.05,0.05,0.02,0.02,0.04,0.02,0.01,0.02,0.02,0.01,0.06,0.05,0.01,0.05,0.3,0.1,0.05,0.05,0.05,0.01,0.01,0.1,0.1,0.04,0.05,0.05,0.02,0.01,0.01,0.1,0.01,0.02,0.01,0.02,0.01,0.05,0.1,0.1,0.05,0.1,0.1,0.1,0.05,0.01,0.01,0.02,0.05,0.01,0.04,0.02,0.1,0.01,0.2,0.05,0.05,0.15,0.01,0.05,0.01,0.01,0.02,0.1,0.2,0.15,0.05,0.01,0.01,0.05,0.05,0.01,0.2,0.05,0.1,0.05,0.02,0.02,0.01,0.05,0.01,0.02,0.02,0.2,0.06,0.05,0.1,0.01,0.1,0.01,0.02,0.1,0.01,0.05,0.01,0.05,0.05,0.05
15:43:00,0.05,0.05,0.05,0.05,0.05,0.05,0.02,0.02,0.04,0.02,0.01,0.02,0.02,0.01,0.06,0.05,0.01,0.05,0.4,0.1,0.1,0.1,0.05,0.01,0.01,0.1,0.1,0.04,0.05,0.05,0.02,0.01,0.01,0.05,0.01,0.02,0.01,0.01,0.01,0.1,0.05,0.2,0.05,0.05,0.05,0.1,0.05,0.01,0.01,0.04,0.05,0.01,0.02,0.02,0.1,0.01,0.2,0.1,0.05,0.15,0.01,0.05,0.02,0.01,0.04,0.1,0.2,0.15,0.05,0.02,0.01,0.05,0.05,0.01,0.2,0.05,0.1,0.05,0.02,0.04,0.01,0.05,0.01,0.02,0.02,0.15,0.06,0.05,0.1,0.01,0.1,0.01,0.02,0.1,0.01,0.05,0.01,0.05,0.05,0.05
15:44:00,0.05,0.1,0.05,0.05,0.05,0.05,0.02,0.04,0.04,0.02,0.01,0.02,0.02,0.01,0.04,0.05,0.01,0.05,0.5,0.05,0.05,0.1,0.05,0.02,0.01,0.1,0.05,0.04,0.1,0.05,0.02,0.01,0.01,0.05,0.01,0.04,0.01,0.01,0.01,0.1,0.05,0.1,0.05,0.05,0.05,0.1,0.05,0.01,0.01,0.04,0.05,0.01,0.02,0.02,0.1,0.01,0.4,0.1,0.05,0.15,0.01,0.05,0.01,0.01,0.02,0.1,0.2,0.15,0.05,0.01,0.01,0.05,0.05,0.02,0.2,0.05,0.1,0.05,0.02,0.04,0.01,0.05,0.01,0.02,0.02,0.05,0.04,0.05,0.1,0.01,0.1,0.01,0.02,0.05,0.01,0.05,0.01,0.05,0.05,0.1
15:45:00,0.05,0.1,0.1,0.05,0.05,0.05,0.02,0.04,0.04,0.02,0.01,0.02,0.02,0.01,0.04,0.05,0.01,0.05,0.5,0.1,0.1,0.05,0.05,0.01,0.01,0.1,0.1,0.04,0.05,0.05,0.02,0.01,0.02,0.05,0.01,0.02,0.01,0.01,0.01,0.05,0.05,0.1,0.05,0.05,0.05,0.1,0.05,0.01,0.01,0.02,0.05,0.01,0.02,0.02,0.1,0.01,0.2,0.1,0.05,0.15,0.01,0.05,0.01,0.01,0.02,0.1,0.2,0.1,0.05,0.01,0.01,0.05,0.05,0.01,0.2,0.05,0.1,0.05,0.02,0.04,0.03,0.05,0.01,0.02,0.02,0.2,0.04,0.05,0.1,0.01,0.1,0.01,0.02,0.05,0.01,0.1,0.01,0.05,0.05,0.05
15:46:00,0.05,0.1,0.1,0.05,0.05,0.05,0.02,0.02,0.04,0.02,0.01,0.02,0.02,0.01,0.04,0.05,0.01,0.05,0.5,0.35,0.1,0.05,0.05,0.01,0.01,0.1,0.1,0.04,0.05,0.05,0.02,0.01,0.02,0.05,0.01,0.02,0.01,0.02,0.01,0.05,0.05,0.1,0.05,0.05,0.15,0.1,0.05,0.01,0.01,0.02,0.05,0.02,0.02,0.02,0.1,0.01,0.2,0.1,0.05,0.1,0.01,0.05,0.01,0.01,0.02,0.1,0.2,0.05,0.05,0.01,0.01,0.05,0.05,0.01,0.4,0.05,0.1,0.05,0.02,0.04,0.03,0.05,0.01,0.02,0.02,0.05,0.04,0.05,0.1,0.01,0.1,0.01,0.04,0.05,0.01,0.05,0.01,0.05,0.05,0.05
15:47:00,0.05,0.05,0.1,0.05,0.05,0.05,0.02,0.02,0.04,0.02,0.01,0.02,0.02,0.01,0.02,0.1,0.01,0.05,0.5,0.2,0.05,0.05,0.05,0.02,0.01,0.1,0.1,0.04,0.05,0.05,0.02,0.01,0.02,0.05,0.01,0.02,0.01,0.01,0.01,0.05,0.05,0.1,0.05,0.05,0.1,0.1,0.05,0.01,0.01,0.02,0.05,0.02,0.02,0.02,0.1,0.01,0.2,0.05,0.05,0.1,0.01,0.05,0.01,0.01,0.02,0.05,0.2,0.05,0.05,0.01,0.02,0.1,0.05,0.01,0.2,0.05,0.1,0.05,0.02,0.04,0.01,0.05,0.01,0.02,0.01,0.1,0.04,0.05,0.1,0.01,0.1,0.01,0.02,0.1,0.01,0.1,0.01,0.05,0.05,0.05
15:48:00,0.1,0.05,0.05,0.05,0.1,0.05,0.02,0.02,0.04,0.02,0.01,0.02,0.02,0.01,0.04,0.05,0.02,0.05,0.5,0.15,0.05,0.05,0.05,0.01,0.01,0.1,0.1,0.04,0.1,0.05,0.02,0.01,0.02,0.05,0.01,0.02,0.01,0.01,0.01,0.05,0.05,0.1,0.1,0.05,0.05,0.05,0.05,0.01,0.01,0.06,0.05,0.01,0.02,0.02,0.1,0.01,0.2,0.05,0.05,0.1,0.01,0.05,0.01,0.01,0.04,0.05,0.2,0.05,0.05,0.01,0.02,0.05,0.05,0.02,0.2,0.05,0.1,0.05,0.02,0.04,0.02,0.05,0.01,0.02,0.01,0.25,0.02,0.05,0.1,0.01,0.1,0.01,0.02,0.1,0.01,0.05,0.01,0.05,0.05,0.1
15:49:00,0.05,0.05,0.1,0.05,0.1,0.05,0.02,0.02,0.04,0.02,0.01,0.02,0.02,0.01,0.02,0.05,0.02,0.05,0.5,0.1,0.05,0.05,0.05,0.01,0.01,0.1,0.1,0.04,0.1,0.05,0.02,0.01,0.02,0.1,0.01,0.02,0.01,0.01,0.02,0.1,0.05,0.1,0.05,0.05,0.05,0.05,0.05,0.01,0.01,0.06,0.05,0.02,0.02,0.02,0.1,0.01,0.2,0.05,0.05,0.1,0.01,0.05,0.01,0.01,0.04,0.1,0.2,0.1,0.05,0.02,0.01,0.05,0.05,0.02,0.2,0.05,0.05,0.1,0.02,0.04,0.02,0.05,0.01,0.02,0.01,0.05,0.04,0.05,0.1,0.01,0.1,0.01,0.02,0.1,0.01,0.05,0.01,0.1,0.05,0.05
15:50:00,0.05,0.05,0.1,0.05,0.05,0.05,0.02,0.02,0.04,0.02,0.01,0.02,0.02,0.01,0.02,0.05,0.01,0.05,0.5,0.1,0.05,0.1,0.05,0.02,0.02,0.1,0.1,0.04,0.1,0.05,0.02,0.01,0.02,0.1,0.01,0.02,0.01,0.01,0.01,0.1,0.05,0.2,0.05,0.05,0.15,0.05,0.05,0.01,0.01,0.04,0.05,0.01,0.02,0.02,0.1,0.01,0.2,0.05,0.05,0.05,0.01,0.05,0.01,0.01,0.04,0.1,0.2,0.05,0.05,0.01,0.01,0.05,0.05,0.01,0.2,0.05,0.1,0.05,0.02,0.02,0.02,0.05,0.01,0.02,0.01,0.1,0.02,0.05,0.1,0.01,0.1,0.01,0.04,0.05,0.01,0.05,0.01,0.1,0.05,0.05
15:51:00,0.05,0.1,0.1,0.05,0.05,0.1,0.02,0.02,0.04,0.02,0.01,0.02,0.02,0.01,0.04,0.05,0.01,0.05,0.6,0.1,0.05,0.05,0.05,0.01,0.01,0.1,0.1,0.04,0.1,0.05,0.02,0.01,0.01,0.05,0.01,0.04,0.02,0.01,0.01,0.05,0.05,0.2,0.05,0.05,0.1,0.05,0.1,0.01,0.02,0.02,0.05,0.01,0.02,0.02,0.1,0.01,0.2,0.05,0.05,0.05,0.01,0.05,0.01,0.01,0.04,0.1,0.2,0.05,0.05,0.01,0.01,0.05,0.05,0.01,0.2,0.05,0.05,0.05,0.02,0.02,0.02,0.05,0.01,0.02,0.02,0.1,0.02,0.1,0.1,0.01,0.1,0.01,0.02,0.05,0.01,0.05,0.01,0.1,0.05,0.1
15:52:00,0.05,0.1,0.1,0.05,0.1,0.1,0.02,0.02,0.02,0.02,0.01,0.02,0.02,0.01,0.04,0.05,0.02,0.05,0.6,0.05,0.05,0.05,0.05,0.02,0.01,0.1,0.1,0.04,0.05,0.05,0.02,0.01,0.01,0.05,0.01,0.04,0.01,0.01,0.01,0.05,0.05,0.1,0.05,0.05,0.1,0.05,0.05,0.01,0.01,0.02,0.05,0.01,0.02,0.02,0.1,0.01,0.2,0.05,0.05,0.05,0.01,0.05,0.01,0.01,0.02,0.1,0.2,0.05,0.05,0.01,0.02,0.05,0.05,0.01,0.2,0.05,0.1,0.1,0.02,0.02,0.02,0.05,0.01,0.02,0.02,0.05,0.02,0.1,0.1,0.01,0.1,0.01,0.02,0.05,0.01,0.1,0.01,0.1,0.05,0.05
15:53:00,0.05,0.1,0.05,0.05,0.05,0.1,0.02,0.04,0.02,0.04,0.01,0.02,0.02,0.01,0.04,0.05,0.02,0.05,0.4,0.1,0.1,0.05,0.05,0.01,0.02,0.1,0.1,0.04,0.1,0.05,0.02,0.01,0.02,0.1,0.01,0.02,0.01,0.01,0.01,0.1,0.05,0.1,0.05,0.1,0.05,0.05,0.05,0.01,0.01,0.02,0.1,0.01,0.02,0.02,0.1,0.01,0.2,0.05,0.05,0.05,0.01,0.05,0.01,0.01,0.02,0.05,0.2,0.05,0.05,0.01,0.01,0.05,0.05,0.02,0.2,0.1,0.15,0.05,0.02,0.02,0.01,0.05,0.01,0.02,0.02,0.05,0.02,0.1,0.1,0.01,0.1,0.01,0.02,0.05,0.01,0.05,0.01,0.05,0.05,0.05
15:54:00,0.05,0.05,0.05,0.05,0.05,0.15,0.02,0.02,0.02,0.02,0.01,0.02,0.02,0.01,0.04,0.05,0.01,0.05,0.4,0.15,0.05,0.05,0.05,0.01,0.02,0.1,0.05,0.02,0.05,0.05,0.02,0.01,0.02,0.1,0.01,0.02,0.01,0.01,0.01,0.1,0.1,0.1,0.05,0.05,0.05,0.05,0.05,0.01,0.01,0.02,0.1,0.01,0.02,0.02,0.1,0.01,0.2,0.05,0.1,0.05,0.01,0.05,0.01,0.01,0.02,0.05,0.2,0.1,0.05,0.01,0.01,0.05,0.05,0.01,0.2,0.05,0.1,0.05,0.02,0.02,0.01,0.05,0.01,0.02,0.01,0.05,0.02,0.05,0.1,0.01,0.1,0.01,0.02,0.05,0.01,0.05,0.01,0.05,0.05,0.05
15:55:00,0.05,0.05,0.05,0.05,0.05,0.05,0.02,0.02,0.04,0.02,0.01,0.02,0.02,0.01,0.04,0.05,0.01,0.05,0.2,0.15,0.05,0.1,0.05,0.01,0.01,0.1,0.05,0.02,0.05,0.05,0.02,0.01,0.02,0.05,0.01,0.02,0.01,0.01,0.01,0.1,0.05,0.1,0.05,0.1,0.05,0.05,0.05,0.01,0.01,0.04,0.1,0.01,0.04,0.02,0.1,0.01,0.2,0.05,0.1,0.05,0.01,0.05,0.01,0.01,0.04,0.1,0.4,0.05,0.05,0.01,0.01,0.05,0.05,0.01,0.2,0.05,0.15,0.1,0.02,0.02,0.01,0.05,0.01,0.02,0.01,0.05,0.02,0.05,0.1,0.01,0.1,0.01,0.02,0.05,0.01,0.05,0.01,0.1,0.05,0.05
15:56:00,0.05,0.05,0.1,0.05,0.05,0.05,0.02,0.02,0.04,0.02,0.01,0.02,0.02,0.01,0.04,0.05,0.01,0.05,0.2,0.05,0.05,0.05,0.05,0.02,0.01,0.1,0.05,0.02,0.1,0.05,0.02,0.01,0.01,0.05,0.01,0.04,0.01,0.01,0.01,0.1,0.05,0.1,0.05,0.15,0.05,0.05,0.05,0.01,0.01,0.02,0.1,0.01,0.02,0.02,0.1,0.01,0.2,0.05,0.1,0.05,0.01,0.05,0.01,0.01,0.02,0.1,0.4,0.05,0.05,0.01,0.02,0.05,0.05,0.01,0.2,0.05,0.05,0.05,0.02,0.02,0.01,0.05,0.01,0.02,0.01,0.05,0.02,0.05,0.1,0.01,0.1,0.01,0.02,0.05,0.01,0.05,0.01,0.15,0.05,0.05
15:57:00,0.05,0.05,0.1,0.05,0.05,0.05,0.02,0.02,0.04,0.02,0.01,0.02,0.02,0.01,0.02,0.1,0.01,0.05,0.2,0.1,0.05,0.05,0.05,0.01,0.01,0.1,0.05,0.02,0.1,0.05,0.02,0.01,0.01,0.05,0.01,0.02,0.01,0.01,0.01,0.1,0.05,0.1,0.05,0.1,0.05,0.05,0.05,0.01,0.01,0.02,0.1,0.01,0.02,0.02,0.1,0.02,0.2,0.05,0.1,0.05,0.01,0.05,0.01,0.01,0.02,0.1,0.2,0.05,0.05,0.01,0.01,0.05,0.05,0.01,0.2,0.05,0.1,0.1,0.02,0.02,0.01,0.05,0.01,0.02,0.01,0.1,0.02,0.05,0.1,0.01,0.1,0.01,0.02,0.05,0.01,0.05,0.01,0.15,0.05,0.05
15:58:00,0.05,0.05,0.1,0.05,0.05,0.1,0.02,0.02,0.04,0.02,0.01,0.02,0.02,0.01,0.04,0.05,0.01,0.05,0.1,0.1,0.05,0.05,0.05,0.01,0.01,0.1,0.1,0.02,0.05,0.05,0.02,0.01,0.01,0.05,0.01,0.02,0.01,0.01,0.01,0.15,0.05,0.1,0.05,0.05,0.05,0.05,0.05,0.01,0.01,0.02,0.05,0.01,0.02,0.02,0.1,0.02,0.2,0.05,0.1,0.05,0.01,0.05,0.01,0.01,0.02,0.1,0.2,0.05,0.05,0.01,0.01,0.05,0.05,0.01,0.2,0.05,0.1,0.1,0.02,0.02,0.01,0.05,0.01,0.02,0.02,0.05,0.02,0.1,0.1,0.01,0.1,0.01,0.02,0.05,0.01,0.05,0.01,0.1,0.05,0.05
15:59:00,0.05,0.05,0.05,0.05,0.05,0.1,0.02,0.02,0.04,0.04,0.01,0.02,0.02,0.01,0.04,0.05,0.01,0.1,0.2,0.1,0.05,0.05,0.05,0.01,0.01,0.1,0.15,0.04,0.1,0.05,0.04,0.01,0.01,0.05,0.01,0.02,0.01,0.01,0.01,0.1,0.05,0.1,0.1,0.05,0.2,0.05,0.1,0.01,0.02,0.06,0.05,0.01,0.02,0.02,0.1,0.01,0.2,0.05,0.1,0.05,0.01,0.1,0.01,0.01,0.02,0.05,0.2,0.05,0.05,0.02,0.01,0.05,0.05,0.01,0.2,0.05,0.05,0.05,0.02,0.02,0.01,0.1,0.01,0.02,0.04,0.1,0.04,0.05,0.2,0.01,0.1,0.01,0.02,0.15,0.01,0.05,0.01,0.05,0.05,0.05
16:00:00,0.1,0.05,0.15,0.05,0.05,0.1,0.02,0.06,0.04,0.04,0.01,0.04,0.04,0.01,0.06,0.1,0.03,0.05,0.2,0.25,0.1,0.1,0.1,0.01,0.02,0.1,0.2,0.04,0.05,0.05,0.02,0.01,0.03,0.1,0.01,0.02,0.01,0.01,0.01,0.3,0.05,0.2,0.1,0.4,0.15,0.05,0.3,0.01,0.02,0.06,0.05,0.01,0.02,0.04,0.2,0.02,0.2,0.2,0.1,0.15,0.01,0.05,0.02,0.02,0.06,0.05,0.2,0.1,0.05,0.01,0.01,0.05,0.05,0.02,0.2,0.15,0.2,0.2,0.02,0.06,0.02,0.1,0.01,0.02,0.03,0.1,0.1,0.1,0.3,0.01,0.1,0.02,0.06,0.15,0.01,0.05,0.01,0.1,0.25,0.15
