Minutes,Stock1,Stock2,Stock3,Stock4,Stock5,Stock6,Stock7,Stock8,Stock9,Stock10,Stock11,Stock12,Stock13,Stock14,Stock15,Stock16,Stock17,Stock18,Stock19,Stock20,Stock21,Stock22,Stock23,Stock24,Stock25,Stock26,Stock27,Stock28,Stock29,Stock30,Stock31,Stock32,Stock33,Stock34,Stock35,Stock36,Stock37,Stock38,Stock39,Stock40,Stock41,Stock42,Stock43,Stock44,Stock45,Stock46,Stock47,Stock48,Stock49,Stock50,Stock51,Stock52,Stock53,Stock54,Stock55,Stock56,Stock57,Stock58,Stock59,Stock60,Stock61,Stock62,Stock63,Stock64,Stock65,Stock66,Stock67,Stock68,Stock69,Stock70,Stock71,Stock72,Stock73,Stock74,Stock75,Stock76,Stock77,Stock78,Stock79,Stock80,Stock81,Stock82,Stock83,Stock84,Stock85,Stock86,Stock87,Stock88,Stock89,Stock90,Stock91,Stock92,Stock93,Stock94,Stock95,Stock96,Stock97,Stock98,Stock99,Stock100
09:31:00,1.42275e+06,7.5926e+06,271700,1.12352e+06,2.09074e+06,2.09571e+07,1.63025e+07,1578,21460,448580,1.14743e+07,1.69138e+06,380640,2.00905e+07,785720,1.61949e+07,417750,5.01317e+07,742900,1.41694e+07,38000,782380,2.0359e+06,1.07534e+06,1.9781e+06,1.07399e+08,1.41763e+06,885660,1.16101e+07,364340,1.47238e+06,1.31328e+06,141270,1.02046e+07,41100,834360,866020,4.12284e+06,1.54859e+06,7.8182e+06,1.6948e+07,1.44047e+07,5.42864e+06,2.7024e+06,1.7397e+06,3.2179e+06,493110,1.50986e+07,1.32434e+06,1.31962e+07,1.0945e+06,63680,446520,696070,5.05362e+07,48570,1.29701e+08,232350,1.35665e+06,1.41825e+06,8.40282e+06,1.35768e+06,297115,1.7358e+06,,1.18628e+06,2.17958e+07,312960,7.54258e+06,3.37056e+06,1.47233e+06,445475,4.22612e+06,4.21654e+06,1.14596e+07,6.36548e+07,,671920,373016,176400,1.32264e+06,3.77042e+06,2.06313e+06,1.5716e+06,1116,9.58182e+06,1.90224e+06,1.54074e+06,1.37494e+07,2.09522e+06,1.0775e+07,7.62096e+06,237220,55490,1.15729e+06,4.33754e+06,1.72132e+06,5.718e+06,34200,1.68605e+07
09:32:00,1.15885e+06,1.32655e+06,432275,78000,1.00524e+06,1.661e+07,8.53159e+06,179154,1.51886e+06,657700,4.08276e+06,1.55668e+06,205040,4.30509e+06,2.23544e+06,7.01642e+06,223530,1.88103e+07,1.04142e+06,9.33485e+06,322150,1.84343e+06,3.2208e+06,1.0473e+06,552420,3.51616e+07,1.02294e+06,355560,3.74954e+06,722880,134400,4.58752e+06,826810,3.98182e+06,342960,764000,268620,311390,232050,3.2037e+06,5.52969e+06,1.16508e+07,6.0045e+06,3.5246e+06,2.4375e+06,229950,3.33449e+06,1.06276e+06,440355,3.7008e+06,454850,,1.11648e+06,1.42023e+06,2.7052e+07,450400,6.24003e+07,100550,2.66192e+06,,1.33901e+06,1.142e+06,972255,1.15006e+06,,28875,5.6549e+06,749100,2.50126e+06,532660,1.37248e+06,32475,2.67108e+06,88440,5.19292e+06,1.32687e+07,,2.02886e+06,1.31314e+06,176680,1.21292e+06,1.03178e+06,314600,9.30754e+06,137600,187710,66140,499105,3.8266e+06,3.9427e+06,3.34868e+06,6.14102e+06,317780,237275,733735,1.04668e+06,411350,2.2346e+06,59750,6.63036e+06
09:33:00,26300,687000,74150,,788140,6.97845e+06,4.11174e+06,743276,503240,265640,1.42296e+06,210100,412120,3.1003e+07,617280,465250,1.0749e+06,2.66502e+07,297500,4.73108e+06,56800,476760,,3.12382e+06,271420,2.88898e+07,423252,529400,1.35619e+07,80460,537560,681800,84720,6.98798e+06,192680,119280,1.49969e+06,842230,526720,5.5218e+06,6.45038e+06,5.1516e+06,1.0291e+06,2.48052e+06,3.91285e+06,,796415,1.99013e+06,111120,846400,289775,283340,352524,480970,8.26241e+06,451620,1.86374e+07,161525,1.51305e+06,18850,1.50637e+06,169225,528410,496180,865440,981700,3.5603e+06,329150,526765,1.62901e+06,77180,64875,80820,167240,1.09211e+07,1.9511e+07,,81180,887344,198240,726520,1.09732e+06,643760,1.63028e+06,,2.84424e+06,26600,185870,4.00606e+06,1.55577e+06,4.02053e+06,737760,128680,207435,25740,599885,271530,7.0617e+06,1.47381e+06,5.85314e+06
09:34:00,3.5031e+06,733550,234600,,572640,6.71648e+06,5.13887e+06,513122,,660850,6.26618e+06,2.23862e+06,117800,9.9116e+06,365120,2.6598e+06,119760,1.74462e+07,49600,3.77055e+06,18925,61440,124000,3.66254e+06,309240,4.51029e+07,528364,427740,2.32062e+06,107100,134600,260300,275920,6.09778e+06,414120,23840,79400,852090,679500,3.2911e+06,4.6783e+06,7.02857e+06,2.0847e+06,1.92472e+06,500600,41850,1.00268e+06,7.37553e+06,414320,507900,,63360,671940,886140,9.70664e+06,137340,3.23059e+07,253825,511250,206875,1.95857e+06,126900,88650,1.0189e+06,353840,,4.7867e+06,171280,912055,975440,71250,1.24448e+06,2.60096e+06,1.1427e+06,5.95958e+06,1.71417e+07,376325,2.30807e+06,337368,878320,495620,6.07858e+06,538050,250220,,436370,,518145,2.98531e+06,2.67377e+06,4.0223e+06,6.18894e+06,440742,35190,10280,337375,310320,7.0587e+06,134185,5.15193e+06
09:35:00,633050,367550,1.32298e+06,171025,276400,1.04118e+06,8.36304e+06,101664,,925910,1.12294e+06,1.0788e+06,441320,2.02404e+06,252520,2.4254e+06,,2.14735e+07,1.14355e+06,4.51102e+06,511875,51970,434200,1.24512e+06,83200,2.83366e+07,219818,346820,5.36568e+06,438380,1.29048e+06,798480,91910,2.00715e+06,220840,357000,103180,923925,260720,3.7298e+06,6.57912e+06,4.18898e+06,2.43656e+06,1.1342e+06,5.6005e+06,20900,799235,4.33679e+06,57685,3.0178e+06,930850,,141264,741160,8.62528e+06,57200,2.72735e+07,162700,306375,18775,2.10237e+06,211375,601365,693720,22080,57800,5.1615e+06,38040,1.42094e+06,1.54262e+06,760630,,270900,148260,2.44166e+06,1.92221e+07,150325,1.88349e+06,5744,307760,1.61202e+06,1.55375e+06,184100,176400,,3.81146e+06,39840,1.13392e+06,2.20163e+06,290700,2.24866e+06,235620,181010,,54055,1.0125e+06,691950,5.0572e+06,,7.9664e+06
09:36:00,52650,367200,86475,217625,887240,3.5111e+06,3.06056e+06,941796,235580,1.11531e+06,1.62999e+07,941120,264000,1.57295e+06,168000,1.78995e+06,446820,1.45745e+07,,3.2997e+06,,56760,559500,2.61474e+06,273080,5.35281e+07,97328,592220,6.59224e+06,,4.94102e+06,358140,452270,2.00442e+06,165340,23800,170300,669845,549010,1.246e+06,3.60646e+06,1.25418e+06,1.53286e+06,1.7385e+06,1.6089e+06,585350,447915,1.11028e+06,3.0867e+06,642200,702725,95040,991224,165970,7.89993e+06,125840,1.42428e+07,800950,1.30712e+06,168950,762830,507225,315890,2.54218e+06,132240,86650,2.8221e+06,266400,1.87847e+06,930300,217080,10825,36160,39600,1.68002e+06,6.72596e+06,12500,234490,68704,,438740,1.68222e+06,417160,190860,,636650,305200,,2.45165e+06,717930,4.39588e+06,4.89256e+06,8060,27970,284645,881785,188150,246300,1.43393e+06,6.72746e+06
09:37:00,3.64945e+06,412700,2.19395e+06,77750,413680,6.10882e+06,3.05269e+06,103024,85480,224840,134880,457960,673560,1.57326e+06,894720,3.16538e+06,147870,1.98187e+07,198500,4.85015e+06,75800,52010,,1.72704e+06,758320,5.2805e+07,272386,540540,3.61239e+06,,442860,935160,,1.47446e+07,620480,166560,865380,923985,28250,444900,8.38714e+06,1.4453e+07,2.8889e+06,453000,997900,482050,478830,1.03608e+06,,512100,909600,237460,93744,287540,7.71461e+06,80080,3.97776e+07,90875,838450,,1.50801e+07,845375,42445,307500,,,3.5611e+06,158310,472780,3.28027e+06,139660,,99380,88660,1.53306e+06,3.55405e+06,,27000,154352,331160,288500,743550,768370,411240,65760,377735,92960,58680,3.92318e+06,1.71118e+06,3.09534e+06,1.23606e+07,1.36714e+06,10475,5110,524965,1.06252e+07,1.8555e+06,,9.86981e+06
09:38:00,78900,687800,889200,,177340,1.46472e+06,1.93061e+06,607640,32140,2.26452e+06,854000,334260,29320,8.67293e+06,420320,232075,44460,8.19027e+06,,3.5324e+06,18975,28370,,1.49745e+06,94220,2.41359e+07,,20400,2.61581e+06,17880,2.26772e+06,1.3751e+06,423260,659575,,23760,270060,6780,180800,1.3373e+06,4.32042e+06,903835,2.03314e+06,377050,269500,147350,824040,454120,,85800,641325,15840,528084,38360,6.39328e+06,34320,2.03173e+07,170975,1.0855e+06,,5.58097e+06,1.18475e+06,782535,44060,307760,86675,1.4737e+06,63430,242630,1.75729e+06,287920,347025,270600,808520,4.33508e+06,1.70822e+06,323950,269360,,154560,138520,549650,643060,235380,82200,1.6588e+06,13280,940025,820690,175350,1.1903e+06,218780,344250,80385,365095,183700,965520,3.6154e+06,45745,3.70789e+06
09:39:00,52550,412650,247000,93150,316100,1.67668e+06,2.63292e+06,49914,42880,16060,4.79002e+06,445280,380800,1.4904e+06,616680,596575,44460,8.01102e+06,,3.6098e+06,265300,,,1.40216e+06,,1.07751e+07,7960,10180,1.16446e+06,205840,1.03182e+06,578800,,593825,593120,71320,1.76403e+06,50850,5650,3.5658e+06,1.1657e+06,922880,678140,603000,768350,42000,388610,1.05854e+07,,85400,248075,,31184,128000,6.41147e+06,363330,2.0613e+06,421625,799175,1.06898e+06,905200,,26950,272200,65760,28900,1.8404e+06,139880,685120,693610,182220,10850,18000,147980,943100,915620,,116480,119992,707360,2.28198e+06,2.61648e+06,77900,103040,,69655,,9780,853770,268720,3.0721e+06,370100,2.01898e+06,41885,646600,127440,422590,,,3.94862e+06
09:40:00,5.99395e+06,825450,135850,,59340,2.37302e+06,3.34263e+06,202378,21440,104340,2.19652e+06,902340,734480,1.70908e+06,196280,762275,14820,8.37476e+06,99250,7.44305e+06,18950,66210,372100,375810,141140,1.98262e+07,143178,315520,1.78882e+06,897140,1.1122e+06,199540,972320,5.36198e+06,207140,,1.97053e+06,281310,468940,1.7858e+06,3.66818e+06,1.60544e+06,979460,602950,884800,840050,365100,1.05289e+06,,1.705e+06,61950,,2.32779e+06,994900,2.27978e+07,477540,2.49764e+07,170075,716300,74800,3.0883e+06,296450,1.83249e+06,14760,,115450,368000,209390,2.81571e+06,955300,116550,,54000,413820,3.15016e+06,2.31692e+07,,179300,45744,220960,404180,193675,,367460,49140,2.42888e+06,,1.09699e+06,2.42669e+06,428910,1.34085e+06,9.30742e+06,182690,17500,243445,561685,178290,124400,790195,3.52585e+07
09:41:00,52500,367050,,,217660,732450,3.98625e+06,3112,21400,208240,7.68218e+06,1.23614e+06,58720,2.30298e+06,337160,1.44235e+06,,5.23867e+06,,3.91852e+06,,481430,,639445,11780,1.6748e+07,47712,954080,4.83835e+06,494880,5.8869e+06,378320,323580,395425,110460,23800,2.77512e+06,94965,456690,,5.25693e+06,2.03042e+06,9.43874e+06,150900,999350,84000,380395,743090,4270,2.1402e+06,992400,,717040,324930,6.3128e+06,25650,1.80535e+07,,368550,,429360,42300,161620,1.2989e+06,,,1.21367e+07,18990,753280,618310,336660,75775,27000,642200,3.06388e+06,3.50304e+06,,1.02263e+06,337008,843600,300580,290500,904550,220500,43680,488350,119340,224965,635790,142860,1.60048e+06,310500,531900,,7695,194535,2970,1.8655e+06,530620,3.29476e+06
09:42:00,3.8975e+06,183600,3.82342e+06,46600,357040,5.19558e+06,6.14922e+06,2.46661e+06,,368920,4.22532e+06,1.74172e+06,558320,1.70352e+06,197280,4.2663e+06,,1.18266e+07,247625,4.95182e+06,,939320,,531125,117800,1.97079e+07,69650,151960,386805,270740,5.68428e+06,557440,175760,1.11714e+07,,1.45076e+06,1.03526e+06,179635,320600,714600,1.80988e+06,5.68676e+06,3.1136e+06,1.99965e+06,848200,,1.058e+06,2.17733e+06,,300900,103250,,470532,82970,4.21791e+06,8550,1.37315e+07,291125,163600,74850,4.12311e+06,847000,96225,542940,286000,,1.4697e+06,6350,1.50712e+06,1.0768e+06,17140,,63000,197840,2.41966e+06,1.62072e+07,24900,1.04191e+06,142704,1.57668e+06,185180,129125,4850,161740,10920,799175,39720,176040,6.12933e+06,91620,2.63161e+06,150980,1.07634e+06,28000,576905,1.04126e+06,3.30511e+06,,,5.79682e+06
09:43:00,158100,183600,271725,264400,437360,349300,1.12727e+07,1.17853e+06,21400,88310,4.54826e+06,1.80672e+06,558000,1.94634e+07,337840,2.1437e+06,,5.3565e+06,99000,7.32575e+06,284250,335120,310700,3.73082e+06,318420,4.15657e+07,356292,233160,3.57119e+06,424720,562780,437280,56160,3.32205e+06,69020,380080,1.76594e+06,1.61902e+06,5620,89100,5.08385e+06,1.53812e+06,1.6574e+06,263725,271000,,668785,5.03964e+06,27820,1.0296e+06,1.0112e+06,15780,3.36066e+06,19190,8.78119e+06,2850,2.73275e+07,10050,61350,1.03078e+06,790770,169700,619045,,,1.29975e+06,1.30039e+07,235170,1.19656e+06,674940,640540,,422920,227240,3.3334e+06,1.31852e+07,,,171048,489880,973780,2.35628e+06,1.17125e+06,397060,54600,1.91896e+06,,58700,3.97134e+06,78840,941406,243020,511410,627920,367460,1.00366e+06,396730,622500,166390,5.39123e+06
09:44:00,,275450,717750,62200,39760,3.15822e+06,9.83255e+06,25024,21400,32140,7.80424e+06,1.86058e+06,440400,4.33397e+06,845560,366250,,4.70686e+06,,1.0554e+07,,18920,561000,453745,236000,1.53084e+07,165302,50700,709125,2.8748e+06,4.348e+06,317840,1.28128e+06,6.74392e+06,635720,,167160,2.65368e+06,5620,1.341e+06,2.54132e+06,1.72802e+06,1.88462e+06,414600,348500,63000,1.19374e+06,341730,1.18212e+06,4.4205e+06,289100,79060,291348,102400,6.35085e+06,14250,4.31442e+06,10050,143150,75200,553170,42425,99970,29360,,866300,122800,82710,1.20456e+06,262550,480560,,,443820,235700,6.18913e+06,,,96880,44400,1.4061e+06,,97200,810200,,130510,,146865,4.62346e+06,1.92558e+06,1.89523e+06,1.97878e+07,504680,,66945,768725,26910,,,3.25576e+06
09:45:00,1.4265e+06,1.37425e+06,86675,,179060,523775,4.11716e+06,40632,21480,6.65192e+06,6.61164e+06,211040,264240,1.72337e+06,366120,616050,,3.01127e+06,297000,2.47538e+06,,184070,,394865,118000,1.41606e+07,,20320,715305,,2.45842e+06,516780,42240,552225,207300,71320,2.82385e+06,199870,174220,1.2516e+06,2.51988e+06,1.8533e+06,1.1065e+06,377100,622950,272950,570500,488990,2145,4.5177e+06,,,91184,498920,3.68756e+06,245960,6.75584e+06,20125,204500,,4.64404e+06,42425,1.02028e+06,258200,,,860400,,12470,168710,522340,638700,377160,465280,5.9601e+06,1.94701e+06,,35980,96856,,360800,258250,,14780,,110420,26480,97995,5.7167e+06,173310,1.0527e+06,193900,362620,,383675,251200,83630,,,2.60636e+06
09:46:00,52900,731700,198450,,39780,1.11282e+07,3.92306e+06,1562,10720,144540,530120,570400,,4.2494e+07,225360,249700,,9.15571e+06,396150,8.07108e+06,75900,,,360415,318240,2.32594e+07,57854,,4.23586e+06,117480,1.71962e+06,258720,133750,4.69952e+06,,142800,270390,108320,5620,2.4967e+06,3.76201e+06,2.34038e+06,402280,,155800,63000,456140,1.72942e+06,25800,259200,474925,,68944,320460,8.21995e+06,260220,7.69504e+06,10050,102250,,2.07151e+06,2.9286e+06,1.68866e+06,14760,,231600,491600,50960,405385,337020,169280,54150,53980,49500,8.1826e+06,4.83596e+06,,71990,1.50904e+06,244200,1.5715e+06,419600,,442300,,852710,,235215,1.38714e+06,452640,2.47672e+06,970960,855210,10590,154755,640070,2.99367e+06,124500,,5.98264e+06
09:47:00,158700,410950,37225,,418520,1.0694e+06,3.66297e+06,,311040,,1.72424e+06,1.27622e+06,,4.10405e+06,619840,199725,,6.58634e+06,148450,4.1726e+06,,,,1.49928e+06,11760,9.30464e+06,203180,456320,2.05012e+06,99220,1.8511e+06,39800,,1.1907e+06,,,107340,618415,4.27063e+06,,4.19429e+06,3.62778e+06,2.79014e+06,640750,816600,62850,2.02322e+06,520530,38700,517700,20625,,117796,153840,3.8357e+06,31350,1.08789e+07,40200,1.10552e+06,,1.10625e+06,,266115,22120,44000,724050,1.842e+06,70140,249470,842120,71690,21650,996180,49500,1.91866e+06,7.31562e+06,,116990,274696,88920,1.12658e+06,3.26218e+06,,309540,,710970,158960,,1.26927e+06,202500,921796,228400,,,56770,644105,30000,871900,45760,4.26942e+06
09:48:00,1.16455e+06,411250,12400,,379240,772275,4.52888e+06,87584,,297580,1.11634e+06,272860,1.05696e+06,2.31398e+06,140720,1.7653e+06,783180,4.18816e+06,,3.256e+06,,70870,187000,528055,70680,7.65156e+06,423574,,5.31139e+06,461040,1.40702e+06,218980,,2.78365e+06,,118840,369890,283205,67680,,5.0939e+06,5.18948e+06,703820,376575,1.5181e+06,126000,30400,504760,967895,43200,82550,47460,131216,493910,1.46738e+06,37050,4.40584e+06,10050,,75100,6.43724e+06,891375,30880,7340,21960,,859500,165940,149635,1.33002e+06,129100,21650,287360,29700,1.18082e+06,5.42061e+06,37325,81000,,223200,69720,419975,180130,339020,61152,3.08865e+06,,,1.56744e+06,172860,458056,67580,590000,,5165,498115,4.24331e+06,,,2.40113e+06
09:49:00,608650,,74400,,139800,1.99803e+06,6.62142e+06,,64400,152980,4.16244e+06,1.5032e+06,,1.76402e+06,846360,300100,281520,6.82636e+06,,3.37908e+06,151600,42530,249300,1.05218e+06,,1.56811e+07,20000,203200,3.41986e+06,27180,2.15774e+06,578180,190220,2.25382e+06,,,155070,182040,33840,89100,5.07806e+06,3.4425e+06,3.76818e+06,338500,77650,42000,182870,481490,239290,822500,578200,,779092,57800,6.84879e+06,45630,2.82165e+07,342650,,37550,2.71274e+06,42400,15420,7380,44000,1.44858e+06,736900,178730,286805,636690,140460,32500,89900,118800,2.12628e+06,273900,12425,1.00688e+06,1.14696e+06,446440,499640,3.00688e+06,1.08114e+06,191580,,391700,13280,146980,3.33237e+06,47040,3.92318e+06,177500,228230,,15480,756520,403980,124600,,1.56906e+06
09:50:00,26500,,706800,15525,940020,298250,4.51844e+06,187874,,281440,1.62592e+06,459680,29360,3.28081e+07,593600,2.90112e+06,193050,3.97444e+06,,1.92688e+06,,9440,187200,2.41451e+06,224200,1.73472e+07,6000,,8.23275e+06,,830840,139500,853070,2.05768e+06,96880,94880,1.25386e+06,195515,435140,535200,1.53991e+06,2.06132e+06,2.23568e+06,338400,271700,,15220,2.02555e+07,25915,1.1254e+06,867950,110880,220980,96200,4.22933e+06,225850,5.65922e+06,,102325,,2.54511e+06,84900,138940,58960,22000,202525,368500,,93510,1.78887e+06,690000,140975,44900,661960,3.45882e+06,369650,,62950,51624,44720,139420,4.95335e+06,161050,147420,69174,130450,,78360,6.71199e+06,113020,569634,1.0282e+07,432530,,7740,22495,2.898e+06,124600,45840,2.76875e+06
09:51:00,740850,365700,62075,2.40558e+06,240600,1.38485e+06,8.42388e+06,254910,278860,,9.23328e+06,647120,1.08632e+06,2.67995e+06,762200,5.29472e+06,14850,6.54284e+06,49475,3.41468e+06,37900,2.07286e+06,,427265,,3.62252e+07,272030,,691845,36240,1.58372e+06,978280,1.27886e+06,6.1546e+06,,1.42328e+06,230720,205570,780890,3.5625e+06,2.13236e+06,512900,4.52504e+06,676775,77650,126000,,1.48112e+07,8640,,951050,475480,202828,134820,3.39364e+06,123010,1.67308e+07,20200,143150,75000,1.78894e+07,42450,323855,22100,66000,28900,368700,235230,112215,1.24469e+06,284920,4.17118e+06,278940,286520,1.83382e+06,1.00844e+07,,107880,3.12878e+06,867080,383340,4.30502e+06,645480,103280,,1.38502e+06,92680,333605,1.26814e+06,159340,432064,1.4408e+06,171410,66675,116210,1.41748e+06,3.28201e+06,,,1.06423e+07
09:52:00,211600,593300,458800,15525,320950,5.86202e+06,4.13731e+06,,150080,353220,1.61596e+06,298800,411040,1.63911e+07,1.16e+06,2.40472e+06,503460,9.0049e+06,690875,4.75835e+06,965900,127690,1.803e+06,235130,94400,1.21356e+07,19980,547620,1.60872e+06,153680,349360,260400,,6.5928e+06,,2.01756e+06,250830,461400,214700,2.9396e+06,2.35633e+06,266000,6.15536e+06,375925,776100,146700,608190,6.6713e+06,12960,433200,41350,,40104,2.70955e+06,5.0473e+06,57350,6.05274e+06,733800,2.98702e+06,,641900,,493440,295340,22000,,3.0695e+06,63290,255580,1.019e+06,256260,32625,333000,108460,650680,1.98785e+06,497625,8990,558512,422560,244020,1.0351e+06,107800,132660,48632,60180,211520,137380,116690,613460,2.78276e+06,2.56966e+06,678940,17500,234400,822810,186020,3.9874e+06,,2.28284e+06
09:53:00,925800,45650,24850,15550,1.49978e+06,2.15752e+06,5.81881e+06,,21440,216270,961880,2.12622e+06,29360,1.85055e+07,3.691e+06,6.59975e+06,,3.67895e+06,98550,4.70848e+06,360050,,557600,649495,23560,9.8683e+06,18045,111320,1.67668e+06,54240,2.73238e+06,883200,155300,4.11025e+06,179920,403360,2.06698e+06,1.15668e+06,28250,892500,1.91897e+06,936905,9.1238e+06,375825,77750,628300,266525,2.33892e+07,15120,216800,1.38488e+06,,689640,1.16938e+06,4.22703e+06,91780,2.64099e+07,230000,245700,93775,5.98396e+06,381700,501155,36780,329440,,1.42175e+07,467540,4.40649e+06,317780,103460,520800,36040,237120,4.14138e+06,1.12451e+07,1.22948e+06,98780,68256,66840,395260,2.03938e+06,9800,397980,,6.27877e+06,395260,166605,1.21693e+06,251750,1.13717e+06,364780,1.05774e+06,7000,115600,777315,57090,124700,,2.3357e+06
09:54:00,6.02275e+06,639000,657200,186000,280500,2.81108e+06,1.3975e+07,12512,,583810,1.7631e+06,2.10262e+06,558640,3.42154e+06,820600,798875,,8.93396e+06,,7.71392e+06,132650,113380,929800,390880,58920,1.95959e+07,60000,,2.22794e+06,2.61754e+06,107840,340680,77550,5.4971e+06,193480,47440,1.07987e+06,63840,56600,2.7716e+06,4.5183e+06,3.04832e+06,1.60728e+06,1.76945e+06,194500,,183015,2.89771e+06,32380,,41250,79140,1.15146e+06,389770,6.80993e+06,28620,1.38414e+07,20050,306875,168975,1.47989e+06,381175,46260,29400,,,613800,480620,136950,112180,37310,21650,207020,792980,3.25392e+06,1.65652e+06,272850,17950,393000,4.3588e+06,429940,2.65485e+06,284200,839040,,20040,,,4.8882e+06,87600,1.21632e+06,1.73599e+07,85890,31500,153905,26255,39130,,,3.53368e+06
09:55:00,1.32505e+06,501500,111375,263075,260450,2.20628e+06,5.54448e+06,37528,203220,223530,349880,1.67914e+06,,4.82405e+06,311080,183075,,3.34198e+06,49250,8.16715e+06,18925,33090,433100,596815,11780,1.92014e+07,26000,,1.32633e+06,36280,134760,2.3846e+06,154880,1.30095e+06,,284960,35820,1.84056e+06,73440,1.1614e+06,1.23874e+06,1.32371e+06,1.80686e+06,1.0537e+06,,83600,685905,1.08031e+06,2155,1.5562e+06,1.69428e+06,,174064,452880,2.52998e+06,34350,1.64018e+07,90000,,,3.24819e+06,338350,46250,22100,,579500,2.6974e+06,94810,49790,999260,34420,43300,2.26896e+06,69420,7.45078e+06,4.23938e+06,173550,913970,74000,445680,325360,1.26222e+06,9800,176620,43932,170380,131300,932090,367120,57130,1.27887e+06,50720,1.32004e+06,,61440,1.80244e+06,402150,124600,,2.91002e+06
09:56:00,52900,683100,,30925,340850,1.80362e+06,1.08632e+07,34394,,7970,3.4363e+06,1.28086e+06,1.70748e+06,4.62303e+06,821680,149750,118320,2.93998e+06,,5.89152e+06,,85080,309000,409110,400520,1.9996e+07,221935,,2.90756e+06,27120,1.15918e+06,660000,154850,2.82468e+06,138220,95040,712540,807770,5640,981700,2.37344e+06,3.99096e+06,902880,75200,4.5963e+06,1.5259e+06,83765,1.3923e+06,30230,,227100,,73652,120910,1.52971e+07,77380,5.23002e+06,30000,102250,56325,6.33067e+06,1.94688e+06,651755,110260,,,735600,6310,62225,242580,22960,477200,2.77658e+06,99220,384120,765620,,151970,1.08081e+06,133920,278880,1.7159e+06,308710,191320,111942,80180,13100,146730,1.26842e+06,1.70249e+06,2.52456e+06,169120,252960,91180,692495,97335,174230,6.7194e+06,,1.64739e+06
09:57:00,,273250,49500,,40150,3.95608e+06,6.72362e+06,18762,,,837680,684580,500560,4.21468e+06,113200,183075,,1.81814e+06,,6.3279e+06,265300,28300,370800,321805,,6.71098e+06,10000,70820,2.39424e+06,334880,202200,940000,112700,287000,,,87780,1.43188e+06,,714900,2.80566e+06,677780,1.70582e+06,263075,273300,,53275,2.28946e+06,17275,,,,,714640,2.05159e+06,14320,4.60928e+06,100000,61350,,2.33606e+07,127125,61755,7340,,57950,122500,157850,31125,308220,200200,249475,662820,198400,768300,5.10268e+06,37200,107170,3.32868e+06,156320,185920,2.1044e+06,93290,14720,,250640,223040,97745,617160,,1.54464e+06,109820,220370,,,1.62111e+07,499310,247800,,1.04583e+06
09:58:00,,955300,197975,31000,864100,962575,6.44372e+06,10948,42720,31920,644700,870880,117920,1.84364e+07,650440,5.21102e+06,398730,8.84873e+06,,6.91608e+06,,66160,494400,502680,,3.18099e+07,137890,857960,821830,9040,269400,819900,91520,2.25198e+06,,23760,35910,268110,,2.4164e+06,1.04572e+06,2.51964e+06,577200,187875,1.4868e+06,,83710,1.14512e+07,855485,,639350,31720,433128,753190,9.93759e+06,34350,1.00588e+07,80025,102250,93875,1.99828e+06,211500,19275,,635360,,1.9615e+06,56700,553600,102830,83120,,89600,,6.0225e+06,2.98164e+06,49650,8940,17040,380320,291000,2.55838e+06,9800,162060,,8.21842e+06,65660,,1.30074e+06,54020,1.63808e+06,194400,175870,35000,384100,145755,162240,2.3669e+06,1.65226e+06,699285
09:59:00,,136500,,1.03835e+06,20100,4.2391e+06,6.6194e+06,17196,21360,79800,8.5019e+06,322900,88400,1.09269e+07,678400,795350,207000,6.04142e+06,147900,4.7408e+06,,1.41581e+06,308500,634350,,1.05258e+07,13986,251940,3.67697e+06,,2.14352e+06,600240,7040,5.1835e+06,,23680,712420,308325,,1.2561e+06,4.70678e+06,7.77132e+06,1.22904e+06,713500,234550,564300,243530,3.85379e+06,821145,734900,494400,237000,26832,452910,4.93834e+06,37180,5.6082e+06,779970,40900,56250,1.99294e+06,126850,270190,14740,21840,,3.3077e+06,,2.72388e+06,186820,513570,1.19022e+06,7.59734e+06,39680,412460,505700,,2.19923e+06,306192,156880,302160,1.68225e+06,465500,44180,,2.60459e+06,26260,781840,7.44318e+06,32000,1.47076e+06,143640,584870,,10230,41135,369230,,37115,1.26678e+06
10:00:00,26500,1.001e+06,1.44498e+06,30975,1.4093e+06,2.31422e+06,6.24764e+06,48472,10700,55910,5.01494e+06,706880,58960,2.79435e+07,367640,446975,14760,1.3556e+06,49350,4.29312e+06,,476670,493200,454825,364560,9.45596e+06,401234,241580,1.50886e+06,1.5239e+06,809980,200040,49270,683400,427860,1.94176e+06,405960,1.76082e+06,,1.6142e+06,466500,2.1539e+06,1.6051e+06,149975,351200,20900,228195,3.52226e+06,84035,993800,1.05058e+06,,254900,293460,1.27815e+06,695000,1.55754e+06,40100,143175,,3.54825e+06,930050,34695,22060,,28900,244900,,80725,1.96324e+06,45910,10800,500680,89100,3.0031e+06,191270,384975,8930,,832960,46520,970275,132030,323840,1100,261280,13160,9765,1.91442e+06,62350,1.45981e+06,482040,947170,3500,2555,752025,2.45414e+06,,,1.89284e+06
10:01:00,132500,272950,49400,,1.81695e+06,3.66738e+06,1.60843e+06,443292,,7990,373380,185700,147400,5.51029e+06,1.7222e+06,364525,604920,1.28878e+06,542275,7.04162e+06,,84910,369600,215370,,1.3404e+07,1992,120480,2.07356e+06,308040,4.0169e+06,180000,323290,4.1407e+06,,94560,27860,1.0551e+06,953010,1.4329e+06,1.13318e+06,854720,2.0808e+06,374525,351450,125400,,567020,51730,86400,20600,125980,573908,89200,2.00595e+07,22800,1.15908e+07,50250,592825,469325,1.56221e+07,,1.72847e+06,7360,327000,,612200,25200,93150,364390,8600,237950,402180,405900,1.88266e+06,3.97435e+06,792575,17880,1.39885e+06,1.80452e+06,174200,582050,83130,117720,57336,763330,210020,577020,2.79211e+06,145220,550328,253340,,157025,74195,277070,158980,124700,,1.2671e+06
10:02:00,3.78065e+06,45450,542825,15475,423600,1.98285e+06,1.27374e+06,286672,,71910,7.8426e+06,61900,2.20516e+06,6.76088e+06,1.15872e+06,165675,206160,2.39317e+07,492475,1.57712e+06,37950,1.54495e+06,308000,1.42386e+06,234800,7.23137e+07,529484,20100,764085,,403800,120000,7030,286075,,378720,35820,1.03908e+06,73290,1.3438e+06,595465,2.66972e+06,1.32888e+06,1.49788e+06,156000,,1.55787e+06,1.27868e+06,25860,173000,20600,63120,24596,6370,2.06377e+07,,9.3449e+06,70125,40850,,1.12346e+07,,900310,191200,21800,28975,4.282e+06,157310,2.76459e+06,842710,,32400,53660,9880,3.88468e+06,1.62472e+06,,62530,2.11177e+06,112800,23220,1.45478e+06,4890,117760,,210770,432200,78160,1.34511e+06,146000,1.72008e+06,228280,191750,,581210,93520,1.26955e+07,498400,,1.20346e+06
10:03:00,,1.3632e+06,74125,92875,1.28815e+06,4.02598e+06,1.93647e+06,210060,21360,23970,1.15254e+06,1.34736e+06,,5.02857e+06,28200,1.40678e+06,,3.92633e+07,196900,5.05795e+06,,131880,430700,601275,,1.72484e+07,192804,150880,5.03962e+06,9040,2.77276e+06,100000,245650,4.09252e+06,,284080,6.95458e+06,598830,5620,2.325e+06,4.79089e+06,5.30564e+06,1.47862e+06,1.08388e+06,155900,20900,364535,8.96457e+06,236710,1.5568e+06,206100,141820,8912,833990,3.69391e+06,,6.50414e+06,559710,1.47065e+06,75000,1.37542e+06,,765930,73540,305200,289000,733800,,18565,1.44207e+06,366010,10800,8960,19800,2.49876e+06,2.41531e+06,,1.29352e+06,,718040,1.31044e+06,6.5526e+06,303180,117760,,411540,65380,68355,1.60764e+06,58000,686172,1.67782e+07,355010,,687910,542895,65780,,,3.89324e+06
10:04:00,,45450,456150,31000,845400,1.60842e+06,1.30491e+06,,459260,653540,530820,383180,58720,4.87363e+06,1.04584e+06,264400,,3.32704e+06,147650,2.1396e+06,,108100,492300,473955,,1.01442e+07,246864,60240,1.92509e+06,,1.21014e+06,179880,77170,5.63202e+06,1.0077e+06,70920,530010,728480,782280,268200,3.88773e+06,3.45644e+06,1.42822e+06,1.31015e+06,506150,,850795,363830,,43300,885575,15760,497136,133490,4.50794e+06,17100,1.69496e+07,9960,102125,37450,5.17676e+06,1.01458e+06,84215,29440,152400,,1.3443e+06,100570,43325,3.75585e+06,108650,108000,116220,19780,1.55702e+06,1.1692e+07,24800,53480,146848,425640,808840,4.51965e+06,9780,58900,10980,752620,39260,,2.88487e+06,645310,5.69763e+06,513620,1.23368e+06,,7650,2.30968e+06,35850,,25690,2.2091e+06
10:05:00,263950,136250,86425,123800,301800,2.81818e+06,4.53624e+06,7804,,15940,6.03498e+06,24760,1.7606e+06,1.12698e+06,169800,661050,73620,2.01684e+07,638375,1.04542e+06,,131600,307500,448645,,1.88417e+07,83412,251420,4.7699e+06,289920,699660,99940,112320,659975,13820,165600,,344195,,1.2501e+06,4.54034e+06,3.47715e+06,2.78136e+06,149650,38900,125300,955925,1.12035e+06,2150,1.9811e+06,411425,15760,46868,101790,2.82116e+06,,1.05094e+07,79760,81700,112225,2.5776e+07,,524025,66100,86800,,5.628e+06,6280,123790,897430,,86400,1.04598e+06,563160,293600,2.36318e+06,,1.08704e+06,5664,44840,230820,839800,63530,102920,,60010,352940,389905,2.37302e+06,2.85027e+06,1.78017e+06,151560,301910,198150,86830,,,,14250,2.89133e+06
10:06:00,3.78275e+06,1.5458e+06,420400,325500,322300,1.11741e+07,4.98726e+06,1.4044e+06,160440,1.25474e+06,1.80709e+07,1.04762e+07,910960,4.67548e+07,591960,6.44632e+06,707250,2.13725e+07,1.18022e+06,1.8799e+06,151825,5.73379e+06,1.3563e+06,1.90608e+06,505700,3.5978e+07,569574,604500,8.6144e+06,2.46086e+06,8.65924e+06,379740,1.41221e+06,1.37108e+07,1.13716e+06,2.2986e+06,1.14939e+06,1.27298e+06,1.20042e+06,4.5625e+06,4.4543e+06,8.93904e+06,8.76148e+06,748900,506100,710600,9.54076e+06,3.20628e+07,191820,1.3786e+06,2.16538e+06,568280,1.90074e+06,2.08021e+06,4.9437e+07,14270,4.73081e+07,712175,2.90542e+06,300100,1.1874e+07,1.5663e+06,2.11272e+06,7380,21680,86700,1.89136e+07,384040,4.71094e+06,2.90373e+06,847330,129600,3.51912e+06,670100,1.28291e+07,2.90371e+07,509550,3.33229e+06,1.14958e+06,538200,2.99928e+06,7.57765e+06,940340,1.29724e+06,,251000,118000,1.00685e+06,1.21317e+07,1.46891e+06,6.66434e+06,1.04093e+07,633550,,498155,3.05488e+06,2.43685e+06,2.3686e+06,17115,3.10524e+06
10:07:00,635900,363750,705375,,201550,1.82605e+06,460036,28116,,56070,192380,1.8034e+07,,1.01716e+06,1.27104e+06,165750,161970,6.38888e+06,,1.02982e+06,37950,712720,1.9144e+06,921795,59100,1.85205e+07,91514,60340,1.29627e+06,109200,1.18604e+06,99920,63360,2.2535e+06,555260,497840,3.79294e+06,1.00232e+06,,1.7881e+06,1.18766e+06,1.23774e+06,7.50538e+06,150000,116850,20950,197860,201770,,86200,,,814348,38160,6.96788e+06,,7.73148e+06,20150,347875,,1.96118e+07,423700,111070,132700,,,4.1712e+06,37840,161720,1.50073e+06,757670,10800,4.07686e+06,108640,3.0001e+06,1.28197e+07,,,,,336400,3.78795e+06,4910,88560,44854,40040,,78260,349020,1.71111e+06,439094,413680,797080,201255,17915,708245,299000,124800,34370,503355
10:08:00,26500,546000,445500,92850,1.7404e+06,70250,4.53617e+06,,,583290,169720,2.21844e+06,29440,2.02946e+07,253240,2.3572e+06,73620,2.89826e+06,147600,417150,,18920,925400,1.44216e+06,35520,1.11333e+07,289028,20080,4.0821e+06,81900,310440,719380,63360,2.16415e+06,,,91540,301895,146380,536600,1.94604e+06,195835,1.17926e+06,149925,312000,20950,30420,213620,903090,,,,44800,1.0986e+06,2.63534e+06,,5.42586e+06,100500,,,279800,338775,797460,7380,,,122800,56790,217725,,57200,75625,,49400,1.1766e+06,1.36032e+06,24900,,56576,,23180,1.26322e+06,4890,561120,,3.11412e+06,,303345,1.07933e+06,65260,158976,203020,94070,97260,64000,7500,601000,,,4.31764e+06
10:09:00,52900,363900,86700,,3.2765e+06,1.494e+06,1.42316e+06,,,,237680,298640,,414600,,33150,,2.28562e+06,,1.45095e+06,284650,268600,,289005,35520,2.86941e+07,91538,60340,1.57012e+06,9100,175480,119880,,1.52315e+06,110720,142080,115420,476020,,1.3395e+06,2.59455e+06,498955,777520,224875,195200,626550,91310,411560,30310,216000,1.4025e+06,15800,8960,1.12843e+06,5.89077e+06,,8.5124e+06,,224950,,3.37775e+06,84650,22985,7380,,,1.4726e+06,18900,6225,131280,,21600,946700,,7.62432e+06,1.46431e+07,,393800,294512,44880,23180,3.20752e+06,205850,251020,,170680,,107570,3.1028e+06,11600,873082,59220,171780,,115200,63710,816270,,,2.05227e+06
10:10:00,1.3224e+06,181850,12350,30950,2.16015e+06,2.30882e+06,2.03183e+06,138978,,55910,396180,1.0449e+06,,232750,112720,99475,1.11738e+06,3.19826e+06,,1.51858e+06,18950,18860,,313795,23700,1.9008e+07,125370,,1.18681e+06,,2.57864e+06,1.54094e+06,21110,3.48788e+06,110560,355120,71520,191090,61950,1.4266e+06,2.30274e+06,832980,351120,37475,117450,20800,182450,256240,10820,1.6408e+06,41150,,338228,145810,1.13039e+07,,1.45986e+07,,20425,75000,373400,126950,551500,626020,86720,57775,245400,25230,180375,75030,429000,10800,601420,9860,2.76706e+06,2.93178e+06,37325,178790,249072,1.61164e+06,23180,3.59515e+06,44080,29520,,70260,,29350,33190,613200,193792,405800,996240,,17915,22470,218830,124600,,4.81608e+06
10:11:00,,499950,1.13625e+06,,386600,829050,1.18284e+06,3120,342400,23930,67880,435480,,1.56323e+06,112640,165775,205260,3.29952e+06,,374100,,94340,,1.11336e+06,23720,5.6424e+06,99600,,2.52715e+07,,635360,360000,14080,154675,,47320,4.88917e+06,392175,5630,445000,2.86048e+06,1.07986e+06,451460,74950,,,7605,1.20382e+06,145040,,267675,47340,145588,234210,4.46481e+06,17110,3.74214e+06,290300,,243750,1.6462e+06,42325,604365,73400,629880,,1.1035e+06,,298560,552670,5720,75600,35900,9860,2.41432e+06,465610,,26800,101824,4.13472e+06,208500,3.17558e+06,161860,58960,,50150,26200,19560,1.12802e+06,30560,2.40402e+06,143620,277440,104175,17885,247140,2.92721e+06,,521175,3.71522e+06
10:12:00,26400,455000,470400,92850,4.0672e+06,211800,687652,,,231470,237600,834820,,2.07105e+06,112640,929550,58560,1.40722e+06,539975,1.93475e+06,,51840,,643335,11860,2.45152e+07,235430,,1.44075e+06,18200,3.38328e+06,500000,330880,3.00578e+06,1.2314e+06,,79760,291995,,1.1583e+06,6.9271e+06,966285,1.0291e+06,1.16235e+06,117500,20800,68490,2.62522e+06,415970,129700,1.4601e+06,,87360,272250,4.84274e+06,5700,1.24178e+07,,,,1.8016e+06,126925,133865,29360,1.39088e+06,,490500,56840,111960,93700,17170,10800,,246820,794760,2.87705e+06,,17870,130088,8.57592e+06,543360,486425,93100,88440,54800,350840,,,1.02858e+06,37710,459074,456580,138730,,48610,130910,1.47134e+06,,,3.58944e+06
10:13:00,,45450,,,920050,2.37948e+06,2.98104e+06,,,71850,328260,12460,,530920,365720,2.58963e+06,,5.73478e+06,,1.61236e+07,,28250,,481670,83040,5.84393e+07,5982,30180,1.35584e+06,,1.73168e+06,399980,91520,1.32605e+06,442060,47360,27930,776340,5630,712800,2.65138e+06,1.06664e+06,903480,112575,235450,,106490,1.11118e+06,1.12133e+06,302600,41125,,259896,196260,1.06032e+07,31390,1.27776e+06,10000,940700,93625,1.7674e+06,507375,298125,14680,43360,,4.0465e+06,6320,1.57774e+06,28110,,54025,53880,,1.38372e+06,1.64517e+06,12450,17860,33936,1.61884e+06,531780,4.6058e+06,142100,44220,,220390,,,862220,7300,1.53276e+06,202820,139060,,312320,966205,78000,,567510,3.80334e+06
10:14:00,,90950,111375,,816500,2.9955e+06,647108,32792,,95750,4.89296e+06,186680,499720,1.39085e+06,112640,116275,,8.47224e+06,245250,2.75862e+06,,80200,61700,226090,47520,1.38035e+07,,,1.84706e+06,,1.3365e+06,279920,,221225,331620,23680,131670,100955,,1.9593e+06,2.57406e+06,915000,2.20896e+06,150025,157100,,493850,2.60915e+06,1.1818e+06,475400,905300,,87472,25320,6.99671e+06,2850,4.45556e+06,390000,1.41142e+06,18725,2.02697e+06,42250,122360,22020,,346500,7.1086e+06,246030,167570,93700,560560,64800,8980,78900,2.7359e+06,95920,,44700,1.11361e+06,472000,393680,453950,83450,929960,21920,50010,26320,9770,1.34204e+06,316100,414078,202880,265830,10425,25650,333275,129000,124400,,4.93818e+06
10:15:00,184950,,12375,15450,1.3878e+06,1.0726e+06,810108,1560,,2.24514e+06,406760,62280,,2.75734e+06,169040,980775,,7.78388e+06,441975,1.0615e+06,,18860,61700,309880,11860,1.56123e+07,15952,,933295,,324000,239660,,1.6816e+06,690780,,1.12443e+06,63935,,,3.5815e+06,1.21302e+06,728020,37500,39300,897000,83645,2.82308e+06,2170,475500,637850,,13456,499340,4.80999e+06,,5.3275e+06,250600,552825,56100,5.68654e+06,84550,87940,139680,,115575,1.839e+06,37740,6210,271910,14290,10800,565480,88840,294000,4.3603e+06,12450,35760,237216,427800,11580,3.4718e+06,628480,,,190000,26260,29370,1.85566e+06,15950,921266,304300,196320,3475,310330,310785,2.31436e+06,,74490,2.02862e+06
10:16:00,607200,91000,12375,386250,1.32895e+06,2.16548e+06,536032,20304,,3.7105e+06,124300,112140,,1.33624e+06,140800,132900,,3.24568e+06,,2.6273e+06,,61260,,187100,95040,2.08408e+07,3988,90520,175065,,553520,219860,49280,199350,124200,23640,107730,87490,309650,980100,6.03727e+06,631690,728200,187525,275100,20900,91205,1.0843e+06,121810,172800,103000,15800,329868,,1.84747e+06,14280,2.71042e+06,10025,40950,37400,1.7923e+06,929450,1.05204e+06,169120,195320,,1.8407e+06,,291770,74960,,21600,17940,98600,2.32248e+06,96000,4.87068e+06,35740,158144,203040,46280,3.82932e+06,,413860,227968,,733660,,3.29421e+06,78640,410294,329680,466580,,2565,59905,50830,,,3.71768e+06
10:17:00,3.56505e+06,409350,86625,,694000,1.09145e+06,2.11416e+06,442024,,3.61748e+06,203380,436240,411560,7.53147e+06,479120,216025,14700,2.47547e+06,49075,3.68955e+06,,47200,,2.63758e+06,11880,1.17236e+07,527332,10060,861975,573300,67520,339700,7040,1.0189e+06,331340,1.51604e+06,724920,309880,,1.2485e+06,1.76892e+06,631500,326320,1.6866e+06,157300,,326675,3.38352e+06,13020,43300,20575,252280,114444,436650,7.23729e+06,,4.86154e+06,60000,,,2.52257e+06,84475,130195,44120,129800,,490500,126200,3.22687e+06,112620,342000,10800,,29580,499600,1.09695e+06,98850,17880,28280,315920,57860,2.36955e+06,14700,14780,,2.22282e+06,26160,9790,1.19081e+06,297270,778012,109820,783100,69500,2565,26210,155480,,2870,4.92553e+06
10:18:00,2.3284e+06,45450,24750,30900,122150,,359028,,,1.69768e+06,101680,311840,880640,1.07369e+06,112720,83075,,3.59485e+06,49100,994200,,4700,,676220,616280,3.24628e+06,13988,,330440,,3.4695e+06,179920,,199350,565460,47440,4.94719e+06,1.00156e+06,84320,624400,1.44652e+06,1.41356e+06,3.61672e+06,936200,786050,,334420,1.2549e+06,13070,,61725,,306924,,3.75045e+06,665590,1.55856e+06,,20475,,2.5192e+06,253500,976635,80880,21600,,613500,75790,105150,93950,331650,21600,,,646400,904900,12375,8930,62128,1.92728e+06,323660,1.39532e+06,24500,29520,,511840,65520,78190,2.64559e+06,13120,639216,84540,188600,104540,2565,52430,300980,373200,,2.44048e+06
10:19:00,132500,136350,24750,1.01985e+06,61200,3.40102e+06,1.32936e+06,,342900,160000,1.1402e+06,861280,557000,933670,112760,132850,14700,1.40698e+07,,530000,,32900,3.3425e+06,3.02852e+06,177600,6.47122e+06,11990,231360,2.14774e+06,,310440,179940,,2.282e+06,55120,189840,139300,134905,,1.0722e+06,5.57749e+06,1.41506e+06,1.07986e+06,1.08428e+06,785650,62700,174675,921270,477865,6.0372e+06,1.48338e+06,94560,125664,335850,8.90921e+06,1.30059e+06,1.2103e+07,150475,,168525,1.47842e+06,1.05685e+06,184005,80880,21640,867100,859300,,1.55088e+06,,17220,10800,,227240,2.47074e+06,3.58093e+06,,1.24272e+06,277016,842640,1.2044e+06,1.62382e+06,1.532e+06,354660,,1.10845e+06,,9780,3.7398e+06,128380,1.38177e+06,169140,287000,31410,7700,1.01882e+06,322320,,,3.70522e+06
10:20:00,26450,45450,148475,30950,366600,1.74078e+06,866028,,,71990,192020,448760,,1.70028e+07,451920,864350,235140,1.51415e+06,984500,2.2984e+06,,443330,,897280,,1.55134e+07,45998,,168750,27340,269980,160000,35190,1.30908e+06,745500,,1.57236e+06,266455,5620,178800,4.2285e+06,1.21399e+06,2.16024e+06,373025,550150,,911435,1.41747e+07,470715,2.3981e+06,103100,188980,2240,177800,1.46576e+07,645480,4.42838e+06,,61400,56175,4.03659e+07,380700,329775,,21600,28900,491100,113690,184840,300570,31560,216425,62980,197360,588500,5.47866e+06,,44730,797416,433320,694820,422000,,147600,,80830,13140,78195,397660,58350,123720,270640,274600,17425,5130,348790,92690,,,5.17843e+06
10:21:00,,181800,24750,,771050,1.31469e+07,1.83256e+06,4680,96760,63920,5.7189e+06,112320,146400,6.75759e+06,282800,3.51908e+06,73350,1.3549e+06,147900,198825,,193260,61900,828785,142080,1.74613e+07,2.79607e+06,10040,862785,291200,5.14868e+06,180120,56320,6.02735e+06,82840,94920,99750,300290,5620,715400,1.79182e+06,2.8232e+06,2.0591e+06,671625,1.5698e+06,,189850,1.86242e+06,983250,568800,185425,,311896,254080,7.04731e+06,236610,7.19784e+06,,61350,,1.46366e+07,,92000,4.46954e+06,64840,202300,1.5949e+06,63150,3.58005e+06,619810,163580,43250,17960,79040,2.11824e+06,1.45728e+07,357950,759890,316736,3.56484e+06,104380,1.02422e+07,78240,132860,,60650,118240,156425,1.75484e+06,39420,492818,126700,233700,180520,2565,424300,5.29263e+06,,103320,4.44631e+06
10:22:00,,45450,802575,,141750,687325,1.05699e+06,,10760,31960,1.49792e+06,972260,,1.68994e+07,678640,580200,,8.87092e+06,,3.1588e+06,,42380,,513240,,1.51856e+07,2.39718e+06,,440835,,1.14578e+06,140080,21120,1.19608e+06,,47480,422400,320590,,89500,1.38842e+06,859495,225900,2.28182e+06,156800,20900,159495,803400,43600,524100,144125,141640,13440,127200,5.28849e+06,453250,6.29212e+06,,61350,,1.00454e+07,,260755,72900,,,735900,4.36334e+06,12350,37560,22960,10800,26940,69120,470500,576500,222325,1.70899e+06,1.42733e+06,1.76656e+06,858380,4.85938e+06,,,,80880,65400,29340,1.62183e+06,473040,585650,1.4353e+06,2.10336e+06,24290,2565,360475,423000,248800,2875,2.41368e+06
10:23:00,106000,136450,,432600,1.1153e+06,88125,684900,,,23970,315380,236740,,1.10637e+06,169680,281975,,334520,148050,353725,94750,4700,,543120,,3.96816e+06,3996,,856090,1.04638e+06,431120,1.08228e+06,843490,2.70002e+06,248460,,103740,459670,112400,1.5224e+06,1.42562e+06,1.22518e+06,879000,1.04658e+06,274850,20900,205135,1.33713e+06,751845,87600,1.4834e+06,15740,2240,120650,1.68641e+06,96900,903200,10050,40900,,6.93509e+06,,42170,270520,,1.07022e+06,1.7165e+06,,222300,18800,40100,21600,17980,9900,558840,1.28967e+06,,241940,17016,777800,185740,194450,4890,58960,,60610,39280,29340,1.09164e+06,264250,190232,312660,433540,38170,7695,1.01252e+06,20930,,,9.49578e+06
10:24:00,264950,136400,24700,,426300,1.32844e+07,553336,,,,766080,609600,,424620,112960,3.7957e+06,,7.09444e+06,98700,4.27402e+06,18925,84860,185400,775025,130240,1.38584e+07,49860,,3.57309e+06,91000,4.4993e+06,440120,84240,1.00358e+07,5.58208e+06,71160,231370,155435,,1.9674e+06,2.53724e+06,8.30394e+06,1.70686e+06,373450,392000,20900,926695,1.45026e+06,1.05078e+06,262600,,15740,150348,50800,6.53118e+06,68400,7.59778e+06,340400,102300,,8.33789e+06,,283740,43700,216000,,980600,6300,148100,1.89423e+06,149240,21600,421780,29640,294160,1.9194e+06,,53820,1.12046e+06,1.32408e+06,580160,2.788e+06,4890,206160,6588,131330,,,3.88032e+06,5.13101e+06,2.57961e+06,1.29206e+06,176300,170030,290385,236240,3000,,301230,1.03989e+07
10:25:00,556750,227500,98700,200500,346150,3.37558e+06,684400,32828,10740,63910,923420,74660,146360,1.44096e+06,253800,115925,,5.00998e+06,,2.46788e+06,322375,61220,,538360,94720,1.32637e+07,13986,,1.45575e+06,54600,2.98458e+06,620600,14040,88325,2.6942e+06,,107730,121680,118420,89500,7.05612e+06,1.2557e+06,878920,3.48055e+06,587750,20900,2.16099e+06,2.56553e+06,491070,393500,61725,47200,287228,89030,4.29777e+06,102620,2.98862e+06,10000,81800,56100,1.05094e+07,887475,260755,72960,366960,,1.9601e+06,31500,370935,196560,25820,10800,26960,29620,235280,3.09497e+06,,8960,339120,22840,11600,6.54078e+06,450600,29460,,960040,,625255,2.7076e+06,803230,57356,143580,188600,,36030,48745,,,,2.64236e+06
10:26:00,238600,,24675,61800,345900,1.1573e+07,901108,9364,,383540,663640,99460,468280,2.24752e+06,197600,149050,1.11723e+06,1.1269e+06,,3.79595e+06,,51880,,958165,23720,1.34425e+07,169582,652760,1.11449e+07,,1.57234e+06,681120,1.37081e+06,2.9805e+06,3.45008e+06,118640,151620,678105,5620,3.5836e+06,686425,485875,778340,560975,117550,1.0244e+06,2.25668e+06,962640,67730,,102925,15740,26908,139800,9.97632e+06,71350,7.1891e+06,150000,81825,,1.72001e+07,718700,99820,102220,21560,,,119660,43310,121710,28600,21600,,49320,3.79206e+06,3.00741e+06,,17920,56560,159040,34820,1.87782e+06,29380,176780,11020,111060,13060,9760,908590,26460,1.77962e+06,1.28625e+07,200850,,,531790,1.89268e+06,373000,103155,7.49563e+06
10:27:00,2.9477e+06,,74100,,897500,4.84058e+06,1.19732e+06,,,32000,67520,12440,146800,1.87956e+06,169240,3.31e+06,190710,1.69724e+07,197525,975500,113725,32940,247600,795130,23720,8.40844e+06,43868,10060,522950,,806620,180360,35150,1.28068e+06,2.24882e+06,,1.79151e+06,668035,1.31772e+06,807800,1.63202e+06,75710,652700,149300,,,365760,977730,400045,743600,41150,,20172,184150,3.07328e+06,2850,6.75272e+06,,122700,93500,1.91516e+07,1.26918e+06,701815,7300,21560,,980300,69230,315880,,22950,3.73463e+06,26940,29580,940100,6.74125e+06,631575,8960,11312,113880,69660,3.42882e+06,29340,574860,,60540,104480,880425,1.93232e+06,256140,974814,1.06092e+06,258290,,5140,52360,182390,,,1.35327e+06
10:28:00,53200,136400,86450,678700,733600,1.241e+06,1.58298e+06,23448,,119870,449920,49760,,2.58433e+07,648360,314050,,1.08439e+06,49400,399150,18975,56600,,858430,,8.14506e+06,,,219565,,2.79564e+06,420920,35150,772500,166780,1.0436e+06,139550,446750,693920,2.2431e+06,2.08841e+06,1.44408e+06,2.2852e+06,896450,352650,,244130,946290,26280,262100,1.58565e+06,,499512,82420,1.2215e+07,8550,6.99764e+06,,61350,224725,7.81442e+06,127050,122665,80300,,28925,,308150,279705,1.35718e+06,8580,,8960,405120,146900,1.75083e+06,37300,71720,,22800,208840,1.87445e+06,24450,44220,71630,766740,13040,,561340,16170,66124,387620,291100,10470,2570,14960,209300,248400,2870,1.74508e+06
10:29:00,928700,1.04665e+06,86300,77125,304600,1.8075e+06,653496,474152,,16000,596220,335880,,1.53006e+06,422960,148875,,1.18744e+07,148175,3.67492e+06,37850,51820,123600,344780,,6.55232e+06,27944,10060,5.38962e+06,1.06236e+06,1.92024e+06,220440,70290,1.3463e+06,27760,,286940,179415,67770,,394220,327785,200800,747275,117350,940500,198280,518380,,699900,,15740,567964,6350,1.79257e+07,,1.33029e+07,189990,81800,,2.3197e+07,84700,22980,167740,,520600,,,1.1131e+06,215050,168740,10850,,,4.28654e+06,4.14436e+06,,313600,638224,318360,313160,614075,4890,73620,,825790,,,3.90687e+06,41030,854236,6.14576e+06,311600,3490,64365,33660,119410,124300,,4.17802e+06
10:30:00,185750,45550,234400,1.1127e+06,711650,6.13352e+06,1.31292e+06,1558,,558630,1.58574e+06,186560,58720,9.70899e+06,141200,1.78455e+06,,2.07975e+07,,1.40942e+06,,410620,679600,2.07446e+06,11820,1.33983e+07,35928,1.29668e+06,1.03214e+06,9060,1.5988e+06,180360,49180,2.4696e+06,152720,23680,574560,1.21878e+06,5640,4.7479e+06,1.47189e+07,2.93521e+06,2.4849e+06,,39100,62550,457205,2.2692e+06,54745,,185325,220160,496388,1.16164e+06,1.5046e+07,8550,1.74711e+07,,81800,,7.24498e+06,42350,302940,153000,,,2.2034e+06,1.7254e+06,547125,953050,2850,746900,161620,1.62084e+06,469480,3.6936e+06,,17910,1.56152e+06,113800,11580,3.1686e+06,4890,117780,,4.24009e+06,91400,107575,1.5641e+06,4.41657e+06,22010,226800,1.60828e+06,17375,51395,2.0944e+06,,,,1.60778e+06
10:31:00,292050,91100,61725,77375,20300,1.00555e+06,395248,7790,,,438800,111960,,928670,225880,165100,,1.6141e+07,,1.36435e+06,,127300,61700,328785,23680,2.68164e+07,59880,692840,5.03186e+06,,3.90976e+06,340800,,4.2114e+06,236000,806360,127630,77870,535700,5.1081e+06,1.9496e+06,4.47225e+06,577320,74800,78250,,236360,2.91321e+06,59110,,41150,,122760,12670,2.34657e+06,,6.30922e+06,19980,817750,,8.41721e+06,42350,157180,72800,,404700,2.0791e+06,75240,3.60136e+06,9330,42890,,1.48702e+06,493780,3.8708e+06,5.66336e+06,12425,510110,681464,227960,231640,5.94775e+06,,88340,,1.8803e+06,39180,244370,65810,,3.90384e+06,285600,5.05796e+06,55600,23095,14960,161420,,,1.30547e+06
10:32:00,239100,45550,86400,,487150,2.2271e+06,1.98836e+06,,,,4.53048e+06,1.60482e+06,87960,1.17645e+06,112800,693125,29340,2.27158e+07,49350,1.1423e+06,,4700,2.5338e+06,305045,23720,1.58819e+07,,543420,625025,271800,2.58186e+06,120240,274160,2.6941e+06,458100,23680,406980,37235,5650,1.6134e+06,1.20423e+06,3.26038e+06,75300,37400,117600,1.0036e+06,259275,3.2875e+06,343895,,41150,,,120460,3.57273e+06,14270,1.74134e+06,269940,2.2906e+06,,1.24616e+07,,65190,211060,,115600,2.5701e+06,144490,6215,149440,,5.6077e+06,53640,167960,7.4716e+06,3.86112e+06,,44720,,251200,324720,3.2694e+06,112490,191560,2204,2.56324e+06,339560,977825,3.62368e+06,67160,129612,530020,2.57337e+06,,,5.48604e+06,361780,124200,,629455
10:33:00,2.22585e+06,773400,222050,988800,793400,9.66775e+06,584640,10934,,55910,898900,111960,2.07804e+06,5.41225e+06,592960,214675,,2.28868e+07,197450,284925,170550,66000,2.4747e+06,796235,47400,5.41999e+07,45908,,2.31196e+06,,873580,381000,7020,970775,,,3.35143e+06,243785,62040,626500,1.398e+06,1.70942e+06,7.60412e+06,784700,1.52115e+06,,106765,378270,30730,217700,61725,315200,1.62264e+06,139280,1.4019e+07,,1.69005e+07,49950,,355775,,126900,80510,58080,,231200,,,403030,626460,,43300,8940,49300,4.21778e+06,6.33618e+06,87025,187730,5640,365960,5.80126e+06,485625,4890,29460,26304,3.91015e+06,52320,,1.13589e+06,52560,687024,7.86186e+06,1.42527e+06,31275,,652905,137080,124200,1.89712e+06,3.73926e+06
10:34:00,,955450,172850,,101500,3.45608e+06,470664,26534,,,359360,87020,116920,3.14126e+07,28200,478825,14700,7.76954e+06,741000,722925,,94380,,561255,35520,6.49818e+06,73804,,1.39598e+06,,2.88538e+06,7.44208e+06,35150,1.2582e+06,,23680,,304840,219600,717400,4.22982e+06,2.02793e+06,326040,186475,,20950,7630,1.21657e+06,963535,173800,20575,,17832,,6.69519e+06,,8.94678e+06,69965,1.20668e+06,486200,14100,,118820,174240,,,1.7134e+06,25160,1.37116e+06,569830,,,53640,9860,1.84724e+06,4.51535e+06,,8930,687920,365760,196520,1.39212e+06,4890,58900,,202190,13080,,2.3362e+06,252580,541474,8.9124e+06,2.3955e+06,,,5.03944e+06,23840,,136900,258310
10:35:00,3.8617e+06,636950,716250,216300,182100,7.8734e+06,5.63583e+06,26538,,111710,628960,323300,175240,3.89352e+06,254160,7.37528e+06,220020,3.23472e+07,,1.40148e+06,607025,37640,61700,850255,1.335e+06,7.68198e+06,19940,60340,7.37806e+06,199300,6.7468e+06,1.08476e+06,21080,6.43942e+06,27760,1.7994e+06,218900,125260,129710,6.0931e+06,6.60142e+06,3.15464e+06,2.53279e+07,1.41725e+06,39100,271650,1.04372e+06,1.71302e+06,52670,,41150,,265580,1.34566e+06,3.08478e+07,5720,3.81713e+07,369535,,430700,237100,845875,80510,29040,258720,28875,3.4222e+06,194970,6205,1.82086e+06,2850,108250,,3.38096e+06,2.69618e+06,2.28617e+06,12425,1.7592e+06,230912,479280,126940,1.18349e+07,,103160,,877760,887020,342360,2.31847e+06,99280,1.20857e+06,33600,94530,,117945,104425,26820,1.06534e+07,1.23241e+06,1.18699e+06
10:36:00,26400,90900,197300,185400,789750,3.0799e+06,3.60489e+06,363088,,55850,438020,124300,204640,3.13505e+06,141400,412200,14640,1.83704e+07,,981750,,2.18584e+06,,206380,35340,5.44002e+06,211714,692620,6.03898e+06,,1.97514e+06,460160,968860,7.70512e+06,41640,,107460,812430,5640,5.6404e+06,824315,1.19134e+06,2.65836e+06,,545900,,1.9145e+06,775550,135930,693000,534950,15760,51332,170380,2.18533e+07,25700,3.36871e+07,59830,,18750,336080,,65150,,258600,,244400,18840,,1.72617e+06,2.30565e+06,995750,3.14646e+06,255820,234440,7.42808e+06,,17840,163096,912240,126880,2.5231e+06,14670,1.57504e+06,16440,1.21618e+06,,175925,1.01889e+06,93390,2.47313e+06,184800,1.64844e+06,86910,2560,59600,295550,246400,712190,1.31998e+06
10:37:00,,,222100,,545500,2.097e+06,2.92468e+06,204098,653860,398510,572800,86980,1.6978e+06,1.3478e+07,254360,164950,29310,1.53556e+06,,675375,113575,539350,,319680,999860,1.23426e+07,55788,291040,4.12407e+06,,1.55904e+06,520960,343980,1.3037e+06,1.51306e+06,,569290,67630,5630,,844530,564300,376200,,38900,,,794640,35120,,61650,,26784,82030,1.29952e+07,,1.79924e+06,219780,,,626040,,444750,7280,129320,,2.5683e+06,12560,124400,121540,,,,19680,878820,5.34879e+06,261025,365720,61880,136320,599200,647325,312960,1.029e+06,4384,411330,,68335,82110,112070,1.26582e+06,470400,771010,,7680,849300,23840,3.4652e+06,2835,4.95998e+06
10:38:00,,90950,148100,,283500,1.27445e+06,770528,7780,,55790,965620,360760,439600,2.3585e+06,141200,148375,44010,8.17846e+06,,718450,,14040,,821620,,8.06536e+06,,20040,1.95536e+06,9040,3.06468e+06,399980,,154650,374820,2.0094e+06,159460,314490,22520,,7.93241e+06,1.16678e+06,75240,1.0447e+06,,437850,106470,2.478e+07,205945,,2.20155e+06,,69168,75740,1.49283e+07,65750,1.20742e+07,109720,81875,37500,758580,295900,42170,116260,21520,,367000,31440,31090,271130,57000,1.3417e+06,115960,19680,2.75234e+06,410400,,8920,185656,249720,426260,1.8763e+06,4880,,1096,180540,,,3.87778e+06,26100,1.55764e+06,294180,205520,,15360,387400,,,,3.14445e+06
10:39:00,,,86400,,40400,262150,2.64639e+06,,21400,7960,2.09022e+06,24860,263880,1.14891e+06,197800,115500,14640,1.01361e+07,,696325,,46920,,511795,58900,7.24322e+06,,10040,1.55904e+06,,3.35976e+06,60000,,4.41745e+06,,4.04388e+06,227120,311140,832990,2.3314e+06,8.20116e+06,753005,576840,747050,,,858800,124700,269390,,,,339244,448720,1.50355e+07,51390,9.93862e+06,,,112350,208800,,252860,50820,,,489300,50320,342015,37440,,,,29520,205020,191520,,89200,213928,295000,57600,549600,1.30563e+06,29360,10960,150410,13040,19520,3.1217e+06,114550,1.13457e+06,1.90684e+06,276000,6940,25600,726355,151990,371400,,1.48602e+06
10:40:00,,45450,135775,30900,303450,1.83465e+06,2.31337e+06,,21400,231130,1.1574e+06,211460,117320,60720,169440,115425,,1.47839e+06,,1.06568e+06,,9360,,265535,11760,9.63172e+06,21948,,1.37964e+06,,671060,701160,,198975,,,211470,1.23156e+06,,2.0656e+06,490280,182020,3.36098e+06,37375,272300,,151935,155740,26330,172600,82325,47280,29012,12630,1.03102e+07,31410,5.46662e+06,29970,20450,187225,107290,3.2138e+06,471685,116160,,,367200,100740,174400,177690,2840,10800,107040,236600,8.83994e+06,314650,111825,8920,163096,385360,103680,2.03678e+06,,44060,,190380,,,2.48242e+06,263950,518084,108940,218330,,340365,22350,197260,,312950,651855
10:41:00,158650,90950,480750,,141750,3.8597e+06,1.48233e+06,29590,,462290,516640,609760,87960,1.23789e+06,112960,2.02642e+06,3.0573e+06,7.81114e+06,246625,347800,227100,93780,61800,658845,,4.13317e+07,,,8.25549e+06,,442920,540760,91260,198975,263540,,242970,1.16433e+06,630310,2.3354e+06,1.40143e+06,1.09132e+06,601920,,311000,,2.41538e+06,338960,3.44086e+06,129600,699575,125520,1.00037e+06,6310,1.46044e+07,34270,7.04648e+06,209380,429450,,333610,169200,76640,,,,5.50359e+07,81740,286565,420700,136790,21600,8920,39460,7.07936e+06,3.25544e+06,12450,553040,89992,158840,230300,7.92852e+06,,470360,29592,420290,,9760,1.52824e+06,163980,3.94739e+06,570060,259510,,,122940,32890,,104970,2.91111e+06
10:42:00,26400,90950,123275,15425,504450,122350,324056,1.26228e+06,10720,,3.97364e+06,261240,1.0834e+06,1.60665e+06,197680,1.28502e+06,,2.4799e+06,,2.7601e+06,,79640,61900,564000,,6.89582e+06,,100200,1.19256e+06,,939460,260520,1.91646e+06,1.0388e+06,194320,165840,143640,1.1694e+06,,2.3322e+06,1.51572e+07,2.08622e+06,125400,,,,159500,256870,1.30258e+06,517200,41100,,33480,170560,3.566e+06,54240,2.7303e+06,,20450,74800,160870,929075,2.89046e+06,645120,323080,,732000,18860,105910,,28400,118900,53620,,1.02292e+06,6.96984e+06,12425,98060,230584,362480,2.43796e+06,971975,,102880,,799270,,,755320,290000,2.50845e+06,310240,284270,52155,7665,268150,331890,123200,2835,1.30066e+06
10:43:00,5.8343e+06,1.72665e+06,1.58995e+06,46275,222150,1.52048e+06,2.19798e+06,176740,363800,437810,673860,2.5706e+06,292880,1.11328e+07,56400,49350,,6.18472e+06,147825,4.0515e+06,,23400,,402305,317520,1.11383e+07,35892,671200,2.03274e+06,,2.48228e+06,200520,294630,1.41275e+06,513560,1.04184e+06,310660,623420,,2.2409e+06,542230,181580,1.32926e+06,1.3059e+06,504850,540800,911370,93410,175200,516300,41100,,198372,1.17405e+06,8.76225e+06,68590,1.0578e+07,39900,,18700,358450,210975,898790,50740,,664125,366200,44020,180725,1.07369e+06,,2.268e+06,8.63102e+06,9840,9.49246e+06,2.97358e+06,,534710,787720,249200,45960,3.10722e+06,4890,924540,,9985,937420,927165,196840,29000,198408,2.30442e+06,1.13039e+06,3470,15330,18600,44770,,,1.72764e+06
10:44:00,26350,2.81425e+06,37050,46300,,314100,546864,,85600,31870,303120,24840,703640,1.05448e+07,366920,2.23722e+06,,1.87308e+06,49350,606575,,51700,61800,304365,11760,6.06384e+06,,,3.09768e+06,,1.22383e+07,140400,315900,1.1697e+06,,23640,147600,152370,5620,89700,4.61794e+06,1.7979e+06,601920,932425,38800,,68355,529250,1.23297e+06,42900,61650,,42408,,6.51098e+06,94560,2.17196e+07,,20450,56100,104470,,110780,181000,85920,,3.0525e+06,44020,1.06781e+06,354960,8530,10775,489580,9880,9.19268e+06,3.21758e+06,24850,80100,118224,181400,137760,517925,14690,615720,,3.40692e+06,117000,1.04439e+06,4.34764e+06,46400,1.16653e+06,242580,382290,,20440,,20860,,,685350
10:45:00,52800,90750,86375,123400,1.39145e+06,1.24208e+06,1.98973e+06,1548,,39840,931800,1.14268e+06,,1.07502e+06,197360,131600,,9.08296e+06,,1.69192e+06,18900,426860,,240375,,6.17988e+06,33898,10020,5.66105e+06,9040,2.16328e+06,380880,161230,3.37812e+06,194540,47280,215460,108360,11270,898000,380445,325795,351120,37275,,20800,455400,607040,15310,,143850,,93740,202240,2.50629e+06,40090,7.82132e+06,9970,102225,,84890,84300,76435,43440,,115625,1.9537e+06,50310,1.0016e+06,18660,28400,10775,249700,236240,1.6653e+06,13630,,276200,112600,181680,45920,2.1354e+06,53790,234820,87370,1.56036e+06,13000,39085,5.59566e+06,107410,1.11507e+06,301200,156560,,,115320,89400,123500,,2.58422e+06
10:46:00,79250,45350,1.0375e+06,,1.0075e+06,647700,85448,12384,,,280640,285600,29360,561090,958800,444150,,854620,,697675,,558080,309000,1.77398e+06,,1.04132e+07,,30000,560695,244080,2.56676e+06,60040,224440,397750,69400,23640,99750,81245,5630,,4.09326e+06,1.03452e+06,577000,,194100,20850,144255,5.18612e+06,4370,687200,82200,,167248,347610,1.10124e+07,80130,4.56198e+06,19940,,,519600,1.72882e+06,72580,65160,,,122200,44030,226030,46690,284980,9.65515e+06,8900,19680,1.37366e+06,1.06317e+06,,44510,,68160,3.9678e+06,1.1971e+06,107770,73400,,520620,65100,342190,443480,40840,257238,401480,935260,65930,5110,78120,8970,,,1.33544e+06
10:47:00,105700,136050,37050,601575,624650,2.5907e+06,678248,153480,,23910,1.44894e+06,211220,469120,1.14634e+06,310560,312575,1.3377e+06,3.72668e+06,,1.0082e+06,,51580,,386620,117600,1.97372e+06,279916,,420765,54360,2.69716e+06,340480,35100,309600,208260,118200,306890,189560,56400,89800,1.19145e+06,1.45388e+06,1.17876e+06,74600,738150,,144305,887680,8760,172000,102750,,140612,126600,3.36618e+06,51550,6.55094e+06,129520,,56100,729850,,53480,469980,21480,,1.2211e+06,31450,1.07135e+06,9330,,,8900,9840,233800,1.66814e+07,,8910,326192,136320,80560,355975,,29320,21840,902750,13000,19570,7.82161e+06,52560,1.12052e+06,309740,859040,38230,5110,37200,29800,123500,,165400
10:48:00,185000,45350,321250,,281450,69925,296460,,,31880,1.52826e+06,821040,351840,1.67386e+06,226120,,29430,3.31186e+06,,857800,56700,65520,,631255,,2.72336e+06,104025,110000,1.01344e+06,18120,536800,340840,771180,331875,791340,23640,2.08278e+06,389305,33780,987800,387000,31340,150480,111850,77700,,364585,669820,8760,387200,678025,,60176,56930,5.11099e+06,22920,2.79478e+06,139670,,,333640,42150,80220,462500,,144375,855300,62980,300700,27990,74160,,8900,482800,672060,682320,,1.39887e+06,,295480,11500,1.3596e+06,,29320,,30100,1.0522e+06,,1.84027e+06,83020,741718,418340,1.92051e+06,,10220,163715,172850,,,422650
10:49:00,132150,136050,,,442700,2.52058e+06,2.2644e+06,12416,,494140,202140,1.53086e+06,498440,1.32421e+06,226240,230350,,6.7199e+06,,66100,,42210,,308070,,1.17342e+07,80000,,1.18008e+06,1.37714e+06,872300,220440,70100,730900,,,147630,199865,,3.7739e+06,703485,1.1097e+06,1.2045e+06,37300,389350,145950,258255,116870,2185,,164200,437620,296584,25320,9.76045e+06,22910,7.3929e+06,179650,20425,,364850,,118490,64980,,,488400,31490,796705,802720,22800,,169480,1.27194e+06,1.78248e+06,109120,,17840,,136800,1.25658e+06,3.43195e+06,9800,175940,,612770,155920,,213720,27600,1.01057e+06,318060,4110,3475,23020,1.21662e+06,513210,,93865,398450
10:50:00,105750,272100,37100,15400,422950,2.8071e+06,2.36171e+06,49604,,1.38581e+06,415680,1.02194e+06,410480,3.59145e+06,,4.83005e+06,14730,2.06154e+06,98600,154150,18900,192240,803300,381375,,5.67539e+06,,320600,1.27698e+06,18160,4.48842e+06,240360,126000,1.37375e+06,97160,520920,450860,193040,73290,2.2505e+06,225935,960070,225720,186425,350100,,129195,1.07896e+06,,,431000,,84812,835130,4.48963e+06,2860,2.35461e+07,39960,61275,56100,3.51706e+06,1.34835e+06,516250,223980,,,,44100,182050,1.07311e+06,45660,54000,383560,433920,6.08136e+06,300090,409325,8910,236208,182720,138480,5.18372e+06,313600,14660,3282,60240,12980,97835,3.48624e+06,33580,419746,259160,519130,,,119005,283520,,14205,816365
10:51:00,290550,1.4512e+06,86625,15400,624000,35100,1.60682e+07,17028,192600,15900,280760,510840,410400,4.53367e+06,113120,1.13678e+06,,5.14224e+06,,705525,,229710,61700,249390,23560,2.02366e+07,,140280,3.4929e+06,9080,1.04936e+06,540880,42000,5.44845e+06,,,355110,162680,124060,,962135,319780,1.52988e+06,484525,39000,,2.5595e+06,350850,30645,818100,82000,,298628,550680,5.27149e+06,301330,5.31558e+06,69860,918800,,548690,,130020,223940,,115500,244300,100610,188180,214710,8550,10800,17840,9860,2.36828e+06,4.55472e+06,12375,,5632,68600,34620,1.71848e+06,4900,,,270810,52000,234765,6.83054e+06,137240,290828,485460,449530,,7665,66870,5980,,,1.11161e+06
10:52:00,105600,45350,24750,,1.28665e+06,2.27825e+06,1.12976e+06,,,421880,550560,199260,586400,3.13669e+07,84840,49425,,514800,,771700,,9360,,454755,47080,1.15857e+07,,1.01178e+06,1.12274e+06,,725840,420560,35000,177075,124960,,172000,115205,354690,1.3485e+06,4.2928e+06,576715,275900,111750,467050,,,1.102e+06,,215000,143600,,37876,76040,1.33445e+06,152100,1.0252e+06,19940,40800,,1.29852e+06,757750,557800,361400,,,244300,,2.12194e+06,18680,37110,32400,,9840,555860,2.04504e+06,334100,26750,84400,296800,34560,6.2526e+06,220050,263720,,100300,91000,166430,592920,26130,135582,368360,264270,,7665,906460,382620,247400,,288695
10:53:00,185000,45400,1.349e+06,15425,402650,577550,1.16413e+06,31000,,47820,258320,49760,58720,2.22127e+06,480760,16475,58920,373645,,264450,18900,70310,61800,352080,35340,3.44302e+07,889000,,184995,18160,1.70818e+06,320840,119030,442500,,23680,247710,396175,5620,269700,550375,682885,953040,186300,77700,20850,,327600,1.73577e+06,,246050,109300,794172,,8.049e+06,31490,8.51166e+06,,81600,37400,1.02918e+06,,137660,,43440,,366600,62890,312620,18690,336300,,142720,9840,263300,1.01865e+07,444500,35650,,45560,34560,517625,,29280,,230600,273000,910565,1.38279e+06,155590,594166,259400,334530,3470,17885,245190,20880,247200,,515810
10:54:00,105800,181600,24750,,1.08595e+06,734925,2.19298e+06,,32100,175120,438040,310880,234640,1.65039e+06,396240,3.0762e+06,14730,9.64846e+06,197100,132400,,407150,493600,352080,270940,6.57796e+06,10025,,2.56316e+06,,2.4864e+06,100200,301000,5.02008e+06,194320,23720,1.32492e+06,402825,,1.3493e+06,1.37812e+06,1.22638e+07,225720,149000,,332850,448190,949600,96360,43000,61500,186720,22280,360770,1.15468e+07,17180,2.54538e+06,308490,1.8152e+06,93475,359310,,263820,253040,21720,,1.2209e+06,37740,6260,429560,,1.6175e+06,44600,9840,2.31e+06,9.23963e+06,24650,659340,916904,22800,34520,2.7497e+06,122500,161240,,,65000,322690,1.59565e+06,23250,490746,1.17904e+06,1.8505e+06,,7670,2.11072e+06,,123200,161825,2.75688e+06
10:55:00,26450,363450,74225,,80550,420000,611048,1548,203320,572400,1.02188e+06,186480,410440,3.44286e+07,141600,1.31498e+06,,7.12506e+06,,1.32438e+06,,303550,,963365,47080,5.65304e+06,186000,,1.71375e+06,63540,1.0468e+06,200480,2.21789e+06,3.31068e+06,554240,213120,39900,108285,,,963480,2.28128e+06,426360,372275,310700,20750,136705,813960,10945,,143500,545540,131444,12650,1.63617e+07,28600,2.35996e+06,,61125,,76260,,22940,72200,21560,,122100,75420,269020,270610,2840,,,,146120,1.31599e+07,,26720,39416,68240,46040,420325,4890,380640,,280280,26000,19550,2.08941e+06,29100,903548,217480,552090,131695,10220,89170,184870,493000,241155,581405
10:56:00,369600,181400,99000,,20100,822500,196932,9304,160200,,516860,186360,234560,636200,84840,5.47308e+06,,1.01094e+07,,1.43955e+06,,37410,,537520,35300,5.32134e+06,,50000,1.00112e+06,,389240,360480,90740,4.3051e+06,111060,94800,91770,206410,11240,2.5158e+06,459340,1.52956e+06,2.5828e+06,111600,38800,41600,15200,814490,8750,,225500,155580,153724,56950,3.97347e+06,22900,1.70324e+07,79700,326000,37350,987440,294675,168215,238340,,,733200,37730,,,182390,43100,8920,29520,379860,8.43944e+06,,35630,22528,136360,69100,6.1784e+06,,14620,,560920,39000,19540,707370,11620,67684,284240,568610,,10220,891600,617840,4.918e+06,,654580
10:57:00,105700,,49500,,40200,297500,1.52649e+06,,,119280,471680,273660,293200,1.7151e+06,141400,1.2831e+06,,4.3369e+06,,1.8405e+06,,70050,,561770,47120,2.54694e+06,455210,110000,1.74586e+06,27180,751600,100160,153640,154600,27760,,143640,13520,5630,359600,194100,2.00464e+06,801920,223175,,,1.42034e+06,904400,,600400,102500,,48928,12660,7.50042e+06,34370,3.19356e+06,,3.21925e+06,18675,98950,,122280,72200,,,611200,69070,463120,,2850,,,187000,175360,3.61215e+06,,17810,191240,90960,483560,4.94968e+06,9800,687940,,,622880,68390,1.59435e+06,11650,1.12258e+06,242440,164970,,10220,2.77876e+06,29800,,,691530
10:58:00,2.03275e+06,45350,99000,847000,703000,1.52242e+06,842396,4656,299040,238840,426840,99520,117280,3.33504e+06,84920,1.25012e+06,14700,6.01616e+06,,3.81165e+06,94550,359610,,487950,35280,3.65582e+06,,560000,764400,,2.35064e+06,140320,146580,3.80125e+06,152680,,143640,507750,,1.7989e+06,433540,2.33544e+06,150360,185925,,,637990,919180,34995,,287000,,124732,18990,4.92825e+06,31460,3.72253e+07,208930,61125,,603810,2.43902e+06,191185,43380,926200,202475,2.5665e+06,37740,425995,522360,,,,39360,2.54222e+06,2.37399e+06,,2.14342e+06,101248,45480,34520,258625,,14640,25340,4.65625e+06,12940,694310,32840,40650,240020,292600,659800,,10220,4.34678e+06,80730,245800,,886115
10:59:00,52700,90700,136050,30800,40100,,4.65177e+06,1.78311e+06,42800,,741220,273620,58640,1.683e+06,84960,82250,,2.16338e+06,,978950,,,,102480,23520,6.58151e+06,,,992980,18160,4.62608e+06,180440,83760,309400,305360,,263340,230290,,,4.21274e+06,1.6598e+06,275660,743850,272050,,1.50356e+06,736850,2185,,5.16378e+06,,37876,,2.01595e+07,11470,1.34341e+07,4.32996e+06,40750,74700,718300,461950,149155,14440,,,122200,62930,25060,643240,62700,506925,8920,59040,2.36742e+06,2.32047e+06,,141920,,113680,,226275,171500,14640,,200230,,,6.3904e+06,143700,656984,702140,1.45486e+06,,7665,386510,,368000,2835,2.276e+06
11:00:00,79050,90700,86625,15375,902400,52450,80640,631710,,15940,572580,136780,,1.74293e+06,141640,527050,14700,8.06325e+06,98550,3.72285e+06,37800,378900,,950615,58800,7.51292e+06,,,8.91836e+06,18160,2.788e+06,200400,279540,110475,388640,71000,383040,64345,,1.2574e+06,258600,998400,1.77926e+06,148625,155600,,2.30122e+06,467640,56890,386300,20500,,35644,,7.18973e+06,411840,2.27865e+07,249110,61125,617100,373360,,478110,36200,,,611100,125900,357055,289000,17100,53975,,88640,263180,610780,,523140,146096,45520,5.55972e+06,1.02224e+07,,14640,8816,140140,38940,,1.05295e+06,36340,69760,367060,292240,10395,10220,260040,433430,245200,500910,744160
11:01:00,79050,,49500,,820950,1.014e+06,1.46861e+06,1550,,31880,1.94172e+06,49760,88040,2.58132e+06,907440,98800,,4.85849e+06,147775,4.1764e+06,18900,88820,,1.51855e+06,23520,8.6307e+06,,,4.47348e+06,9060,1.38676e+06,200480,551330,419900,471480,47320,91770,287785,,179700,7.08128e+06,1.62231e+06,275660,1.22668e+06,583500,,151835,479660,155490,,,405120,189304,386120,6.49763e+06,2850,1.25984e+07,59820,40750,18725,715720,41975,604305,325440,236200,,,31460,156650,55940,,398675,53640,157760,409440,366390,24675,8870,106856,136480,450020,2.71938e+06,9800,248880,,100110,25960,,756990,181350,1.63611e+06,150120,781160,20820,395870,63155,289070,122700,,164805
11:02:00,52700,181450,111375,,160000,1.5205e+06,108544,,,15940,438120,360760,263960,2.64599e+06,56640,1.12318e+07,,962770,,7.3436e+06,,65340,,53685,621620,6.34872e+06,,,2.37426e+06,461980,875140,80160,551270,685550,3.37896e+06,,159600,111710,,,587690,1.93595e+06,100260,37150,,20750,197155,919190,8760,257400,20500,,40104,,6.0263e+06,,4.30556e+06,,81500,18725,472400,2.56212e+06,695590,14480,,1.1261e+06,244600,75560,244360,111960,28500,32325,8920,59280,380320,1.00627e+07,184850,150660,89856,590000,23040,2.55745e+06,44010,29280,,952490,194440,9775,1.03637e+06,13140,475836,325620,172930,3480,7650,248905,,122600,,1.09858e+06
11:03:00,210800,362850,396400,,520180,297075,739876,,128200,63750,348240,871000,264040,827740,283480,494275,14700,1.01356e+07,,4.35008e+06,,107640,,34160,93600,1.87237e+07,,10020,490595,9040,1.27888e+06,260600,55810,132700,13940,23680,131670,1.43167e+06,,3.5925e+06,2.00088e+06,2.4289e+06,2.98218e+06,1.15272e+06,38950,,196975,202780,94170,85800,102500,,,,5.50632e+06,,5.97572e+06,,61175,,2.27435e+07,,68800,965000,,,3.4247e+06,62980,131580,121190,28470,323250,,49400,1.98966e+06,7.27807e+06,,62020,230256,,80640,1.74805e+06,,43920,8816,431820,51840,,739970,10220,835762,267000,308740,3480,12750,185750,17940,,,1.99784e+06
11:04:00,210900,90600,297350,46125,60150,350000,156548,,,15940,1.64104e+06,49840,58720,2.05668e+06,3.04608e+06,3.18555e+06,14730,4.35188e+06,,1.32512e+07,510300,93450,123400,986115,245720,1.50379e+07,463536,,866570,,686520,581960,118660,1.70468e+06,13940,23680,155610,135480,5620,1.3483e+06,622090,1.98705e+06,325780,37175,77900,41550,689420,331400,2185,86000,82000,,392128,12660,1.60853e+06,2860,1.14316e+07,,61125,74800,65320,588000,95600,,,28825,6.9782e+06,50380,144155,364210,25650,1.41148e+06,8920,,1.4054e+06,1.9962e+06,859850,17730,44928,68280,34580,938200,,43960,,190660,,,3.42251e+06,189800,469484,133440,1.246e+06,,17850,81730,514280,735500,11340,2.54644e+06
11:05:00,184450,272100,358975,,480400,157500,2.75062e+06,273188,,15930,1.37106e+06,49780,58720,832880,399440,99075,14700,2.99226e+06,49250,8.63112e+06,,9340,,288070,,8.3689e+06,296000,,440070,36160,9.34828e+06,180360,956260,1.24048e+06,,118240,211470,155720,,809400,356425,662500,476140,74350,974450,20800,2.35501e+06,1.07025e+06,17480,,266500,,280724,215220,2.07657e+06,,9.1391e+06,,61125,,1.11167e+06,293800,263865,101420,42880,,,75580,112845,,202340,21525,26800,,468360,162970,61325,70880,157248,68320,23060,355950,9790,,,251000,,,1.36664e+06,16010,126778,375800,210040,,7650,44580,209300,122600,,1.19251e+06
11:06:00,395250,,61975,,100400,262300,1.94955e+06,1552,106800,191170,146020,236740,762240,1.78064e+06,1.16888e+06,165200,,1.5457e+06,246350,3.489e+06,18875,4.50828e+06,,336415,152200,2.39642e+06,66000,10020,1.014e+06,,1.98724e+06,160280,,133000,1.80102e+06,,91770,338885,33720,809100,512315,1.64378e+06,476280,74350,1.0175e+06,20750,,697610,24085,,184500,,874240,25320,4.07271e+06,174420,8.24042e+06,9970,652000,,485540,125900,715270,79680,321640,403850,6.3669e+06,94540,56430,,,10750,8940,970120,1.20052e+06,462010,245050,44300,1.15292e+06,45600,103680,744125,14690,14660,,501940,,48890,1.31778e+06,99120,63394,258580,350050,58905,565775,178320,14950,245100,,3.93218e+06
11:07:00,105400,45300,99200,,40150,3.06438e+06,1.31901e+06,10878,,,213320,186900,410480,995800,56880,280675,14700,257530,98550,4.2744e+06,,,61700,994385,46800,6.88042e+06,10025,,529150,,2.12184e+06,380480,6990,376900,181260,,1.93876e+06,352230,5620,1.9781e+06,162055,112500,801920,37200,,20750,952485,1.02408e+06,,,82000,,57824,607480,923770,42750,1.20794e+06,309770,20350,112200,85120,1.63708e+06,49765,464180,42800,1.03678e+06,122400,18930,325955,28020,17160,75400,44700,207940,409880,1.49386e+06,355325,35440,794112,136800,,6.60508e+06,,29280,,190790,517620,19560,214110,66710,48086,267100,370660,93855,5090,148460,,,,3.22111e+06
11:08:00,1.02378e+07,1.08715e+06,49600,968625,40100,2.50965e+06,1.77313e+06,666858,,1.18608e+06,494320,584680,351840,2.84667e+06,170560,3.31575e+06,,4.81522e+06,,2.4024e+06,,18720,617000,43920,502940,1.13856e+07,300000,2.11911e+06,2.90921e+06,,2.02882e+06,120240,111680,2.08232e+06,55780,70960,59850,240385,1.00056e+06,808200,3.33077e+06,874890,1.72841e+07,74375,,3.2363e+06,83210,809490,13135,,102450,,80064,329140,7.47794e+06,65550,1.98234e+06,89880,,,1.53878e+06,,164555,72400,21400,28775,,37860,100295,65380,,10750,786600,217800,1.31678e+06,4.36815e+06,147225,106420,,91160,34580,1.6207e+07,63690,29300,,241040,64700,322565,3.49087e+06,27690,506646,659260,415960,17400,56030,289350,508300,122600,59410,317670
11:09:00,78750,90550,74400,,781300,105300,624348,,,214750,449200,74640,351840,1.16027e+06,484080,65900,29400,1.20402e+06,,1.52595e+06,,211010,61600,258640,361620,1.52131e+06,,139740,1.38736e+06,9040,901280,180440,83670,265775,97580,,327180,23710,39270,2.40931e+07,3.28804e+06,661975,325300,111550,352500,20750,1.28772e+06,471650,251275,,40950,,,126400,478880,,1.30036e+07,,,,172940,,1.46498e+06,355540,,86375,978400,37860,1.67137e+06,9340,17160,10750,44700,59400,1.90192e+06,2.14048e+06,220900,17720,45120,182600,34620,3.84968e+06,,29280,,190860,838740,312630,740260,68190,1.49817e+06,66820,1.19024e+06,,38195,251940,721160,1.2252e+06,,879885
11:10:00,5.55075e+06,181050,37200,15375,1.0011e+06,140350,735544,60298,74760,,404400,1.19444e+06,234560,621550,56960,148300,,5.33177e+06,,1.0779e+06,,1.46395e+06,,214615,186240,5.14627e+06,,579490,1.55337e+06,,712640,180400,20940,332200,320180,,151610,135450,129030,,259600,1.83125e+06,6.28418e+06,74350,,,212105,187040,2180,903600,1.0045e+06,,2220,,1.15164e+06,65560,8.35978e+06,,40700,56125,570830,,,50680,,28775,611600,31550,7.66618e+06,18680,2840,10750,169840,19760,731620,5.13751e+06,404250,230560,95744,114360,46080,615100,9790,29300,,261200,12880,87970,16440,20440,21830,359020,996670,,30545,118560,,1.9565e+06,59535,1.07853e+07
11:11:00,6.9934e+06,905000,49600,,1.3251e+06,4.55335e+06,1.1426e+06,98842,288360,111440,370620,360720,381160,1.5516e+07,56880,939000,44100,1.08908e+07,,2.22392e+06,,70500,61600,292505,291000,1.29783e+07,,349980,1.81229e+06,,4.50654e+06,1.20472e+06,83760,4.1374e+06,55760,23640,873810,84625,16830,626700,2.56564e+06,855565,6.30874e+06,334550,352550,,431790,1.18262e+07,8750,473800,,,322308,233830,1.03217e+07,34200,1.14862e+07,309350,20350,18700,519680,4.40288e+06,15300,137820,,,1.7123e+06,421970,261810,737650,28600,21500,722540,543400,1.69734e+06,81360,36675,504920,377296,228960,552800,4.8524e+06,9800,585640,,582900,501600,263810,2.26788e+06,58110,722220,375300,2.76446e+06,3480,10195,752250,35790,3.4138e+06,297345,2.46817e+06
11:12:00,26300,226100,111600,1.76532e+06,319750,1.25992e+06,186912,27786,,525520,437880,273320,117360,3.70203e+06,255600,1.36565e+06,117810,1.20262e+06,49300,1.77458e+06,18875,117400,185100,780005,290420,4.26436e+06,26035,49950,1.58831e+06,650880,1.5995e+06,380840,83700,332250,390420,2.81396e+06,83790,179595,264350,3.489e+06,110105,561990,400320,4.93508e+06,78200,207050,30320,209900,8740,687500,40950,62340,384412,,2.50529e+06,8550,1.57852e+06,29880,,56075,65210,293175,645905,384640,,143925,244400,,12450,37360,,6.536e+06,,29580,994900,2.80683e+06,12225,477900,50616,229040,11520,2.6507e+06,78390,190320,,251130,38600,,3.59393e+06,152300,82910,258840,297240,,7635,77835,313950,243600,,673530
11:13:00,,45250,284675,,40030,,442256,533918,,965240,898140,161480,293520,7.83855e+06,454920,1.06918e+06,14730,696460,98600,2.88182e+06,,192370,185100,,92800,3.64296e+06,50125,,895350,,174780,220480,13940,620200,2.16618e+06,118320,127680,1.04252e+06,,3.5729e+06,220220,630745,6.00402e+06,1.52105e+06,39100,,2.88197e+06,77600,,428400,40950,15620,,700410,6.69062e+06,,7.30316e+06,,40700,112075,541340,83800,7640,238920,278040,,122200,,654150,9330,88660,482625,142560,9860,322040,596410,,79560,33792,942880,92020,1.03505e+06,728610,43920,,291330,1.29668e+06,205175,1.85568e+06,242210,2180,1.26808e+06,441400,,7635,11115,14950,487200,,1.05634e+06
11:14:00,2.65635e+06,1.086e+06,24800,,60050,1.90762e+06,75756,,,15980,640340,745460,,1.99336e+06,170640,230525,,2.23153e+06,98600,2.1818e+06,,4690,,369685,616720,1.11205e+06,28070,,2.34885e+06,,5.26776e+06,240560,6980,752950,349500,118400,203490,795060,11220,,32375,162370,3.52686e+06,3.74708e+06,547150,41400,114000,1.04397e+06,2180,,61425,,1.44078e+06,18900,2.19477e+06,,2.50616e+06,,61100,,729450,2.6397e+06,64940,267880,170720,,1.8346e+06,,124725,121300,311740,,115940,49340,468360,487810,,26520,,138400,138060,323525,4880,29260,,532450,25680,117240,32860,40680,2.24404e+06,133680,429360,,,422370,167440,,,1.18469e+06
11:15:00,552450,45200,420800,15350,220000,648425,156508,,10660,4.73133e+06,3.6585e+06,670820,234560,4.65923e+06,113600,148100,58920,4.60356e+06,,2.47482e+06,37850,46950,61700,266905,336960,2.69348e+06,24060,239990,4.1211e+06,9020,966300,642200,6970,155025,251760,47360,191520,43975,,,1.2309e+06,6.01789e+06,750200,185500,,,30395,89240,13105,,286625,249320,2216,12600,1.53516e+06,14300,3.90334e+07,9950,305575,18675,178410,209575,42020,253400,,258950,122300,37770,162345,149280,2840,160925,26740,98600,731920,880820,12300,17700,185592,965240,34500,355875,48900,146300,,281220,,9765,1.00092e+06,30540,237242,425660,466210,,27995,367225,286450,243500,,1.29523e+06
11:16:00,26300,90500,606375,30750,20000,1.41933e+06,555464,4650,,2.44864e+06,492880,37260,322520,2.9832e+06,56800,115225,,1.65895e+06,,3.84865e+06,,42270,556100,2.66958e+06,266920,3.73452e+06,28070,,1.52369e+06,27060,979720,1.041e+06,,88575,712640,165760,119700,4.57101e+06,5610,356700,103680,1.32766e+06,350020,111350,,20700,68395,240560,10920,42900,266175,,,113530,6.12438e+07,2.21229e+06,1.8568e+06,407520,,18675,651250,83800,26740,202800,,57500,489400,62960,206085,522440,48400,193050,,19720,614720,975610,,35370,39368,252840,149540,517675,4880,43860,,512550,874480,214830,2.06782e+06,4380,3.45158e+06,292160,445860,3465,122160,2.85772e+06,32850,244000,,632370
11:17:00,,361850,49450,15375,100000,3.59648e+06,547852,,10680,801000,403360,956620,,1.12748e+06,28400,115250,,2.28245e+06,,3.45785e+06,,46990,,1.4617e+06,278400,720130,44110,,1.96758e+06,,671220,420000,69800,66450,656540,47360,127680,81120,5610,356800,2.26468e+06,3.97258e+06,3.90258e+06,334175,117150,1.07665e+06,1.61905e+06,260520,69830,85800,81800,,,202240,1.29264e+07,85500,7.2403e+06,99500,20350,2.05198e+06,4.86528e+06,41900,53480,1.46032e+06,21320,28800,612000,132060,93750,18640,,,89200,,878100,772360,73375,26520,28120,115240,184140,1.22938e+06,1.5601e+06,29240,,170830,103040,400365,377230,91480,1.10219e+06,392100,4.55425e+06,,20385,3.83658e+06,292720,1.3366e+06,,1.19688e+06
11:18:00,26250,45200,24700,,20000,280750,376120,9312,10680,72090,829420,385180,,3.01351e+06,142000,197650,352830,157755,,4.57752e+06,75500,18760,,680760,116200,4.8448e+06,36090,,685835,36080,1.2662e+07,300000,76750,442875,4.95574e+06,94880,147630,192410,5610,1.3365e+06,1.97617e+06,2.62705e+06,1.51508e+07,111425,,,205615,4.15097e+06,19665,,368750,,,,1.57093e+06,37050,8.54058e+06,149280,61075,18650,757420,1.29978e+06,114705,86620,,57500,245000,75580,175055,223850,17160,440225,89140,9860,4.21838e+06,1.39565e+06,,123760,39368,69240,115100,1.29402e+06,235200,29240,,1.5896e+06,450400,39080,4.20548e+06,49320,522172,217040,2.36548e+06,,,78150,209300,4.1207e+06,2835,1.57242e+06
11:19:00,26250,135750,123675,,40050,140550,222228,43444,,208300,201700,869800,322520,1.65921e+06,56800,1.74628e+06,,224110,49300,2.62062e+06,,4690,,318435,290000,3.40781e+06,70175,,914340,45100,2.03634e+07,500100,,420525,,47440,247350,50655,,4.3618e+06,175615,,,37125,156150,62250,83820,307900,10920,86000,163600,,,6330,3.17687e+06,37050,2.32092e+06,49900,61050,,266310,,302150,513100,4.10736e+06,258950,,18890,237690,177450,8580,,17840,,498400,1.6807e+06,12250,17700,112480,230800,184240,744125,,58520,,2.1014e+06,38660,48850,1.08473e+06,128330,287232,1.0511e+06,2.58753e+06,,2545,126480,172860,3.6303e+06,,449055
11:20:00,78750,361800,86450,46125,,438725,3.86244e+06,123968,64080,16030,235320,223640,,1.389e+06,113600,131850,,141115,,8.4604e+06,,65790,,1.90216e+06,46400,4.0143e+06,170325,,177795,9020,5.9681e+06,320080,13940,243425,1.22925e+07,94800,87770,391675,129200,267000,4.91377e+06,917255,25020,1.29898e+06,1.9896e+06,,99050,362490,13105,,40900,170980,195008,18960,5.49835e+06,39900,1.207e+06,69650,40700,186500,599170,377325,42050,267140,21560,28800,2.3254e+06,50380,181480,298540,20000,493325,8900,,1.75818e+06,501350,,26520,39368,1.03944e+06,23040,1.1322e+06,,58480,,839450,,87875,1.2486e+06,11680,130500,7.66446e+06,2.13343e+06,,358815,3715,14950,6.4399e+06,,1.32172e+06
11:21:00,105000,90450,235100,15375,640850,35075,217092,61904,,336480,862680,634440,,1.00501e+06,113600,494175,14700,1.64351e+06,147900,4.3054e+06,18875,79800,,72600,11600,7.40575e+06,320835,10000,1.37129e+06,,928780,620060,6970,509300,420680,,179520,111405,89870,7.2991e+06,895670,386875,175160,4.71198e+06,312600,,98995,284550,8730,43100,81825,46600,4432,88480,1.36537e+06,48450,8.04476e+06,29830,81400,,1.76988e+06,,106960,274360,2.37632e+06,115075,122400,37770,169020,55920,2840,322275,26760,49300,1.37786e+06,325240,,167900,39328,460080,230320,387950,171500,87740,,374060,51500,801050,180640,62780,361206,200160,1.71044e+06,,10160,4.33474e+06,684670,243200,,648440
11:22:00,131250,4.20265e+06,86575,,20050,1.13882e+06,3.85508e+06,57272,96120,40080,235300,1.16774e+06,117280,935600,56800,115275,,7.10826e+06,,3.39822e+06,,42270,61900,362745,58000,1.96173e+07,246615,,2.69044e+06,45140,3.87648e+06,1.00108e+06,1.28232e+06,2.30102e+06,8.53288e+06,,99750,118140,5610,712500,1.01117e+06,7.59174e+06,1.72762e+06,259675,39050,,738040,210600,,,61350,,201656,183010,1.39576e+07,11400,4.43394e+07,436800,4.71942e+06,,1.03305e+06,,1.50502e+06,93760,,57550,1.3454e+06,69260,475380,102610,17160,,2.2161e+06,19720,938120,352440,36825,644530,151880,46120,57560,1.5516e+06,,73100,,1.85857e+06,12880,68425,3.29818e+06,7300,1.12985e+06,133440,240120,,119590,148850,2990,486400,50920,1.435e+06
11:23:00,52500,405900,24700,76875,340050,175125,696524,,,32060,817720,37320,58640,3.50622e+06,597080,592375,,9.21276e+06,,1.76458e+06,,4690,,77280,244020,4.19686e+06,,,2.36667e+06,459960,1.64098e+06,620320,,44200,1.83194e+07,,187530,401795,1.64121e+06,356400,2.73618e+06,1.19596e+06,150120,148200,195300,20750,98860,77830,8740,,81800,15540,8880,12620,1.77407e+06,,1.64593e+07,59520,,,206820,545050,141155,266660,21600,,,31470,131345,261190,11400,,8900,59160,1.96306e+06,6.45669e+06,,8830,78624,69240,276180,840475,,117060,8810,,103040,68415,3.16437e+06,10220,509284,216840,153150,,544630,48360,5980,3.5291e+06,,2.45677e+06
11:24:00,131250,90200,61825,,80050,403075,181728,1550,,32080,604960,173960,117280,1.00581e+06,170800,806175,29430,3.54952e+06,49300,3.09158e+06,,84560,,,394680,6.35162e+06,,,3.43304e+06,9000,524160,480000,20880,4.29242e+06,1.35562e+07,,191520,114895,,1.4265e+06,726870,2.41275e+06,125100,74100,938050,20750,243325,70150,30585,474100,40900,,55500,25280,5.12942e+06,,3.30446e+06,9930,487800,55975,1.33554e+06,,72485,252080,,,1.4676e+06,,56295,,68460,,275480,,1.75972e+06,3.31352e+06,638600,6.50889e+06,61808,69160,57540,290975,,73140,,1.07893e+06,38580,9770,3.38121e+06,49570,65340,225420,649980,,,7440,463350,488800,,447710
11:25:00,52500,135300,61750,15350,20050,140000,181728,32512,,8000,403360,696300,878560,1.94157e+06,142160,115175,,1.07048e+06,344925,1.6913e+06,,9380,61900,82110,116000,2.24224e+06,20050,,5.40647e+06,9000,1.50664e+06,540000,6960,1.7276e+06,588840,,151580,679880,11240,1.1584e+06,1.66144e+06,1.80696e+06,425340,74100,117150,20700,152090,837110,10910,1.1252e+06,122700,,57632,,4.81426e+06,,1.4274e+07,9920,40650,,626970,41900,133525,230400,65040,28750,489600,25190,125075,727470,19940,225725,124580,9860,2.1696e+06,312460,73650,1.96616e+06,44992,184680,1.01154e+06,452650,112700,117020,5510,181620,,87965,65700,66770,71874,3.22684e+06,256680,114230,50900,435810,605970,977300,,580810
11:26:00,393750,180400,,30750,,122500,70684,,,32060,246480,62300,292840,2.17888e+06,85280,1.3658e+06,117600,1.81632e+06,,2.34625e+06,358625,70430,,1.31406e+06,498780,1.52791e+07,,,571200,216220,1.57384e+06,320040,,1.21672e+06,1.25298e+07,,99750,372070,11240,890400,810705,4.76976e+06,275220,74100,,,174850,350460,21850,,449900,,,75830,1.45548e+06,,1.41052e+07,,,,1.01388e+06,167700,167865,259260,,,4.8884e+06,37790,887465,27960,202350,,8900,,2.75304e+06,149380,,44400,39312,138480,103340,2.19855e+06,1.52079e+06,204680,,949400,591560,9780,591180,24720,76230,718700,356420,,,48425,2990,122100,,1.52488e+06
11:27:00,341400,90250,123700,30725,40100,70075,684004,30960,,793180,605040,62300,410120,4.4535e+06,142160,279575,,1.41548e+07,,1.19585e+06,925150,14070,,338560,173940,4.56481e+06,,,793570,26940,1.3183e+06,760360,174230,,1.90466e+06,,179550,121980,28110,534600,984805,43575,75060,74100,,,91240,958220,21850,,81800,,13308,37920,682430,,2.8379e+06,198170,2.52395e+06,55950,1.27498e+06,167700,110650,266500,,4.11e+06,122000,12600,74940,419610,122900,10725,6.52588e+06,,1.20024e+06,244440,,124180,56200,1.30992e+06,,905100,,29240,,717110,38640,,312000,10160,21770,275640,473100,,2550,656345,23920,122100,586815,938660
11:28:00,78750,45100,99000,61400,280500,175200,1.69866e+06,24764,,849190,3.96084e+06,49760,409960,1.68439e+06,,49300,,961185,,767100,,23470,61900,121000,254760,1.11208e+07,160400,10020,1.02819e+06,8980,1.13036e+06,419740,34850,397875,1.37028e+06,94600,83790,1.00886e+06,,891000,71240,959450,125100,222325,352000,41500,364920,614940,26220,86800,102275,,6660,151690,3.98992e+06,17100,3.30136e+07,138460,,,797660,,95375,144140,,,122100,31490,74935,9330,,10725,398700,9860,614640,258020,,8870,112336,115240,183780,355625,24450,117100,,616620,,,4.83391e+06,23250,43550,1.43283e+07,348600,,,3725,1.465e+06,,209050,327030
11:29:00,210000,315700,74200,337700,80000,70100,509536,1550,,1.29775e+06,651200,236300,439080,2.64636e+06,255960,49300,58890,3.10634e+06,,676950,,75180,,266205,358360,2.71912e+06,16080,900000,659935,,1.00982e+06,220000,6970,243275,27960,,614460,253775,,1.0689e+06,71230,1.65648e+06,100080,111150,,41500,45645,311600,41510,606200,61375,,28844,88480,2.93215e+06,5720,7.55342e+06,9920,,,437270,83825,771000,360260,,,732100,31490,455960,363660,142500,,1.47888e+06,,351240,597890,,8870,39312,323640,839360,258675,14640,29240,,819720,51440,48875,2.05605e+06,7300,405108,142460,2.19096e+06,,,55875,227130,244500,8490,1.93851e+06
11:30:00,393800,1.98325e+06,679550,46025,,157650,204168,6184,,64150,292020,111860,409920,5.96572e+06,626560,98600,2.2344e+06,2.76542e+06,,1.0399e+06,18900,51680,1.1142e+06,101625,416020,2.41239e+07,439095,309990,1.06575e+06,9020,767380,220200,6960,110575,376920,23640,187530,311595,67460,801900,297860,485465,5.48286e+06,481575,39200,,167390,261190,26210,,143150,,15536,372200,3.45364e+06,2850,6.01088e+06,9900,,55950,3.07036e+06,125750,49595,187160,86720,229550,122000,56700,131425,270350,5680,32200,17680,19720,731540,434760,12250,159660,50560,208000,45940,323250,,14620,,881050,38640,9770,526110,87530,432992,150180,190430,,,320350,257140,,,1.23432e+06
11:31:00,131250,495550,37100,,20000,70100,143644,3100,,192520,415640,37300,439720,2.00154e+06,142520,197300,,3.07846e+06,,4.0128e+06,,2.71735e+06,,203300,,9.8358e+06,154385,,792735,17960,1.26584e+06,260040,27840,442125,1.08668e+06,70960,191520,91285,,1.4262e+06,848875,2.17708e+06,75060,407200,274400,,197855,755080,201020,,81800,15540,15528,138810,7.41294e+06,2850,2.27127e+07,79050,,18675,749030,125700,282310,107700,,28675,122100,56730,,18680,,,256940,1.06488e+06,2.4578e+06,611440,392075,,39312,1.1096e+06,241380,1.7133e+06,,87760,5480,262700,51520,9775,476920,190010,395788,1.5579e+06,206980,,5100,1.68558e+06,113620,,,2.06098e+06
11:32:00,78750,90100,98950,15325,100050,5.7399e+06,226908,,,32120,314300,99500,29320,1.29089e+06,399240,394250,58800,4.82438e+06,,2.50638e+06,,,1.7331e+06,72675,46160,6.05279e+06,20000,,1.71282e+06,8980,942440,240280,,2.65138e+06,1.61294e+06,23680,167580,209615,,1.1583e+06,369645,1.52388e+06,1.05084e+06,4.77225e+06,78500,,874505,1.1368e+06,,,81800,,95404,6310,2.64655e+06,11430,2.74144e+07,118850,61050,18675,42600,83800,68670,151200,,,610300,,106420,,17100,10725,8860,138040,1.05314e+06,6.69373e+06,,,39312,621440,149360,3.68595e+06,,29240,28642,463730,,,2.33458e+06,3.67867e+06,10870,192480,434940,,,1.12344e+06,379030,1.3479e+06,,1.91308e+06
11:33:00,105000,90100,123750,,2.69816e+06,34950,2.41642e+06,125400,,16060,9.6582e+06,136840,58640,2.78491e+07,113920,936375,,5.94664e+06,,1.86665e+06,,,,140505,276960,9.34072e+06,,,2.53528e+06,8980,902120,300120,13920,905825,2.24846e+06,23680,135940,382035,,2.581e+06,226945,541135,4.55218e+06,1.95622e+06,78400,62250,2.48454e+06,66300,,86600,756575,,39948,63120,1.80795e+07,34200,2.68615e+07,69300,,37300,2.86124e+06,41900,41970,93700,,172250,5.9779e+06,50440,131460,,,,734640,1.20302e+06,1.43346e+06,6.02134e+06,,186270,11232,1.54636e+06,2.41502e+06,2.13335e+06,,,,251080,51520,,246560,101500,1.06443e+06,293060,340200,,33085,,250780,245100,,2.232e+06
11:34:00,131250,586300,111275,,,17475,228956,49536,,112350,673020,124220,175920,643170,456200,65725,44100,3.87268e+06,,5.8134e+06,56725,75150,61900,101685,,4.03907e+06,,19980,1.13396e+06,,821360,160000,6960,88400,307420,23640,80000,77755,,266700,265865,180385,225000,1.69508e+06,78450,,1.5352e+06,1.03903e+06,,,81700,,139856,,1.21302e+06,2850,1.20878e+07,9910,,,638800,418975,34335,108000,,,122000,6310,262910,74630,17100,10725,,,3.39174e+06,230510,,17720,28080,785920,1.31224e+06,161500,,14620,,90180,,29325,871020,270720,304080,167320,1.25064e+06,,,145075,2990,122500,,669415
11:35:00,131250,90100,123700,,,87400,256632,17020,53400,32110,4.8165e+06,49760,527600,1.43602e+06,313560,131500,,1.66349e+06,,982450,,,,87200,46160,8.17692e+06,20025,,2.17992e+06,17960,8.1293e+06,400200,6960,154675,,,271710,33800,73080,355800,596615,31100,975000,110475,392000,1.05855e+06,106345,639210,2180,,81700,,51056,,2.08775e+06,25650,1.55077e+07,29740,40725,,360540,880400,114450,100800,,28675,365800,31550,62635,65300,2840,32225,,236320,116900,6.76881e+06,,26580,39312,69040,23080,775250,,1.27378e+06,,3.47456e+06,,9770,361480,51850,1.901e+06,3.00122e+06,20650,,,33480,385710,,,2.20036e+06
11:36:00,2.91255e+06,1.2615e+06,74225,,79800,1.10095e+06,701984,,,,4.22588e+06,174140,439680,532030,142480,115075,,2.15883e+06,,1.07388e+06,18900,70480,,430805,288580,4.10474e+07,40000,,2.03372e+06,80820,1.15592e+06,459880,146360,530075,625920,,144000,91275,22520,978800,376410,1.22531e+06,1.35e+06,110550,195950,583150,136800,365970,871995,86800,163400,,11100,82140,998480,,1.3552e+06,,,,39760,4.73818e+06,293895,28860,,,366000,12620,181685,,45600,257900,,29520,8.7701e+06,135780,,35460,713304,368000,,1.35688e+06,,586400,,110560,,29325,723010,1450,23882,41700,989440,,7635,33480,134540,245400,,265085
11:37:00,78600,180250,86575,,59840,314550,1.336e+06,492416,,521290,392840,186540,322480,653200,627320,377875,,2.64789e+06,,2.99202e+06,,14070,61800,731135,,8.65628e+06,20000,,1.46432e+06,8980,874100,419760,27840,2.96162e+06,153160,,120000,60870,,3.6528e+06,1.71374e+06,2.08371e+06,1.2e+06,36850,,5.6088e+06,440910,464000,,,102125,,1.04784e+06,37920,3.05066e+06,11400,2.06294e+06,,,37300,187440,41975,64855,7200,,,3.0508e+06,31550,1.12082e+06,317200,22800,85800,35440,39360,555680,203690,,17720,39264,22960,11540,226125,,,,784590,,9770,2.33486e+06,8650,714168,58520,128340,,,1.20104e+06,62590,,113155,1.0839e+06
11:38:00,157200,360000,86575,,558760,2.32772e+06,163608,3100,,,67420,8.19828e+06,87960,1.3143e+06,514040,65750,,3.27692e+06,,3.53035e+06,,98700,185500,174420,288660,4.63689e+06,507325,,1.02711e+06,8980,874100,199860,,154850,583600,71000,151950,158840,84320,2.765e+06,4.67062e+06,2.53358e+06,3.04756e+06,36825,,20750,144630,607200,,,102125,,84360,,4.213e+06,2850,1.15496e+07,,81450,,1.91917e+06,167900,45780,43280,,28675,122100,31550,75180,9330,37050,32175,,,1.90092e+06,393810,,17720,39256,253000,46040,1.03368e+06,,,,171430,25760,39085,4.57682e+06,2900,232354,183680,351760,,,487975,80730,,5660,1.30699e+06
11:39:00,262000,225000,308825,92100,637880,262550,108236,,,24050,56140,485820,937080,928990,85520,164275,,4.81383e+06,,4.31778e+06,245700,4690,,58140,1.03864e+06,6.98078e+06,198495,9990,722725,152780,1.37152e+06,159860,,287625,,94600,1.33665e+06,374790,,534000,142785,3.62544e+06,99920,36825,39200,,114225,776010,,,285950,,17760,44170,1.3852e+06,,1.59668e+07,227180,,,1.28199e+06,42000,26705,,,688150,366500,,131560,,2840,53625,,354240,1.5776e+06,760220,293950,115200,44864,46000,92200,1.4544e+06,,2.20268e+06,,,424300,2.38356e+06,1.77852e+06,18810,339108,200180,190440,,,375810,218270,,8475,548165
11:40:00,183450,135100,111325,15350,79760,70100,397528,1.71857e+06,,64150,224580,734780,175920,363700,114040,279525,,3.77938e+06,49275,1.63112e+06,,84560,61800,538265,57740,3.46555e+07,72180,19980,1.38736e+06,71840,1.34456e+06,319620,,574775,610620,70920,79800,239895,,356400,103895,1.01372e+06,5.4743e+06,921200,903400,,98970,413070,296475,303800,204300,,48836,,2.40777e+06,,1.31655e+07,,40700,74625,832240,125975,95375,21600,21600,,366500,75770,313245,,17090,85800,8860,29520,1.11022e+06,760110,293400,26550,44864,207360,57540,1.2597e+06,,117460,,100700,25720,78080,16460,47550,507826,309000,310500,93470,566020,18600,687700,491200,8485,1.35494e+06
11:41:00,3.0437e+06,405400,111375,,,87625,173684,285252,10680,448560,224560,87220,,1.00756e+06,113960,279400,,5.91896e+06,,4.86765e+06,,56380,,116520,369180,9.56134e+06,8020,1.14846e+06,937885,35920,1.4118e+06,219700,20910,2.23215e+06,,,135540,40560,,712800,45445,1.06985e+06,2.7978e+06,883625,157400,103750,106610,607090,,,122550,,1.44706e+06,56810,1.53291e+06,2850,5.9343e+06,19760,40750,18675,84900,,1.27748e+06,,,3.9571e+06,,50450,169155,,31350,10725,,640840,759580,854910,,17700,258256,,11500,1.51892e+06,,,,20160,25720,1.03562e+06,411590,15950,4340,191960,335190,,183600,59575,86620,490600,,373240
11:42:00,550500,225100,271700,306500,,70100,427720,506972,,328100,235720,523100,29280,1.47777e+06,456240,164450,,851410,,3.67382e+06,,18760,123700,339860,496060,7.30409e+06,42105,238820,2.69018e+06,26940,3.83612e+06,199600,13920,66275,13920,,195400,30380,,267000,1.02001e+06,18660,699440,404300,78700,,76150,588900,32700,,143050,15540,1.54808e+06,,715150,,8.4276e+06,157940,976300,,107710,41975,49530,72000,21680,516775,122200,18930,275610,37320,45470,85825,,29580,847300,909250,,17700,191008,161160,11540,872150,,,,302110,295320,,1.33429e+06,103770,773232,133440,430260,,71400,,62790,,14145,1.48653e+06
11:43:00,,3.01835e+06,247500,,,35050,435532,116198,,24030,235780,1.11772e+07,,424570,85440,821650,,3.19204e+06,,1.3089e+06,18875,89290,,1.2246e+06,,5.1467e+06,,498000,1.50998e+06,17960,1.76456e+06,459180,6970,2.4089e+06,97400,94640,203430,415690,,3.5584e+06,831425,87145,424680,256975,118200,,114225,128520,67580,130200,61275,,33140,37920,4.04033e+06,57160,6.82896e+06,9890,,37300,172990,,49530,144000,,28700,366500,,519640,,22780,21500,328100,9860,788900,637790,,26570,162864,415000,103720,1.29292e+06,4880,234880,29592,372090,38520,39040,230590,1450,262832,810640,393630,,,93030,197340,,110120,1.47917e+06
11:44:00,78650,,61825,,39920,87625,568652,,,,179640,324400,29240,1.3914e+06,284680,98625,,3.38418e+06,,1.97502e+06,,4690,,58330,103960,2.9502e+06,8020,,1.06524e+06,35920,943020,279540,34800,1.48055e+06,,,83790,,213770,355600,1.23944e+06,3.053e+06,399740,110100,78750,,197990,2.98929e+06,,520800,81700,,247712,,1.81545e+06,,8.33072e+06,,40700,,36920,,64770,57520,21680,459600,610900,63090,1.36266e+06,102730,51140,10725,,59160,3.94234e+06,5.85308e+06,85550,8850,22432,23040,,2.00327e+06,,,,60300,38520,,16470,4350,32580,292040,778590,,,11160,158470,,25405,3.88403e+06
11:45:00,52450,45050,173175,,,175100,2.62786e+06,3096,,512020,269420,984180,497040,1.39398e+06,256160,460225,,5.76798e+06,,2.68802e+06,339375,70450,864900,321100,115260,4.02786e+06,,,728575,17960,969220,279440,104400,198825,,,167680,209320,5620,177600,25940,2.94954e+06,1.49986e+06,110075,78800,,182755,603950,152595,,1.59508e+06,,947792,372280,1.2484e+06,8550,8.69914e+06,,,18675,999510,41975,49530,,21680,86300,244400,25230,455530,83970,59850,21450,26600,19760,1.02174e+06,584300,,17700,28080,138320,46080,387775,,,54800,100510,935320,29300,1.20328e+06,14460,618996,150120,202950,10380,,3.88318e+06,53820,,,1.27506e+06
11:46:00,,,136125,,19940,157650,95772,243084,,72000,336860,136880,58400,1.20331e+06,113760,164425,,3.71806e+06,,873825,,65770,61700,1.008e+06,115200,5.20743e+06,,,798840,35960,1.05026e+06,99800,34850,154575,,,159410,185690,44960,,1.17477e+06,1.74271e+06,275060,1.35902e+06,118200,,45690,311350,,,,62160,83920,12620,1.53305e+06,,4.82624e+06,,,18650,2.49818e+06,,171450,28720,,28750,366400,37860,18725,130620,,32175,79800,,788300,312500,292800,17700,28080,69120,621720,1.68e+06,,,,100500,,,247300,72200,80290,217020,211600,51885,,422940,47840,,,1.40294e+06
11:47:00,,135150,185575,,19960,2.74742e+06,168956,,,48060,179560,149740,,1.81862e+06,85320,246525,,853185,,2.437e+06,,18760,,306210,115240,1.56517e+07,,,1.02711e+06,8980,296560,179640,1.35915e+06,3.9505e+06,388600,,111740,30375,11260,1.78e+06,552220,,300000,73450,275950,41500,129455,245680,,43400,40900,93240,41936,,2.20187e+06,48520,1.58305e+07,,20325,,198100,41975,19050,1.7786e+06,194320,,488800,132260,168525,,105430,53625,,9860,1.0219e+06,230910,,35400,22464,23040,310580,129225,4880,,,90450,63980,204960,346090,162400,356134,334040,157700,,17850,470740,423820,,,2.49992e+06
11:48:00,3.40485e+06,1.4415e+06,86600,,39880,122325,3.99927e+06,,,176000,314240,248880,,1.06752e+06,113600,427175,,5.13385e+06,,137950,,98690,,33990,126720,8.33924e+06,,29880,526215,,1.66962e+06,439020,167280,44100,319260,70960,83790,182285,,2.8448e+06,90930,5.30374e+06,2.375e+06,110250,,62250,144685,2.85419e+06,37060,259800,224950,,264488,2.17894e+06,4.49364e+06,,2.1452e+07,39520,,,184600,,118110,,,,244400,,18735,475830,344850,,1.63e+06,,3.15198e+06,733410,195050,17700,44928,23040,989040,290750,,,4384,80470,12800,39060,1.64807e+06,30250,414480,191820,410790,,,6.6063e+06,2990,122800,,981900
11:49:00,78450,180200,98950,,,279650,320168,,,,224520,249000,87600,2.86026e+06,142000,574900,14730,4.02648e+06,,2.43678e+06,245375,28140,,121625,126720,5.1727e+06,,39800,5.92819e+06,44900,1.8455e+06,618340,90540,683625,41720,23640,115710,70875,,977900,558550,3.59208e+06,525140,183650,39450,,2.05404e+06,405520,,,122700,,1.95637e+06,31450,4.12954e+06,31420,8.63202e+06,,,18650,181550,629950,26670,,,604575,4.2737e+06,12600,99915,,31300,32175,53040,79020,963540,624720,73050,8850,28080,23080,23000,5.16787e+06,,29400,,110590,,,263520,1450,73780,367500,190900,,63875,297110,65780,,,1.28227e+06
11:50:00,26150,360000,24750,15325,19940,,108472,108512,,64000,145900,24900,,522730,28400,82150,44160,472420,,3.6081e+06,,93990,123400,252730,577600,665275,16040,19900,133350,53980,1.35988e+06,259300,132430,44125,222180,23680,187240,57405,5620,445000,564630,479705,5.09864e+06,36725,118350,,,253450,13070,43200,81725,,61600,12580,3.46102e+06,57100,1.25992e+06,9910,121950,18650,275100,,26670,36000,279960,28800,122200,25190,255820,,2840,10725,8840,,6.24886e+06,842070,,35400,28080,600960,172540,161475,,,3288,160840,128000,,148240,15850,670530,150120,207490,,7665,63100,41860,,,1.05346e+06
11:51:00,104600,135050,173200,,99700,174775,408348,,,7990,516340,112140,146000,200690,113600,492800,,3.05738e+06,689450,1.24172e+06,,9400,,48600,57900,1.15742e+07,14035,,1.06736e+06,,700420,378900,153340,3.79132e+06,,,119700,323930,516980,356000,51920,3.28321e+06,2.32414e+06,73450,78900,,2.57446e+06,339300,13070,,204250,,270544,257670,8.13774e+06,42840,3.22612e+06,79040,,,223950,,19050,,,,366600,,149760,,17100,21450,53040,9860,1.0226e+06,665420,146200,26570,28080,92280,103560,1.35555e+06,4880,14700,,130660,,78120,362370,311710,26040,208660,257230,,12775,37135,134550,614000,5660,1.02364e+06
11:52:00,52300,180150,37075,,239180,104925,2.40937e+06,498904,,1.2784e+06,247080,112140,,653010,113520,1.708e+06,,1.8061e+06,,781600,,42240,308400,140940,184980,2.63607e+06,140250,49750,501670,17980,1.81754e+06,119680,90610,4.41045e+06,416120,,91740,1.1254e+06,,89000,123340,467140,1.19956e+06,220350,39450,,265660,2.48699e+06,13070,130100,40850,,70292,414450,794020,8550,2.48775e+07,207490,,18650,527120,42000,400050,72000,,3.48882e+06,2.1997e+06,37790,605330,74720,45600,32225,4.86404e+06,9860,5.46698e+06,774060,12175,35400,56160,231240,69000,2.16245e+06,4880,,,191020,89740,9755,658830,6.11292e+06,351548,216840,526540,,5105,137455,44850,122300,5660,861065
11:53:00,78450,630450,49500,,119580,262275,1.01549e+06,,,31980,449180,37380,,677040,56720,49225,,1.78141e+06,,689425,,98680,,53460,46160,8.95835e+06,32080,39800,3.65445e+06,,1.1849e+06,358960,104550,132400,,781720,203490,329905,72970,1.3356e+06,3.84524e+06,504630,2.19824e+06,808425,39400,20750,98665,440060,1.18545e+06,,122550,15540,6588,94200,1.03065e+07,19990,1.2606e+07,78960,,18650,428840,,83860,57600,,,244600,12600,293395,,85400,75125,248220,69060,2.36924e+06,583940,133925,8850,28040,69360,69000,2.13018e+06,,102900,,1.28829e+06,38380,58560,247050,883050,28236,350780,410850,,10220,137525,38870,,,1.78794e+06
11:54:00,104600,45000,86550,,139500,192350,118440,,,255680,314400,87200,58320,513030,85080,114800,14700,563405,,1.0344e+06,,14070,,111790,185000,6.55414e+06,10025,39800,451550,188660,2.03298e+06,279160,,110275,568700,23720,115710,26930,16830,1.2487e+06,1.10582e+06,174415,324740,514500,118200,,189755,611440,443720,,61275,,26424,75360,3.85334e+06,248040,4.36902e+06,,60975,,59560,1.59695e+06,53345,,,3.37842e+06,978600,6300,106165,,14250,32175,44200,345100,2.89496e+06,828480,182625,26550,28080,23120,92060,226050,4880,14680,,20180,,9755,971750,1450,566370,342080,469440,,7665,103945,206010,,14135,1.34921e+06
11:55:00,104600,360250,136100,,399100,139925,393152,4644,10680,47960,168400,137000,29160,1.03141e+06,170160,803625,,2.35351e+06,,574575,18875,112720,61600,126490,115600,2.01344e+07,14035,,394055,35940,982980,79760,6970,705750,13840,70920,39900,131235,185380,178200,845095,292640,299760,220450,39400,599950,341555,405230,500250,86800,61275,,85784,81640,3.51326e+06,25590,7.17064e+06,,20300,,775180,,1.77156e+06,21600,,433475,244600,63060,168610,9330,22720,160875,167960,157760,818920,869150,85350,26550,56080,115520,69000,258200,4890,44040,,50450,,9755,395310,97150,188944,250340,348590,,15330,129880,450600,612600,,3.68622e+06
11:56:00,156900,135150,86575,,,139900,315132,332828,,71860,426560,298660,320760,779680,113280,4.20468e+06,,1.18476e+06,,4.4947e+06,,32890,,43785,694340,1.10584e+07,16040,9960,870280,,1.53476e+06,179400,,352475,235400,47360,123690,80820,22450,712700,928645,1.46976e+06,6.24998e+06,73450,78900,,45515,1.06726e+06,36975,,122650,403180,,150520,727190,31240,1.41546e+06,,,,962160,,1.05016e+06,230180,,,5.7478e+06,12590,430595,112010,22790,42900,132600,9860,731460,8.21241e+06,122000,17700,151496,69360,115040,96900,14650,44040,,181520,,78045,280000,36250,19548,108420,1.20244e+06,,2555,37125,4.22834e+06,,,899195
11:57:00,156950,135050,123725,444425,,192400,1.25755e+06,38700,,32000,314400,99500,,1.03623e+06,453680,65725,,2.64342e+06,,685725,,23470,61600,155660,46480,1.05052e+07,20050,,1.25833e+06,125720,2.67892e+06,259060,,66125,1.16156e+06,,115710,138025,,356800,493235,6.1069e+06,374780,146900,78900,,129090,1.15494e+07,,,449350,,716384,50160,4.21829e+06,25560,4.15504e+06,29630,121950,,723990,168175,114000,35900,,,1.4676e+06,81950,293095,83970,51200,139400,,,702140,176430,,239010,297224,92480,391600,774625,9780,352300,,593890,64060,,560000,34760,221500,668320,37260,3460,5110,460625,596000,,,561220
11:58:00,261500,45050,99000,,,314775,307524,95984,,1.64821e+06,381820,136720,203840,485430,113440,230025,,3.1502e+06,,571025,,98650,,97300,162400,2.29997e+07,639504,119510,2.15011e+06,,1.57278e+06,239240,1.93019e+06,3.4599e+06,27680,,135660,383670,129030,1.2484e+06,415680,2.63137e+06,649500,146900,157600,,227850,232810,,86800,285950,,68064,,3.44931e+06,91090,9.39624e+06,,2.66258e+06,,1.34754e+06,42025,102605,107700,,144500,244800,12600,286880,,19940,64200,1.46044e+06,78880,3.13124e+06,9.42854e+06,,8850,95336,,218500,322800,43930,,17600,100500,51180,87850,2.75306e+06,,26040,100080,293770,,2555,1.4991e+06,17940,,152780,1.1276e+06
11:59:00,1.598e+06,270300,99000,,,139825,1.01056e+06,29412,,,224540,945360,29080,1.15697e+06,84960,1.00195e+06,,1.61731e+06,49275,433000,,37520,61600,111895,116000,9.24952e+06,3996,159200,330765,8960,1.0084e+06,219380,125680,66225,,,159590,100960,,,500490,2.6828e+06,3.82244e+06,403925,39400,62050,167090,523800,,,61250,,17536,169560,2.66512e+06,176650,1.91015e+07,9910,,37350,499110,1.72405e+06,178600,,,4.36018e+06,,50470,,205260,85500,150125,1.19324e+06,49320,1.05404e+06,326450,24350,17720,56080,46240,183940,1.7115e+06,,,,442760,12800,19530,494720,58000,477826,325500,351940,,2555,814700,23920,,8475,831775
12:00:00,26200,180100,123725,107250,,1.79968e+06,448620,134594,,40080,583880,1.7543e+06,174480,2.52713e+06,84960,180750,,1.55074e+06,,387300,,145650,740200,160695,266800,2.45107e+07,,39800,2.0875e+06,,1.0356e+06,179520,6980,242650,235040,142080,143640,53880,33660,2.2299e+06,182000,255820,1.5188e+07,183500,157700,20650,136760,330260,19575,,102100,,549896,238980,1.4576e+06,31240,2.5269e+06,,40650,74600,407730,1.85092e+06,140600,,344320,57650,2.6928e+06,12610,93590,55990,25630,160500,17660,98600,819680,544170,,17700,78584,,103320,193675,,102640,3300,150810,12800,1.73956e+06,131920,1450,188960,217040,892280,82920,,40930,122590,122800,2830,615230
13:01:00,3.1712e+06,1.2733e+07,7.96848e+06,,2.5874e+06,2.25415e+06,5.46791e+06,63456,799480,288170,1.62988e+06,4.11106e+06,262320,1.26331e+07,397840,2.89482e+06,1.16133e+06,9.00411e+06,196850,5.36772e+06,37750,1.34416e+06,308000,2.59019e+06,243220,7.97687e+07,358976,1.1933e+06,2.63181e+06,215840,3.7371e+06,4.54732e+06,509450,3.37272e+06,27660,686640,761890,1.1075e+06,,1.6028e+06,928170,3.513e+06,1.14864e+07,1.6906e+06,1.1016e+06,82800,713700,1.43301e+06,93540,173600,1.2887e+06,294120,648580,1.57576e+06,7.5353e+06,31240,1.73373e+07,336030,365850,242900,1.39612e+07,3.44732e+06,992480,811320,946280,28825,2.3249e+06,37760,461545,718340,88190,299600,1.11132e+06,838220,5.18242e+06,1.33277e+06,,2.63016e+06,61744,1.21952e+06,114920,5.94012e+06,366440,395920,,2.2305e+06,345800,2.11029e+06,3.25182e+06,363950,716636,2.79448e+06,813160,169050,396590,1.62342e+06,295270,1.4734e+06,,7.44802e+06
13:02:00,681200,1.37249e+07,321125,,238860,944050,6.07402e+06,13942,31920,24060,2.18084e+06,,58320,2.20373e+06,1.61948e+06,49350,14700,2.8537e+06,49225,4.14838e+06,,4690,61700,33985,197200,2.28623e+06,616768,427300,2.92914e+06,,6.70316e+06,2.16958e+06,,6.68328e+06,193520,47360,207170,816785,,178100,123400,4.44124e+06,2.14794e+06,294000,117750,,68355,252750,13080,,81900,977040,2.11484e+06,206580,4.85624e+06,,9.41878e+06,,121950,74700,65080,,87480,,21400,,122400,,99810,251830,42750,53600,52960,78880,1.81614e+06,1.70024e+06,,,11216,,92000,2.1318e+06,,,5500,261640,269200,,2.19812e+06,362470,2.74587e+06,3.5445e+06,202860,145110,670155,283270,56710,245400,,3.87245e+06
13:03:00,,90000,12325,,39840,6.98375e+06,123676,20142,53200,,45040,86880,,2.79327e+06,85320,806175,44100,1.71702e+06,442350,458100,,18840,61600,150500,685860,7.5983e+06,299710,,1.10631e+06,26880,1.2469e+07,437580,13960,264900,,118360,143560,111100,,178000,253105,2.51862e+06,24980,1.47105e+06,235300,268550,706365,2.14372e+07,2175,347200,40950,,68324,2.50026e+06,4.64873e+06,,9.81114e+06,9890,,18725,169200,630825,1.59432e+06,157540,,,611900,,754475,55920,,139100,17680,9860,1.40636e+06,3.63385e+06,,88520,539096,46080,2.9899e+06,549000,14640,14640,,140960,12800,9775,1.9174e+06,142080,158838,,401030,62220,102200,409750,208600,245400,,3.48648e+06
13:04:00,,45000,395225,,538660,821400,477580,10842,,40080,56260,933200,2.6272e+06,2.66599e+06,,82325,,2.39693e+06,,4.35718e+06,415250,155350,1.1721e+06,388440,,2.14618e+06,1.28038e+06,298500,349765,,7.6687e+06,1.13426e+06,97860,308975,124560,165760,163530,97620,,890000,830975,4.12193e+06,5.07526e+06,993675,,,3.92208e+06,505100,93525,,40950,,81404,949150,3.77139e+06,19930,1.25805e+07,217580,40650,,444290,1.72622e+06,266595,7160,,,3.7946e+06,,74820,,8550,32100,17640,69020,5.50906e+06,4.39956e+06,,,499784,643920,161020,1.16282e+06,,58560,,2.33756e+06,77000,,1.7674e+06,236280,285074,41700,442460,,115200,145345,59600,368100,,2.88167e+06
13:05:00,,4.85995e+06,1.06225e+06,,59980,2.81785e+06,335756,30964,10640,48040,5.48492e+06,236420,29240,2.29253e+06,398360,2.35588e+06,,7.59616e+06,,2.29388e+06,18850,47020,61600,306255,46600,7.29442e+06,405978,,1.00476e+06,8960,770400,2.72526e+06,13960,1.89855e+06,41480,876280,239400,457455,11220,1.0676e+06,525545,1.04449e+06,1.77486e+06,147275,117750,,2.22217e+06,112520,6530,,61425,,8800,43770,1.76739e+06,42870,1.74696e+07,49530,,,1.78232e+07,,41880,14360,,,5.2626e+06,,143355,9320,51200,42800,8820,9860,3.43356e+06,953970,12175,53100,22464,366760,23000,355300,4880,117120,,262340,77040,547415,2.11187e+06,118190,117612,5.4672e+06,1.27672e+06,,15360,104300,,,,4.26623e+06
13:06:00,681200,1.753e+06,358150,,339320,140200,1.47177e+06,1550,212740,40080,146640,397720,,1.65092e+06,56960,,14700,771840,,986025,451900,113040,123300,3.38944e+06,58300,4.7327e+06,,29840,1.49272e+06,,2.28216e+06,576620,,287225,373680,189720,175460,567930,,444600,479890,100075,299780,147300,,660950,1.27946e+06,457840,,,81850,,171400,262920,7.25817e+06,17120,1.34404e+07,,81275,261375,84600,925500,137100,35880,,3.3437e+06,489600,,1.37024e+06,65240,22800,21400,705260,49380,1.26248e+06,3.76165e+06,,327440,28080,,207240,226150,4880,29280,,524680,89980,263800,742440,36230,45738,,24840,6890,17920,1.56266e+06,,122700,2835,2.82042e+06
13:07:00,,1.3021e+06,61750,,39920,2.55505e+06,1.66894e+06,1.46227e+06,10620,280360,56400,857040,1.48308e+06,415520,256240,32900,44100,2.70418e+06,343525,734150,432975,46960,123200,,23320,4.87976e+06,10000,288680,457570,662800,4.64442e+06,894660,,243050,,71160,251370,194830,5620,88800,1.42672e+06,1.88114e+06,24980,73650,274400,82800,68445,116400,4350,,61375,,26400,37560,1.11573e+06,,4.17924e+06,,40650,,172060,42050,,157900,,57600,3.9137e+06,6300,1.47429e+06,,59850,32100,79300,39440,1.14502e+06,3.25661e+06,,212160,39328,229600,,1.93832e+06,4880,,,403600,308440,78190,395770,83580,319880,687160,215270,,243070,844440,173420,490400,,995890
13:08:00,26200,89750,,15350,159840,997575,1.00968e+06,,,40040,33840,633020,1.78048e+06,732520,227840,197400,,4.81642e+06,,1.51378e+06,18800,366840,246400,1.15918e+06,221640,5.57278e+06,193906,69760,476635,,1.6878e+06,1.11318e+06,6990,243050,,3.00772e+06,135660,848910,,1.6891e+06,97345,2.82498e+06,,257800,,61950,,27170,15225,,40900,,83600,550000,3.12089e+06,17130,1.11519e+07,,,,14100,,750545,21480,,57600,734200,1.09182e+06,,317200,726810,21400,,19720,1.0869e+06,681000,24400,26490,28080,160920,23000,807725,4890,29280,,1.37293e+06,,,263720,126850,750070,,426490,27680,68985,33435,107640,,,2.79395e+06
13:09:00,52450,89700,24700,,,245050,855636,1546,,2.42405e+06,191560,844660,,1.63184e+06,255960,49375,,2.56304e+06,687075,1.42305e+06,376500,635650,492800,1.25631e+06,35100,6.1516e+06,257626,19940,2.79104e+06,44700,5.23976e+06,813380,,154600,,877640,853860,603955,,88900,868990,4.02406e+06,574580,110550,78400,,228335,644080,2175,304100,61350,,145200,1.25269e+06,910520,,2.19615e+07,9910,,37300,599960,,400025,7180,,57600,489200,6250,180660,512650,588950,107000,554400,,1.17514e+06,95370,,35330,,573480,103440,2.61812e+06,707600,,,868170,115380,430355,543930,4350,1.41182e+06,175980,161460,,17920,345235,29800,,,3.20524e+06
13:10:00,52400,1.9316e+06,49375,30650,19960,3.09825e+06,267544,12356,,240280,123980,211220,,573480,284280,131675,,306935,834375,3.85108e+06,865950,103580,61500,111780,35160,3.32102e+06,73926,219510,438605,17880,7.61206e+06,1.50996e+06,13960,287150,,,578660,271710,11220,4.5339e+06,745815,3.06226e+06,4.97432e+06,662875,,20700,708310,217700,52200,,61350,,241996,647860,808330,28530,1.01988e+07,9910,20300,,53630,883050,163755,64540,,28800,122300,18750,335885,4.30979e+06,39940,42800,1.64052e+06,49300,1.20518e+06,245230,,26490,22464,,80500,193950,,43880,,595710,76920,9775,3.78975e+06,153700,34848,175820,376740,,15360,330120,,,,3.99336e+06
13:11:00,131050,3.6009e+06,49375,,39940,,1.21919e+06,7730,,48120,360880,149100,378560,2.61717e+06,113640,49375,,157655,,2.01405e+06,,89440,123000,861105,35160,1.09704e+07,,19960,508425,8940,8.15558e+06,851880,55920,220925,13820,,159740,1.11882e+06,56200,7.1026e+06,583725,756845,799480,588600,,,1.0503e+06,15520,527445,87000,1.20658e+06,,13200,287040,3.94067e+06,2850,1.29642e+07,,40625,186750,53770,378450,152340,,,172800,367000,6250,18645,37320,25740,128400,8820,49300,1.1172e+06,531260,,35330,28080,206600,11500,2.06908e+06,,29240,44000,313070,89700,2.54795e+06,7.66794e+06,88450,409536,150760,261060,,12800,185380,209300,,,1.8062e+06
13:12:00,52400,,37050,,,227525,916252,4.25951e+06,,32040,169120,1.24148e+06,29120,1.99158e+06,369760,1.49665e+06,58800,829895,,3.03568e+06,,136590,,126585,35160,7.63506e+06,167820,19960,546295,151980,297440,574040,27960,1.28035e+06,276340,,327180,2.96974e+06,,1.8606e+06,667675,56310,6.8405e+06,514375,235200,186300,418000,1.22014e+06,,,,,22000,125000,774410,20020,9.8299e+06,148350,20300,55975,846000,252125,79995,611160,,,,143750,174120,,295900,42800,141220,,1.23552e+06,5.73167e+06,48900,35340,33704,,,517475,4870,29240,,464480,25600,9810,4.64446e+06,101480,957648,175840,286350,,5120,114870,158470,734400,73545,3.44744e+06
13:13:00,52400,,74100,,19980,2.8352e+06,3.45822e+06,2.04756e+06,,,225520,1.21606e+06,,695480,113640,32850,661500,3.72436e+06,,1.45862e+06,,4700,61600,150910,23440,1.52632e+07,,39920,2.14838e+06,8940,567740,887960,,441475,621160,23680,211460,1.66648e+06,831870,3.4573e+06,330475,1.23842e+06,1.54678e+06,220250,156800,,1.1172e+06,783880,117720,130100,,,39600,556430,6.20363e+06,17100,3.58004e+07,306060,,,48060,,159995,28640,,,367200,,124380,186550,14250,21400,,147880,4.26216e+06,122480,12225,1.36014e+06,39320,459240,11500,2.5215e+06,4870,29240,,1.11078e+06,,959950,6.47344e+06,26100,234832,561460,385820,3465,30700,25935,435270,3.0606e+06,606615,1.90124e+06
13:14:00,157200,90150,74100,30700,20000,1.7702e+06,970228,10850,,48120,214120,12420,29200,1.55021e+06,113600,49275,,1.80108e+06,,2.45655e+06,789575,94190,,87660,11720,7.78984e+06,125836,19980,546530,8940,486720,472720,,1.91848e+06,924140,,3990,63445,,975100,1.69874e+06,6260,8.2515e+06,256925,39200,,243200,792160,,86600,,544840,631412,449960,1.51285e+07,45630,8.63786e+06,,40650,,,3.27568e+06,137155,35840,85760,28800,122400,18750,695990,121250,133950,42800,53040,,881980,1.81113e+06,,,73048,,91880,646850,4870,29240,,2.57296e+06,179620,,,21640,1.09056e+06,268160,593440,,,88970,,122500,,3.62677e+06
13:15:00,104800,225250,197525,15325,120000,1.24438e+06,1.57136e+06,406064,,16000,214160,235940,,1.81411e+06,142200,82125,14700,2.62258e+06,,1.3403e+06,37550,145980,430500,116880,82040,5.75196e+06,1.20085e+06,29960,774890,89400,2.25778e+06,1.45978e+06,3.01914e+06,4.47428e+06,13780,23720,195430,26680,11220,797400,1.04401e+06,4.5603e+06,398720,256950,156800,,668790,667660,37060,475700,429425,,17624,168740,1.43127e+07,432990,1.4171e+07,,40650,596775,115900,,45755,294140,,143975,9.1673e+06,,528815,65300,17040,74900,928200,345000,4.0251e+06,217800,12200,318220,67440,321440,45940,452650,,14620,,1.71167e+06,25680,146690,8.74807e+06,306850,1.24414e+06,142260,361050,,12775,166580,224250,122100,,7.27461e+06
13:16:00,183500,1.9393e+06,1.95165e+06,,19980,263125,993304,113018,,24060,281920,24840,,1.60985e+06,113680,115100,,298815,,4.2411e+06,1.2038e+06,84740,,589250,23440,1.13516e+07,7984,,5.89152e+06,26820,1.16272e+06,531940,146560,2.0288e+06,13780,118600,8.81391e+06,213525,11240,1.9493e+06,1.21228e+06,2.55217e+06,697880,1.24858e+06,938650,,668805,54360,32700,,40850,186600,6612,430940,2.13694e+07,76680,1.1901e+07,99000,,,56400,,110490,207740,,,1.9587e+06,,161955,326440,20020,32100,26580,,2.58708e+06,245060,,8830,4.67636e+06,23000,22960,679100,4870,58480,,1.99753e+06,64160,,98580,262400,63170,251320,236550,65835,,44400,1.00763e+06,,,2.8389e+06
13:17:00,104800,45150,1.43268e+06,,59940,228150,872212,683700,,32080,169100,49680,29200,406080,483120,328550,235200,2.41519e+06,,1.00553e+07,,14120,,34125,23440,1.3102e+07,21938,19980,870670,8940,338000,925780,13920,331000,206700,118600,127680,443380,213880,3.99e+06,175085,7.43998e+06,49880,73400,39000,,98800,369390,,,102125,,335064,293750,4.04572e+06,65350,1.11325e+07,,60950,,248290,,11430,35800,,86325,367200,,186910,,59910,42800,1.13156e+06,,1.5003e+06,1.07528e+06,,8830,67288,275520,,1.19695e+06,,29240,,330990,295640,29325,1.92329e+06,4350,638178,92100,589300,34700,,170250,41860,,,1.12642e+06
13:18:00,131000,,74100,,119940,1.0363e+06,98592,157710,,8000,281900,136620,,1.53388e+06,256240,65750,,3.86281e+06,,8.48132e+06,75200,113020,61500,560740,23440,8.61862e+06,,19980,1.75504e+06,8940,8.73764e+06,492600,97440,1.23485e+06,,118600,215460,662005,359720,354400,1.49312e+06,6.28887e+06,1.03535e+07,1.02728e+06,195200,,288800,368700,15295,,61275,,37524,250000,2.6989e+06,90960,2.7679e+06,19800,20300,37250,11280,1.46922e+06,129565,171940,1.57388e+06,,7.5977e+06,,143260,307720,8550,42800,150380,59160,529560,2.11099e+06,24450,8830,33608,897160,57440,1.84382e+06,4870,58480,,712470,77280,,5.4257e+06,31700,1.70459e+06,117300,352750,10410,,1.83456e+06,140430,122200,319225,1.14783e+07
13:19:00,183550,135300,988175,,19980,386650,389332,89668,,168270,191660,99360,437040,5.08924e+06,199080,147975,,3.6393e+06,,6.3902e+06,18800,1.91232e+06,,591010,11740,8.91238e+06,9970,289420,1.08708e+06,116460,1.57064e+06,689720,13920,2.31775e+06,13760,118600,514710,1.27034e+06,22520,4.8677e+06,714780,462190,2.84474e+06,146600,,103500,60800,562850,19620,732400,204250,233700,139152,381250,5.12096e+06,28400,1.17815e+07,99200,81200,74500,257230,,1.00628e+06,265420,,,1.1036e+06,,180625,55980,28500,107000,,118480,1.2069e+06,1.85343e+06,,17680,1.66819e+06,,160940,905875,4870,43880,,1.34534e+06,321960,156480,1.79068e+06,41810,4.27099e+06,134000,182600,,,737330,227240,,,1.50432e+06
13:20:00,157300,45050,259850,,359640,386650,409276,47926,,2.672e+06,360540,173640,145560,405900,28440,115075,14700,2.25058e+06,,2.18345e+06,263525,1.33295e+06,492000,668965,304200,4.73664e+06,671150,279160,368585,17880,338240,394260,6960,132400,,118560,239400,326205,33740,1.1491e+06,669135,174825,648440,256425,,20650,402795,311080,4360,43000,61275,,268936,355730,2.09125e+06,,6.67242e+06,79280,121800,,315840,41975,213275,179100,21520,,245400,49980,56045,354840,208030,310325,8840,226900,1.11844e+06,817430,,26500,27968,230760,91980,776625,,73100,,421900,51460,9780,1.37907e+06,273870,231494,284800,2.0957e+06,,,25935,,,246210,1.6941e+06
13:21:00,157250,270450,86625,,59920,984225,1.22162e+06,81940,,215960,371840,731840,,2.50939e+06,711040,246625,14700,2.43194e+06,,1.59762e+06,,254880,,180375,58600,7.92982e+06,83470,,1.91766e+06,8940,338480,433560,1.35698e+06,1.16868e+06,96480,118520,151620,406055,,971700,266420,774380,448920,219650,,1.21855e+06,190000,636660,248515,,102150,186940,11020,1.04683e+06,8.17622e+06,48300,2.73536e+06,9900,162450,74500,149670,209875,41880,7160,194040,,6.0075e+06,12480,180620,37320,17100,32100,141280,,853620,4.79364e+06,24450,1.41175e+06,1.09474e+06,2.96808e+06,45920,6.2731e+06,1.30028e+06,1.73978e+06,44000,2.4844e+06,77220,733365,3.72423e+06,47560,684684,16760,8260,55440,372175,540930,29800,,25425,760815
13:22:00,104800,315700,12375,,39960,352000,737176,32466,,103910,123960,285280,29200,751720,85400,115100,44100,6.58383e+06,,2.86238e+06,,324300,,595200,,7.39483e+06,481028,,679450,35760,2.54636e+06,1.12434e+06,591330,110250,13760,94880,7.69951e+06,49875,73030,3.8903e+06,90935,2.02961e+06,648440,183000,78100,,433200,283970,,215500,61275,,,342830,331010,68240,1.43158e+07,,60925,,194580,,11415,78760,,,490000,,2.7106e+06,65330,2850,32100,,78880,2.17686e+06,1.68613e+06,12200,35280,2.08214e+06,535920,149420,2.03648e+06,106940,14620,,80640,283520,557485,4.02213e+06,439450,47924,167600,359780,76230,2550,44485,8970,122100,157920,1.10532e+06
13:23:00,104850,45150,136050,,279560,2.9763e+06,811436,617690,170140,39980,3.93712e+06,198180,,1.61531e+06,85200,493425,14700,1.25654e+07,49200,1.92248e+06,75300,33040,,253760,,9.19683e+06,702264,89730,2.54316e+06,35780,1.69498e+06,572260,2.35266e+06,926200,13760,735400,79800,156325,,1.0608e+06,767115,1.68249e+06,5.04056e+06,2.34522e+06,39150,,387650,256210,,260200,1.45205e+06,,,24940,4.94746e+06,,3.35836e+07,257940,81225,,387700,,281910,294260,,749450,6.13e+06,6240,4.09016e+06,1.56913e+06,17100,268075,26520,1.17572e+06,765080,6.82722e+06,48850,1.53641e+06,351984,208760,91940,3.36615e+06,,29200,19908,70560,64680,1.13538e+06,1.44654e+06,70590,760388,551900,306270,,183185,2.04088e+06,206300,,,2.60664e+06
13:24:00,131000,135300,74250,,20000,669750,726980,6200,,87930,45200,49560,,1.8497e+07,113600,1.9576e+06,14700,3.68836e+06,49200,4.77008e+06,,42480,,244240,,2.12832e+07,259086,9970,833155,205640,1.09433e+07,591440,,308900,,95040,,215935,,3.2718e+06,227530,319005,598680,109950,,61950,91260,640510,,,,,,31160,960730,,7.41314e+06,,60900,,82070,,30475,35800,,,1.7178e+06,,43505,,,53600,70720,,883060,108860,24450,,1.86547e+06,23200,23000,420725,4860,131400,4400,372830,116520,,1.08458e+06,8700,43640,444020,314640,,,66870,158470,244200,65180,828255
13:25:00,628800,45100,37100,15325,459160,1.0215e+06,5.15194e+06,295664,,31990,2.65078e+06,210560,437280,2.72704e+06,198720,164600,14700,4.71036e+06,49200,813000,18800,28200,,698525,,8.08023e+06,15920,9970,756245,849300,325380,512360,13930,705700,13760,23720,1.30073e+06,169585,5610,264900,1.09865e+06,162645,648460,219900,,41400,266170,451110,6525,,40875,,293124,741240,2.81156e+06,,2.64696e+06,109160,731175,149000,1.09507e+06,2.43302e+06,95235,64440,64800,172925,368300,,18630,28040,37030,128650,79500,404760,1.73582e+06,190420,24400,44110,854216,69600,45920,1.6507e+06,,2.0586e+06,,362720,25840,19550,32870,1450,21814,184040,877940,6935,117040,356980,1.0734e+06,,,828195
13:26:00,2.67235e+06,450500,86625,30650,339680,5.27768e+06,111212,,,2.83658e+06,1.34327e+07,49580,174720,1.3483e+06,397960,970500,,3.07102e+06,,2.23922e+06,320000,921350,61400,175680,,4.05394e+06,,,1.71589e+06,53640,880660,335220,,926125,27520,1.73176e+06,2.17717e+06,518365,56200,795600,546055,450235,498800,109950,39150,1.487e+06,1.25392e+06,7780,26100,,61275,,6600,31120,5.44983e+06,11360,6.58334e+06,,182875,,,,194305,85920,,,5.399e+06,361720,279525,729080,256070,10700,123760,19720,1.26516e+06,3.79442e+06,170900,52920,95040,602960,34500,970700,4860,321200,,302210,232500,,1.46162e+06,5800,211450,376320,364600,,,78010,,,,1.14189e+06
13:27:00,183300,45000,173250,,,1.24768e+06,1.24097e+06,,1.0212e+06,79810,3.10862e+06,223200,145600,6.29868e+06,85320,32850,29400,4.66514e+06,,1.03985e+06,37600,28140,,199875,11720,9.14567e+06,,39880,825780,8940,2.18298e+06,473240,48790,154325,,23720,362480,76370,,530400,194965,250200,648220,1.76115e+06,391100,61950,,863580,2175,43100,143125,248960,11040,161920,1.06173e+06,,1.65979e+07,99000,162600,18600,124480,,590635,222460,,,2.0859e+06,,440475,233620,19880,32100,8840,118320,1.5289e+06,6.91673e+06,36650,8820,33504,46280,45940,2.10402e+06,4860,743580,,261930,154940,,1.21352e+06,44710,442134,477100,182160,,,371500,1.48603e+06,244300,,1.14844e+06
13:28:00,156900,45000,111375,,19960,211200,1.71654e+06,7740,,39930,146480,49600,29120,648920,142000,98625,29400,440025,196750,700950,,,,224040,46880,489325,222984,9970,2.36786e+06,17880,623520,394280,13920,176400,55060,,87560,96280,,1.6777e+06,337935,444125,1.71948e+06,36700,,41400,212775,629590,34960,,122700,171040,8816,522700,1.78098e+06,5680,2.51946e+06,,,,490990,41900,156365,78760,172480,,1.7182e+06,62170,80660,,42650,42800,79520,88740,646740,13590,36600,,996608,,45920,2.29815e+06,48700,757120,,493910,,,16400,31900,738342,242860,389320,86875,66160,215470,65780,244400,76505,2.31938e+06
13:29:00,130750,,61800,61400,139840,316800,633356,,,87780,67680,24800,29120,3.46129e+06,397560,147950,,656060,98400,1.2432e+06,18800,372090,61500,34085,46880,3.57366e+06,71568,39920,983680,518520,1.05312e+07,769400,,176350,923520,,179100,149450,,,298810,281435,473660,146725,,,965280,6.00075e+06,37145,,40900,1.93646e+06,57304,223920,1.32345e+07,,1.13063e+07,9920,40600,93025,104680,1.3416e+06,522635,57280,,,122800,348620,179965,37400,57000,21425,600820,2.64248e+06,1.17596e+06,5.304e+06,,105720,1.53966e+06,324600,57500,3.85248e+06,48600,378560,,886590,25760,58725,655960,133990,39194,427220,414120,6950,1.08689e+06,26005,,244300,,802515
13:30:00,183050,90000,74175,,19960,721450,411356,13918,,175600,349240,173580,872440,1.15857e+07,312840,131500,14700,2.65576e+06,,1.55702e+06,,42210,61400,34075,35120,3.08746e+06,,29930,311180,8920,1.05608e+06,413500,376370,330575,13800,23680,270780,258850,39270,793800,1.34442e+06,2.93314e+06,,256725,468800,103250,182480,792050,56740,129900,81800,92880,79308,99520,5.47056e+06,71240,5.1901e+06,642200,20325,,231240,83825,267005,78780,366440,28800,,6220,149020,140160,39820,7.01412e+06,35280,29520,1.52946e+06,176830,36575,1.22595e+06,1.48952e+06,92760,68900,971350,4860,43680,,1.04736e+06,38640,29355,1.44157e+06,7250,258972,242800,244150,,,144880,220590,,,1.32452e+06
13:31:00,1.54285e+06,135050,123700,353050,698600,580375,473876,2.33016e+06,1.5385e+06,23970,202840,99200,,1.04499e+06,313040,690825,73500,5.25688e+06,196700,361100,18825,61150,2.6996e+06,136340,11720,2.19715e+06,109450,,469830,,1.01446e+06,472520,,2.7088e+06,,,302740,222145,,881000,1.1743e+06,3.20582e+06,224280,183300,,124200,83645,711480,292585,,61350,897560,15400,1.58586e+06,7.02381e+06,91050,4.95805e+07,79000,81300,,701600,,68665,14320,,,1.8406e+06,174060,434340,196290,687280,,8820,767520,1.79288e+06,448910,122000,167390,1.95019e+06,1.3224e+06,22960,1.11001e+07,,43680,,10060,,,131040,4350,1.0245e+06,200960,240070,,25350,222810,188350,1.15883e+07,307920,2.86794e+06
13:32:00,313200,90000,74250,,259200,1.05555e+06,1.38288e+06,181924,105860,95720,146500,161000,174480,359240,85080,98625,14700,2.288e+06,49200,1.10412e+06,18825,28140,,316260,23440,5.5118e+06,464822,19960,1.00254e+06,,609300,157460,494730,594125,55280,1.32608e+06,413920,1.39556e+06,5620,5.0242e+06,1.93205e+06,1.19904e+06,3.84106e+06,183275,,557700,159705,101140,17400,347300,20450,,11000,2.03395e+06,9.13812e+06,19890,9.54744e+06,108610,20300,111625,31130,125700,1.02632e+06,122020,280360,,367900,,55830,102800,2830,21450,8820,9840,969560,5.81171e+06,12175,607890,123160,393720,815740,452800,4860,43680,,110660,296160,176050,1.49019e+06,6.47982e+06,572284,301600,475550,,402915,66830,152490,,118440,2.78134e+06
13:33:00,78300,270250,98900,,319040,827200,691476,,42360,63790,225360,123900,435600,778920,,148000,,2.70948e+06,,1.59825e+06,582775,65900,61200,,93620,7.96719e+06,170796,39920,133250,71360,2.16372e+06,571160,327590,638700,,1.70488e+06,67660,973445,,704800,1.15896e+06,324755,74820,109975,,,357440,2.21245e+06,,,40900,247360,8812,2.04481e+06,1.36121e+07,487290,3.5921e+06,9870,6.98825e+06,18625,559760,,259745,114580,86240,,,,235740,1.16735e+06,71000,,17640,,1.29324e+06,503930,,88000,33560,765600,57440,1.19652e+06,4860,72740,1100,442960,,244570,753530,21600,10860,276220,190390,,17720,564665,158470,121200,14100,1.11286e+06
13:34:00,78300,135100,160825,15325,139720,1.02075e+06,118560,56984,,486690,225440,136400,29080,2.23807e+06,881280,296000,14700,3.76387e+06,,1.75448e+06,,42210,,306205,11720,539885,113202,19960,1.19892e+06,8920,499860,649280,236910,308275,,23680,139300,513220,22480,,1.21496e+06,68735,24940,366525,39100,,121680,602380,61180,87000,61350,108220,37412,18590,1.19881e+06,17040,6.20344e+06,,,,169330,41900,49635,35820,21560,,5.8848e+06,,235715,1.53004e+06,269800,321750,202860,1.33822e+06,705600,8.25419e+06,,88000,402584,46400,115000,743875,9720,58240,,432850,38580,39120,196500,31510,369240,318220,542380,,27830,85420,2990,,,2.74006e+06
13:35:00,156600,1.30048e+07,136025,15325,199440,739175,47880,340230,159020,39930,799760,1.46082e+06,842000,615840,85320,115050,29400,1.37476e+07,,1.88718e+06,,75240,2.1418e+06,165070,829020,3.61894e+06,988946,259220,8.36164e+06,4.4178e+06,1.0817e+06,512080,13920,374225,,,322380,258305,11220,352800,1.60268e+06,443265,2.21932e+06,1.6487e+06,,,1.39072e+06,1.09448e+07,4350,,81800,139040,26444,538570,8.60181e+06,42720,6.446e+06,98680,142100,55800,1.04087e+06,2.05433e+06,1.54932e+06,559840,21560,,6.125e+06,,93055,372850,173220,10700,440880,,2.0565e+06,4.50823e+06,24350,1.30237e+06,33552,1.60064e+06,2.64036e+06,2.2319e+06,,58180,,2.89057e+06,334320,19570,294660,8640,691050,318180,223480,3470,326650,1.72509e+06,230230,121200,59205,1.20142e+06
13:36:00,548100,,185575,,99780,1.88375e+06,714292,58460,2.501e+06,79800,406000,1.34958e+06,1.1598e+06,3.12929e+06,56800,147975,,182270,,920575,18775,18840,367200,53410,11660,1.08696e+07,111064,,1.48329e+06,305300,2.05554e+06,473060,27840,2.66488e+06,55180,,342280,629940,22480,705600,640555,1.39888e+06,1.82e+06,36625,195250,62100,212940,4.2911e+06,,87000,81825,123620,35248,198140,5.29369e+06,,1.37222e+07,39500,,,115620,41950,133580,481340,,,5.0227e+06,55920,701380,139850,2840,,765660,,1.05776e+06,1.6344e+06,341600,739200,201272,511120,148980,6.89588e+06,4860,29080,,4.44695e+06,12840,,1.80177e+06,2880,271500,175960,691570,,37950,3710,149330,727200,,1.50872e+06
13:37:00,1.30495e+06,1.215e+06,247450,15350,558320,6.86068e+06,4.82769e+06,1.20951e+06,63720,151600,1.59954e+06,86780,116000,5.71435e+06,910000,378000,14700,2.37741e+06,49175,1.6829e+06,395275,47060,1.3464e+06,116535,23360,1.34763e+07,628800,,2.16024e+06,,324960,2.28836e+06,,2.2468e+06,688540,47440,306460,29810,22480,176400,193980,2.27988e+06,,109900,,20650,418020,3870,19600,,40900,139080,6612,148620,1.33387e+06,14230,3.8392e+06,,,,840210,41925,293735,935020,,,,86940,620805,46650,,225225,4.22352e+06,608840,3.99526e+06,54490,85400,8800,826552,1.09096e+06,355260,2.10588e+06,24340,87260,,333300,230900,19570,834960,474830,141180,150620,446890,69400,7590,193030,,363600,,1.01414e+06
13:38:00,390750,,792000,,59780,351000,1.23026e+07,69088,244120,31940,236600,62000,697120,979830,113720,985700,,7.0691e+06,245625,1.5227e+06,18800,159760,,494725,,1.93002e+06,263776,,988105,17920,1.01472e+06,923260,,66125,,47440,469640,532915,162980,,226195,1.71724e+06,373800,146550,39050,,,1.56019e+06,2175,432800,61350,912360,72692,662230,2.92708e+06,105400,5.12646e+06,,,93025,14100,,41950,78860,,,,6210,31000,,2840,21450,272200,29460,1.70178e+06,2.1247e+06,,,44688,,332380,6.99182e+06,,58160,77000,626200,64000,,16360,47360,533820,536320,401180,,35420,422890,259270,121200,,861055
13:39:00,1.19835e+06,225000,210325,,139440,720225,226504,6144,84720,135660,585780,260400,,1.28338e+06,511520,82200,29400,621260,,2.70685e+06,,559280,2.1996e+06,4845,,1.67046e+07,291354,,949515,,1.34038e+06,1.47466e+06,,66075,,71160,752220,898390,,440900,96935,480520,349100,733450,546700,,83600,600080,2.58825e+06,43100,163750,,8816,835650,5.46716e+06,25560,1.37523e+07,9850,,,802320,83875,434875,143260,,,2.2051e+06,,241900,130580,17040,107100,43960,68740,1.11488e+06,54440,48775,,33512,,459060,5.7565e+06,709560,174500,,555490,25640,78240,147270,1.31582e+06,1.30031e+06,568840,2.46311e+06,79730,50600,29640,167440,363300,,849245
13:40:00,234450,44950,247400,,139440,3.44708e+06,130832,1.25646e+06,148200,87790,6.12556e+06,111560,29120,2.58789e+06,312280,164425,,2.43486e+06,49175,918400,788650,18760,,3.37665e+06,,450360,,,2.25456e+06,8960,406140,1.08042e+06,188180,198175,,118520,103480,702335,157180,3.5246e+06,1.31178e+06,942290,1.71948e+06,36650,78100,20600,114070,270990,6510,,40900,30920,72724,502230,5.93945e+06,48370,2.17864e+06,364600,20300,111725,93060,41925,,164680,,28800,1.4699e+06,6200,155085,27980,11320,288900,448780,58920,792140,204180,,8790,676600,69520,57300,1.42445e+06,34020,58160,,434300,76800,831255,130890,4320,221250,167560,222480,13845,50670,48165,101660,363300,,2.1133e+06
13:41:00,130250,89900,173150,107450,99600,1.49525e+06,294388,,10580,15980,135140,74360,58240,2.22579e+06,256240,3.30145e+06,14700,273205,,1.2543e+06,376500,2.03562e+06,183000,4.54406e+06,23360,6.25808e+06,9930,29910,930615,,1.5837e+06,2.19754e+06,6970,550150,,923560,270640,1.51862e+06,106630,,1.48598e+06,2.2818e+06,672840,73350,39050,681450,220445,995690,,,163675,46340,15420,161150,7.80134e+06,22760,1.02464e+07,256300,,55800,715790,293625,49555,78760,,,122600,,1.05374e+06,18640,17040,1.7334e+06,43900,49080,1.14404e+06,2.21839e+06,36600,8790,206576,46400,103160,2.8154e+06,14580,3.10236e+06,,555490,12800,,703470,103230,21682,243020,123890,,30390,351965,2990,121300,177960,1.7123e+06
13:42:00,52100,44950,321675,,59760,5.54975e+06,2.28454e+06,,,390830,303640,656320,,928060,56800,2.11882e+06,14700,670290,,650625,75100,75030,4.3988e+06,189375,,2.98186e+06,214488,19940,1.37367e+06,332160,473760,1.2966e+06,20880,220200,,,262680,454590,590200,1.4085e+06,827610,2.37552e+06,348880,146725,195250,,174865,1.41939e+06,6525,258600,143225,1.93038e+06,1.91991e+06,167130,2.66694e+06,22750,3.80228e+06,158020,,,180880,41950,3810,129000,,,245200,6200,142485,242380,2840,,114140,39260,2.23012e+06,217640,,52750,586320,185560,68760,744375,,,,777700,25600,39100,2.65095e+06,4320,56388,125620,248120,,25350,77805,2990,608000,,706300
13:43:00,78150,89950,185550,30700,39840,352700,5.53907e+06,18456,,127710,146300,99200,203280,6.04486e+07,113440,82175,,3.1883e+06,,2.91968e+06,75100,14040,1.3424e+06,14565,23360,243325,,89730,1.80516e+06,,1.90812e+06,2.73502e+06,6970,5.96145e+06,,,270640,146065,50640,264100,873075,,24920,110025,741700,,129285,158770,,215000,736350,,941612,1.75794e+06,3.21456e+06,45510,5.58152e+06,,,409750,1.24219e+06,41925,53350,42960,86240,,,6200,130105,,22720,,70240,9820,3.2296e+06,81640,24400,79110,1.05689e+06,301600,183540,744275,4860,,,656210,371780,136850,703910,10080,30352,318360,1.0162e+06,34650,25340,140790,176410,850900,5650,675970
13:44:00,104200,89900,334125,61375,199400,5.6855e+06,408240,27720,,167370,551060,74240,,2.17624e+06,113440,1.92175e+06,29400,1.68929e+06,147525,876800,,70320,,43695,35040,890740,135040,19960,455805,,527860,1.07882e+06,,2.90408e+06,82680,,159200,275595,22480,616000,187645,1.66986e+06,,110025,,,1.18688e+06,1.15028e+06,2170,,899800,,,18570,1.08238e+06,68220,9.75036e+06,59220,121950,,633920,83850,152555,21520,,,367800,74450,303740,,14200,,264000,58800,1.6434e+06,136040,1.2168e+06,1.43289e+06,666024,674120,57360,1.52125e+06,9740,,,383760,25600,,376510,5760,73732,802700,202220,17300,17745,403880,2.4615e+07,364100,5650,779470
13:45:00,26050,1.52835e+06,222725,15325,59780,87900,1.13908e+06,4614,,2.84532e+06,314880,309400,,1.7211e+06,85160,114875,14700,5.24728e+06,,1.99932e+06,,89050,548900,2.6376e+06,23340,7.8315e+06,270204,139710,487445,,3.91198e+06,609420,104400,1.32005e+06,13760,,147260,1.55664e+06,67480,527500,103520,62315,348880,880225,,103250,76090,1.40186e+06,54250,,61400,231600,147396,383780,5.20643e+06,5680,3.71062e+06,,81200,18650,135600,167700,76240,7160,,28800,490000,6200,30975,167760,28380,224675,1.61257e+07,,1.08616e+06,231260,,421420,128848,651320,103160,3.13735e+07,1.09836e+06,43800,,444250,38420,1.15285e+06,278290,27270,75940,217740,185850,,10140,122100,,121200,16930,1.47311e+06
13:46:00,1.2239e+06,224600,123750,,119520,2.72372e+06,42840,1.66826e+06,,3.34963e+06,191280,123880,,1.44633e+06,56720,65625,,546410,,851900,376000,191910,,291985,291500,8.18874e+06,,,1.75874e+06,,852280,432340,3.29456e+06,286000,,,2.1691e+06,986695,78820,1.1411e+06,911235,373845,,2.64522e+06,39000,144900,494355,492080,,,102300,216140,259556,1.21098e+06,990080,659100,3.98524e+06,,20325,,828780,,263185,78760,582000,,245100,,1.64799e+06,1.28516e+06,17020,42700,1.95174e+07,9820,8.82512e+06,163270,,43850,726960,440840,91680,226450,19400,14600,,6.23662e+06,243620,,605530,14370,43380,125620,387970,34600,40520,96265,17880,,5650,1.31352e+06
13:47:00,78000,44900,61875,30650,19920,87750,2.52844e+06,,,5.50342e+06,3.71062e+06,247560,116320,4.50026e+07,113320,65625,29400,2.82195e+06,49150,784225,,70220,,286800,,965220,,289420,828410,8960,1.08318e+06,490800,167020,1.20872e+06,13760,,143280,2.40538e+06,28150,6.4057e+06,982145,355095,3.93736e+06,257075,,,98870,4.93034e+07,221850,172000,368225,,356400,92700,1.7412e+06,624920,5.9755e+06,78890,20300,74550,465410,,167845,,107600,,3.7976e+06,6200,6195,102410,28390,214000,1.62471e+07,166940,2.1096e+06,1.46894e+06,206075,26310,1.3253e+06,695080,641640,550100,9700,438000,,302910,25600,107470,310800,70560,297026,284860,202350,,,1.06928e+06,68540,121200,2825,638290
13:48:00,4.08365e+06,44900,49500,,39840,7.33978e+06,236908,222430,,175150,585520,1.174e+06,29080,2.01967e+06,56720,131300,,1.1913e+06,49150,694025,18800,257820,,4870,,1.59519e+07,3980,9980,4.21656e+06,359200,1.82666e+06,313700,62460,154000,13740,,195020,142495,,,1.83542e+06,199200,9.61738e+06,36750,624000,,235755,3.28349e+06,36975,,40850,46320,937212,265740,6.73396e+06,5680,9.19054e+06,88830,,,3.38823e+07,461175,2.57695e+06,21480,,,612100,731320,86870,,316980,10675,2.23942e+07,,1.93276e+06,176920,,315700,592712,46240,297460,3.20448e+06,4850,,,262340,51240,,3.07676e+06,94980,1.31705e+06,242940,519980,20760,,3700,14900,,8470,1.5385e+06
13:49:00,2.294e+06,,136125,91975,39860,1.56678e+06,244488,9196,,31840,360040,605760,290800,1.51072e+06,425360,114925,,5.67902e+06,2.3592e+06,783900,18800,145390,,116760,,4.46758e+06,21900,,1.0296e+07,,554860,1.33534e+06,,813800,13760,118280,250740,432080,50490,,277970,2.81596e+06,398440,367500,312800,41400,273930,1.49469e+06,,86000,470325,15440,19836,463650,6.15804e+06,,5.5452e+06,,223575,,473760,41900,61105,681920,,,,6180,198555,93100,22720,10675,2.72654e+07,108020,2.6666e+06,612260,,2.50902e+06,3.7519e+06,138240,22880,2.68775e+06,,467200,,40360,12820,,671200,53280,225144,577460,1.08206e+06,,1.08749e+06,318620,62370,121200,28250,1.01048e+06
13:50:00,26050,2.28985e+06,123725,15325,59800,2.9568e+06,4.28807e+06,49114,,79690,168700,778900,,1.21732e+06,284240,65625,29400,2.71553e+06,196700,694675,18800,384560,,485880,23320,6.96491e+06,918426,,3.11479e+06,26920,1.86776e+06,432140,20820,153925,13760,23640,366160,1.29649e+06,11220,87800,840565,1.75209e+06,2.78232e+07,,352350,124050,91375,980760,8680,43000,122775,46320,83736,167080,4.30073e+06,5700,4.99484e+06,19760,60950,,498910,41925,30520,2.07658e+06,21520,,367400,55620,136505,335240,1.19719e+06,85400,1.22597e+07,255480,586360,571460,60500,1.50034e+06,245968,229400,595900,1.6834e+06,4850,,,241980,12800,9765,1.21161e+06,189360,246808,209380,772280,,,262785,,3.1469e+06,8485,712525
13:51:00,,1.211e+06,197825,,119520,2.55235e+06,3.01916e+06,122720,,87590,303740,99040,58240,2.1635e+06,,98450,543900,819525,590250,649675,18800,60920,,97190,,1.1667e+07,33738,19960,5.20342e+06,8960,527920,471180,139000,351950,,71040,282560,547985,5630,1.4067e+06,439375,24945,7.4017e+06,,39250,165600,38075,768410,30380,,143225,262180,94636,358840,4.59372e+06,5680,3.67736e+06,98700,81300,37250,389140,,15260,465520,,,245000,43260,192295,549650,,10675,9.63208e+06,88380,3.13486e+06,231360,,316080,346632,504800,57280,1.26332e+06,,14600,,332760,89700,,638380,34520,305132,359900,181720,3465,25400,329465,205420,121000,14135,2.02864e+06
13:52:00,,3.9864e+06,5.77862e+06,3.47575e+06,239040,1.0734e+06,4.85356e+06,851616,,374160,180020,148560,58240,831200,283480,180600,14700,2.35009e+06,,739325,18800,1.99809e+06,4.2591e+06,495290,,3.11691e+06,,289150,2.34792e+06,,1.08218e+06,529760,222090,4.8784e+06,68800,,3.46199e+06,99610,,176000,1.50517e+06,667145,3.4883e+06,293925,509050,165200,669685,6.05248e+06,620620,129200,143225,92520,2.19593e+06,660660,2.85501e+06,,4.38062e+06,39440,20300,18650,194350,251550,434585,57280,,,489900,,316290,74530,8490,10675,9.41788e+06,618660,1.34686e+06,8.98889e+06,36425,26340,39088,276080,22920,971600,,29200,,302500,25600,214830,245430,45980,2.77008e+06,5.27366e+06,2.06702e+06,,,155400,80460,483900,,3.69577e+06
13:53:00,963850,89500,308175,15300,199220,5.6373e+06,1.6005e+06,,317260,1.69401e+06,371220,482160,,1.07326e+06,963920,2.26335e+06,29400,6.83916e+06,,560375,18800,65380,1.398e+06,450885,11660,3.91746e+06,,,1.34431e+06,296120,1.20372e+06,411700,416500,65850,55100,71040,5.79286e+06,319035,5630,,6.26622e+06,1.77206e+06,1.0209e+06,110175,,392350,53220,887820,108500,,61275,508300,4392,37080,4.12617e+06,5700,6.64462e+06,2.58927e+06,994725,,98660,,57165,995540,,605850,3.9169e+06,6180,1.96452e+06,102500,5660,10675,9.95506e+06,107800,966140,4.99928e+06,12150,17540,2.77434e+06,298400,412500,3.20505e+06,,466560,1098,221870,12820,1.0446e+06,785270,18710,177130,75060,4110,,2540,307125,,363000,446180,730815
13:54:00,312600,134300,4.67552e+06,,1.73254e+06,1.5082e+06,375060,,,71550,517360,445340,348960,1.13363e+06,28320,147750,88200,6.5044e+06,98450,336350,18775,9340,60700,1.0511e+06,349200,9.11663e+06,,239040,864665,224500,1.2456e+06,509880,215350,9.34968e+06,68800,1.11112e+06,4.4151e+06,1.0864e+06,,,1.62216e+06,56135,323700,146850,,61950,22830,2.54793e+06,,301400,143175,154040,529152,394880,4.93338e+06,25610,1.28549e+07,305190,1.19625e+06,18650,194200,,11430,664980,,,122400,6180,327705,270240,28300,10675,719740,402520,1.37526e+06,27160,12150,17550,1.33458e+06,206360,22920,3.2674e+06,,58320,,403480,140980,9755,1.21062e+06,256700,276480,33360,214170,41540,,11100,,241800,,1.28528e+06
13:55:00,78300,3.71785e+06,73875,,19880,35050,213880,4584,,87490,258760,24720,697040,2.00067e+06,113280,229825,,7.93684e+06,98450,336300,,93400,,503940,93000,1.15492e+06,39640,,9.85779e+06,53760,8.9766e+06,313700,312270,307525,27540,141840,1.27758e+06,195795,11220,1.5822e+06,821755,1.49136e+06,672300,293500,,,3.21112e+06,398040,4330,,224975,1.15476e+06,228376,74140,3.1716e+06,91180,2.96459e+07,344930,,93125,5.57787e+06,125725,15240,,,663500,244700,6180,191580,83840,19790,53450,2.05506e+07,245500,1.63882e+06,4.57974e+06,145550,157860,27880,22920,45760,2.97828e+06,,,40626,1.26006e+06,89740,107305,2.45546e+06,150310,1.16857e+06,208840,362210,,,51800,44550,,,627780
13:56:00,,672500,61575,,218860,9.76335e+06,226440,30560,31720,389750,652620,160940,203240,566730,56560,2.5623e+06,14700,603535,,873925,37575,46750,,1.40671e+06,,3.36624e+06,490416,,7.30122e+06,251440,975240,1.25584e+06,166560,3.3414e+06,96460,,660680,385155,56200,87800,770585,93660,2.41566e+06,1.46928e+06,274200,103500,137035,9.68323e+06,6525,172100,81850,,109800,383200,1.17065e+07,11390,5.42308e+06,,,37300,1.27271e+07,,396685,21540,129120,,122400,6180,822565,9310,,10675,443340,157120,644140,462370,12150,52630,1.58023e+06,160600,4.25146e+06,1.36075e+06,14550,14560,8784,887040,25600,312360,1.17874e+06,51790,2.07718e+06,150320,321360,121275,,99905,,1.09156e+07,,664810
13:57:00,,628000,320250,,218940,439075,198864,,,151200,157560,136060,,1.42159e+06,169680,98625,,5.20852e+06,,6.12235e+06,,326890,60700,330685,,2.43851e+06,270348,9960,1.45254e+06,,271200,865360,152660,2.86002e+06,110200,23640,107460,109395,,1.4048e+06,660350,2.39604e+06,373500,,39150,,677290,515450,2165,,143225,,333728,191650,4.69446e+06,94000,5.2073e+06,137490,20275,,981360,209500,22880,14340,,,244700,,37090,167760,19760,10675,,58920,1.31672e+06,135970,24300,52620,27880,160360,126280,1.8138e+06,9700,,10980,171370,51240,1.57378e+06,622000,28800,177398,325680,1.18656e+06,180180,2540,85100,128090,,,1.68818e+06
13:58:00,156600,,24600,76500,,263525,717552,4596,,79560,2.22564e+06,840540,,2.06605e+06,226240,164425,,1.43846e+06,1.08295e+06,2.0904e+06,,350920,972800,335450,,1.31507e+06,9940,39800,536370,8980,745120,196540,,88000,,425520,310440,706035,,,194230,99795,1.26992e+06,73525,589450,,15230,1.0964e+06,,129100,122700,445940,4392,407920,2.39836e+06,279410,1.39321e+07,39300,,55950,107320,83800,392930,207860,,,244800,37280,241075,,161300,,469020,107900,4.26904e+06,339960,97000,52620,66968,22880,206340,2.68875e+06,,14560,,403270,89740,126880,130880,107460,1.23132e+06,367500,235210,,,29600,8910,,,773420
13:59:00,261000,,24650,,438220,5.00285e+06,952320,477398,,310090,157280,173320,,1.61641e+06,736640,213600,14700,1.5702e+06,,3.32485e+06,,4660,424900,9720,46480,6.20084e+06,59580,19920,593190,71960,162720,314240,1.23532e+06,637975,96440,141600,183080,956530,,87800,439955,62380,99600,147025,157650,2.14485e+06,30460,921060,,172500,184125,,109800,24720,9.53123e+06,1.23256e+06,1.20971e+07,58800,,,,4.15e+06,91530,64440,,,367000,278900,179195,83880,14140,10675,800300,,585200,271970,,43860,27880,22880,57300,1.49038e+06,,960960,,453740,25600,,916210,4320,1.62755e+06,1.8847e+06,239480,,,103600,98010,972500,,1.02946e+06
14:00:00,156400,134650,61600,15275,,772150,748204,9186,,175030,438240,61880,7.89696e+06,1.50941e+06,255240,98600,,627830,295500,292150,18775,65340,,29150,23240,1.27048e+07,57652,468110,877090,53980,623060,687920,6940,219825,96440,23640,246760,912330,39320,5.4377e+06,737705,99785,6.82824e+06,73500,39450,103250,152250,336690,6495,,81750,768000,15368,426120,2.98558e+06,16990,3.3056e+06,9810,20250,93125,67780,83850,15240,85920,,28800,611800,61710,531040,493480,14140,21350,434980,88280,2.8658e+06,611820,,26310,33464,,57300,1.97787e+06,,43620,113294,1.32137e+06,,9760,277950,57300,32480,4.6702e+06,235410,,527190,51805,467860,485500,14125,1.15717e+06
14:01:00,2.0316e+06,44850,147900,320850,19940,473500,337464,93330,,397270,2.02324e+06,173280,29040,1.47759e+06,,197350,29400,1.42103e+06,,4.0432e+06,18775,364490,485600,63180,500560,3.54376e+06,,29880,1.5018e+06,17980,406660,451940,6950,1.18655e+06,,,143410,1.15508e+06,1.122e+06,788400,194190,898000,149520,257225,2.24205e+06,350200,1.73509e+06,1.04154e+06,,129600,163650,46020,678564,30900,2.05508e+06,42580,2.96906e+06,97970,465750,,299020,460925,274430,93300,472760,,4.2805e+06,55620,1.96203e+06,,33960,32025,234780,29440,555560,1.09945e+07,121275,622670,27920,,22940,1.037e+06,,,,7.0929e+06,179440,107450,2.15821e+06,21500,47652,5.02896e+06,1.06953e+06,,,103600,59600,727900,5640,2.67113e+06
14:02:00,26000,,344400,,,544050,199044,38294,,158880,1.95608e+06,86660,,901120,169680,2.382e+06,29430,1.55647e+07,344575,2.15712e+06,,,60600,208895,46560,716295,212764,19920,776105,,271120,216260,13900,812250,,1.67716e+06,262680,380435,134480,175200,317085,49855,24920,73450,39350,123600,22835,2.59689e+06,43300,,122775,230160,2.14375e+06,,7.66307e+06,147900,3.20049e+07,,1.2353e+06,,84600,,53340,115180,21440,28800,733400,,586195,121030,11320,10675,226200,5.39926e+06,555500,2.30862e+06,,254310,446080,800720,103140,7.71138e+06,,43620,,1.17835e+06,998260,,703080,7190,186266,66880,3.02768e+06,27680,1.26243e+06,210900,,,,858630
14:03:00,26000,44850,578075,,,754225,1.01429e+07,386610,875340,71530,33720,49520,,2.82396e+06,,771500,14700,1.8688e+07,49225,1.30338e+06,1.69138e+06,196230,60600,82620,267720,4.8971e+06,25870,587050,2.51708e+06,,7.16284e+06,373620,1.08264e+06,4.34518e+06,,94520,131340,1.12627e+06,,962400,6.40708e+06,7.37502e+06,174440,1.57812e+06,,,60885,1.83782e+06,132115,345500,2.18562e+06,245740,89888,1.92324e+06,9.67868e+06,153290,1.89167e+07,29370,486000,,1.29381e+07,83750,34290,287840,,,1.5886e+06,24720,345215,2.17797e+06,33960,10675,400300,780800,2.2793e+06,1.1753e+07,,8770,161704,1.36892e+06,148720,8.26475e+06,,523840,,1.16828e+06,511260,97600,3.95514e+06,8610,433196,100300,557950,165625,45450,210705,,242600,11280,2.84084e+06
14:04:00,78000,538300,123000,,677560,543975,3.68199e+06,13734,10520,1.51628e+06,33720,61900,,1.15175e+06,113120,4.87775e+06,14700,5.44326e+06,,718475,1.05262e+06,191470,1.5149e+06,514760,,1.2712e+06,206960,,731530,673500,54160,216280,1.48972e+06,153650,55120,377760,2.28882e+06,508250,5600,1.3998e+06,840545,366815,4.41054e+06,660375,314850,,182665,308970,,,143025,215000,26324,1.16242e+06,1.99801e+06,149990,9.19804e+06,117490,,93150,36560,460350,57150,28720,,317350,488600,18600,30800,74400,28300,32025,530920,1.0736e+06,1.49022e+06,27160,12150,219250,440504,,103200,1.42555e+06,,1.65756e+06,,130990,12760,19530,,11480,353254,,12390,,141600,88680,464880,727400,,1.66604e+06
14:05:00,52000,2.24245e+06,283050,,19920,1.35112e+06,1.69546e+06,944594,52600,714130,101120,754040,29080,696540,141280,410450,,1.57696e+06,,1.6612e+06,,121420,2.7223e+06,63180,11640,1.63207e+06,728340,,8.93902e+06,44900,392620,216280,1.0657e+06,482475,,118160,1.94622e+06,6600,190620,,316580,142965,249000,110050,432350,287850,2.06154e+06,397720,6495,259800,204400,168760,234936,1.83616e+06,1.1711e+07,65410,3.97124e+06,255060,40475,18625,36530,41850,422775,57440,,,610700,6180,258720,74470,161180,53400,876660,58520,3.6239e+06,271640,85025,26280,446080,297720,8.20846e+06,4.92475e+06,9700,,36234,1.15908e+06,63860,29285,1.16086e+06,147460,2.34067e+06,459120,247800,103500,10100,114545,432080,121900,,1.04564e+06
14:06:00,26000,44900,12300,122400,19940,7.41155e+06,125680,,10520,277240,460240,8.4555e+06,638760,3.30618e+06,226200,197050,485100,4.41066e+06,,651000,18775,107480,1.0301e+06,53445,,7.96563e+06,1.66222e+06,19900,3.40598e+06,772580,405800,1.14212e+06,34600,219400,,70920,,379885,,350000,96920,453710,3.08808e+06,623775,,,7610,641090,8660,129900,61300,122820,,609190,3.3427e+06,102350,2.58669e+07,108100,,18625,,418650,87515,777180,,,244300,,863065,,16960,42700,399220,731540,263120,325940,24300,70140,27880,22920,79940,712800,,,60390,1.46205e+06,281120,87795,833830,144900,15148,,388630,,30315,59120,243550,2.1834e+06,,2.21316e+06
14:07:00,52000,313800,49250,30550,59820,368025,7.99837e+06,,31560,253490,1.24764e+06,86740,1.334e+06,1.24926e+06,84720,410475,,1.44588e+06,295500,673200,56325,9340,666600,257560,23280,6.15958e+06,175648,19900,549960,234000,297880,1.43864e+06,83040,2.63395e+06,68900,236200,254720,528835,,2.625e+06,161605,2.66206e+06,348700,293450,,,38050,135100,,,286075,337500,351120,166250,3.89141e+06,65450,9.73062e+06,29400,,1.13475e+06,87110,,87570,669220,,,488500,92700,154225,390940,22640,160450,9.78704e+06,614140,2.45624e+06,5.53141e+06,60725,394640,27880,,1.54192e+06,259400,29160,319880,,2.35151e+06,12780,1.09349e+06,277950,72990,166628,125320,2.69318e+06,6900,40400,3695,2.27205e+06,243100,367100,1.15613e+06
14:08:00,104000,269050,61575,580350,99600,385550,1.24686e+07,4584,42120,348590,202220,371540,,2.32145e+06,338880,279100,29400,1.92608e+06,,3.74718e+06,,411800,606000,213835,34920,5.62926e+06,209762,19900,3.40922e+06,62920,419420,413720,131500,373425,124060,94560,139300,439625,,87500,413495,62235,4.58152e+06,1.54118e+06,,82200,3.02862e+06,1.16967e+06,93095,,81750,46020,19728,49280,5.70669e+06,59730,1.3105e+07,,20250,93125,2.3628e+06,41875,354280,308420,,2.308e+06,366400,,61670,27950,50820,277550,980840,58560,702200,530390,24300,17540,2.69152e+06,183360,411840,5.50792e+06,9720,43620,54800,676450,114980,9765,2.97854e+06,57280,547610,116960,189970,34450,,77595,479780,,,1.26068e+06
14:09:00,260250,269100,553550,,,1.33358e+06,684896,,,229780,123640,3.2357e+06,,1.68653e+06,593400,2.10232e+06,14700,231540,,717600,,14010,6.8533e+06,296420,34920,4.26602e+06,,39800,689780,,1.35218e+06,197000,6930,2.13195e+06,68900,118120,230970,1.258e+06,,2.1e+06,898740,1.66206e+06,1.2939e+06,220125,,616500,7605,2.03775e+06,,86400,224675,260780,,135520,1.14674e+07,122350,2.24939e+07,,5.4269e+06,55825,1.95707e+06,,102735,337660,,,7.3321e+06,18540,74025,9310,90380,32025,1.276e+06,,1.463e+06,231180,12150,666510,27880,,377520,615175,38880,1.3813e+06,,787190,639340,,,65950,32470,200340,450190,,20200,3.31525e+06,121880,3.6418e+06,,1.17021e+06
14:10:00,338350,,86200,15250,1.17686e+06,280575,153572,50416,,340690,89880,9.45218e+06,58160,4.51372e+06,225920,558050,14700,3.14276e+06,,627900,,23350,606000,641845,58180,2.50466e+06,247712,39780,417585,8980,2.88396e+06,769400,96880,505850,,94560,55830,1.29942e+06,218780,612500,316930,174360,248800,256750,39300,82200,114075,1.45923e+06,112630,,81700,61360,41668,197130,7.32071e+06,96790,3.70308e+06,,,74400,174840,41875,182825,136420,,28800,2.5661e+06,6200,172695,149010,84820,85500,43400,302640,1.31662e+06,503080,36425,43880,22304,160440,309380,3.0778e+06,102060,43620,,555160,102520,517055,2.08009e+06,18680,231696,175280,1.21052e+06,99905,131500,173915,411240,1.0935e+06,,1.09176e+06
14:11:00,78000,,73950,,,649200,6.80075e+06,91680,,158440,78680,9.10872e+06,,1.14762e+06,452360,229900,29460,3.12469e+06,49250,740100,75100,65510,1.6362e+06,136350,11640,4.68444e+06,33964,39800,993075,,338500,1.00662e+06,62280,241975,82660,94560,107730,148800,,2.0124e+06,213510,822330,99560,183350,39300,,83665,594920,,,61275,15340,265716,246400,3.03353e+06,59680,1.10225e+07,,587300,,1.12549e+06,9.37392e+06,34265,1.07008e+06,43040,,122200,,61675,809800,22640,85425,278080,234240,3.30652e+06,5.8345e+06,12150,17560,307080,,34340,713050,,72700,,3.41276e+06,218540,2.43637e+06,638530,18720,736386,1.25976e+06,202730,,283355,77605,56520,,,859965
14:12:00,338400,1.1688e+06,73875,,19980,4.08358e+06,1.71617e+07,54936,,427950,112400,695460,986080,812810,28240,279075,14700,4.55528e+06,,673025,,23350,909500,209360,34920,5.18808e+06,213786,69600,4.26666e+06,,636460,413540,62280,176000,,47280,270910,512315,,,1.13237e+06,1.77765e+06,99520,109950,,61650,98925,725910,,,163550,30680,898264,1.232e+06,3.90306e+06,276310,8.69894e+06,216300,,,198100,,7610,193580,796240,28850,122200,6200,160370,,62220,96150,1.59638e+06,58540,497760,435510,24275,17540,117264,801400,229160,1.39338e+06,14580,479820,,837280,154640,48700,98220,6.03389e+06,186298,91740,322670,,70825,769605,1.63602e+06,121400,,5.46403e+06
14:13:00,104200,45050,86225,45850,499740,35000,6.54444e+06,42728,,63400,247100,111780,,1.76865e+06,84680,1.3308e+06,14700,2.15849e+06,49250,5.65718e+06,,74870,60700,53625,349300,7.80376e+06,95852,29840,886900,,799600,216480,1.05876e+06,968000,82680,118200,7980,502450,28050,87500,647555,929860,1.46806e+06,1.61508e+06,39350,,30440,1.31798e+06,2165,562200,163425,61360,19800,1.91583e+06,1.47227e+07,102370,4.99528e+06,39370,,37200,104510,,15220,14320,,,1.3441e+06,502160,802175,214190,59240,32025,253460,126900,4.7447e+06,707700,12150,105340,1.52938e+06,206040,114500,1.03708e+06,77740,58160,,1.92745e+06,,38980,2.32673e+06,40600,108340,192040,244240,,50600,40700,,2.9118e+06,,1.24862e+06
14:14:00,2.6836e+06,90100,49300,,838900,210150,2.01426e+07,28994,,308980,101160,37260,348400,5.6359e+06,56400,904350,,1.08338e+06,147725,2.20152e+06,975050,9340,,195000,197940,3.25718e+07,197978,149210,804630,260580,664020,709120,96880,417850,,637680,390540,320600,952120,7.8792e+06,615570,1.41137e+06,174160,36700,78700,102750,83705,564310,,216700,122650,30700,330000,388670,3.23481e+06,224870,3.1263e+06,,,,,,53270,489120,,346200,732900,6210,203735,46550,11320,106900,323260,743440,644600,1.26563e+06,12150,17560,318304,45760,57220,745375,,276240,,1.12121e+06,64560,38980,1.2132e+06,17400,54200,100240,273240,,2525,444000,20860,364100,48015,1.1516e+06
14:15:00,,45100,73850,91650,19940,578175,738960,47306,,213980,449420,149020,,4.08398e+06,141000,246625,,7.88944e+06,,1.41455e+06,18750,84190,60600,160875,23320,3.3822e+06,106000,79560,1.37506e+06,323100,677760,394040,76220,461800,55180,141800,107580,940875,16810,262800,479645,374700,547500,146800,314600,,76090,1.40363e+06,8660,173500,531600,107360,57152,388940,4.92023e+06,88070,4.53604e+06,,20250,18575,183300,208875,68490,531080,,28825,4.8881e+06,55750,160500,65220,33940,64075,226740,627200,468720,789270,12150,43850,22304,137320,22900,777800,82620,145400,5480,1.37278e+06,51660,1.6275e+06,508040,15950,149592,333980,372580,,2525,129555,458850,364100,,1.17663e+06
14:16:00,1.2267e+06,135300,61575,,39920,315275,1.15467e+06,32048,,340610,527660,86940,,627140,28200,131550,14700,2.1756e+06,49250,3.7965e+06,18750,46780,1.5755e+06,131625,11660,5.62374e+06,235980,39780,1.41865e+06,8960,1.3966e+06,453140,34600,1.298e+06,13780,591000,171460,195265,571200,87600,175055,24980,6.04812e+06,110100,118050,41200,167360,804550,8660,86800,347250,122640,24200,117420,1.52768e+06,435670,1.74868e+07,,,74300,248160,41775,570750,28640,107800,,122200,18600,259240,93120,22600,74725,984960,9820,3.0449e+06,558000,145775,122920,451664,,45760,1.00482e+06,19440,29080,,736970,,48725,114660,8700,231926,242120,405470,161680,,81400,,3.5245e+06,,1.1277e+06
14:17:00,417600,90150,98525,,,1.85825e+06,433396,38150,221220,182160,191080,62100,,2.40473e+06,282000,213800,,421895,49225,2.42682e+06,18800,74810,,204730,23320,1.23734e+06,94000,19900,3.09926e+06,,542360,472840,62370,3.47568e+06,,236400,282840,135740,22440,,2.47793e+06,24990,2.23582e+07,220200,747750,205500,144585,339920,2165,,102250,137980,74712,666320,1.61894e+06,165060,765600,98410,912350,,527690,,106610,329440,,,4.2775e+06,173650,444675,83830,25420,85475,52200,29460,263440,1.02045e+06,24300,166820,301104,,22920,2.56102e+06,,145400,,413810,25800,1.07248e+06,163840,28900,1.69696e+06,141920,331010,,50590,722810,662320,2.4368e+06,,1.03108e+06
14:18:00,208800,676500,24600,,459100,3.0891e+06,1.83523e+06,25942,31560,245560,224520,149040,,993690,169200,295800,,537810,,2.69885e+06,37600,5.00761e+06,,428580,58200,4.47556e+06,350115,79570,3.84536e+06,,745780,137920,290640,197950,13780,778920,51740,380995,,787500,382685,331195,1.7419e+06,220125,39400,287700,60880,6.40513e+06,,,1.1248e+06,322060,1.5465e+06,240630,4.82669e+06,593560,1.99072e+06,19690,,,87430,3.30022e+06,510490,803860,,28850,4.5191e+06,149040,290360,,4.04457e+06,42700,1.15098e+06,608580,1.58016e+06,571620,12150,35100,33416,,22880,3.17722e+06,,145200,,1.37286e+06,12900,584680,1.31125e+06,15950,26054,409180,322760,,,804470,396340,488200,,1.0378e+06
14:19:00,234900,315700,209525,381400,2.59848e+06,773250,1.95067e+07,27470,,142580,67440,124200,58160,2.2473e+06,818040,82200,14700,4.99809e+06,541800,943425,,539350,,,,1.16657e+07,46115,99470,1.09138e+06,,569320,887200,,66000,27560,1.81728e+06,175410,2.09468e+06,89600,,447425,224880,1.14456e+06,183550,117900,41100,114145,565860,10825,43400,163750,15340,140288,30900,2.67865e+06,53900,1.52595e+07,9850,,,345260,,140945,100520,928040,518850,122100,136770,135930,1.86472e+06,113470,74825,348300,78440,2.34236e+06,381070,24300,,22272,45720,355260,745350,131120,,,534970,38700,,2.34467e+06,105790,210684,141980,774120,34340,5050,37100,709070,121800,,1.36237e+06
14:20:00,104350,676500,123175,5.5174e+06,,403700,2.73515e+06,65612,,388130,89880,111760,986080,3.59701e+06,1.70012e+06,115075,,430145,246375,2.62965e+06,,112450,60600,155810,23320,2.26296e+06,118295,19900,298290,8960,2.26496e+06,275860,6920,373750,27580,47280,4.19302e+06,408660,67180,87600,71305,2.23549e+06,1.01995e+07,293625,628900,,136940,181950,6495,,143225,306800,4384,67970,1.53911e+06,148000,1.00137e+07,88530,20250,55725,178160,,19030,494860,193760,,122200,55980,172970,37340,302790,42700,1.7352e+06,78420,761240,544290,24300,122870,1.09754e+06,68560,194820,6.48038e+06,68040,1.0891e+06,,1.32265e+06,25800,1.57724e+06,1.19584e+06,21750,382416,75060,397430,168415,2525,14820,,,,1.25972e+06
14:21:00,78150,,147800,305000,,4.2822e+06,5.98192e+06,263998,,198100,370620,173820,,4.46901e+06,,591325,102900,6.23582e+06,,4.0264e+06,18750,98490,1.212e+06,170295,337700,7.86622e+06,782266,29860,3.3943e+06,17940,1.7086e+06,354620,214520,4.1527e+06,13780,23640,135660,29840,,2.625e+06,485965,1.97841e+06,1.59106e+06,146800,39400,,631225,689230,,,122600,,76720,444250,2.23511e+06,91090,1.82286e+07,9830,445475,55725,339500,125325,38050,35820,,,611000,136940,1.40079e+06,1.40857e+06,5660,42700,523400,205840,2.5158e+06,503540,12150,1.20153e+06,27840,22840,34360,3.40158e+06,,29040,54800,1.10048e+06,,564400,343770,416150,469216,166940,235970,,156550,348280,384170,365700,,2.05506e+06
14:22:00,78150,180450,123200,,20050,35100,2.14344e+06,,,403760,482640,136620,319400,2.39548e+06,480480,3.10425e+06,14700,1.00904e+06,,854225,,149900,545300,311060,,7.24427e+06,22040,59660,1.52782e+06,134460,447460,256140,13860,1.58088e+06,82800,47280,59850,135915,,961400,259065,580325,1.00917e+07,697050,39400,20550,7600,9.02572e+06,125620,130200,183925,122820,,178830,8.73232e+06,1.7739e+06,9.67576e+06,9840,647200,,126900,83550,45660,,,,4.7624e+06,298960,61625,93260,,74725,26100,49040,1.08262e+06,8.24121e+06,24300,8760,279200,,11460,2.30022e+06,,101680,,383600,64480,145875,769860,735550,102168,309120,351760,,20220,70305,1.3984e+06,853800,,1.9144e+06
14:23:00,130350,45050,98500,45750,40050,35100,1.86682e+06,,21080,411420,202200,1.56286e+06,29040,1.45899e+06,169440,328300,,306000,49275,674225,,135950,,19460,,103470,949342,69600,462665,107700,203400,197020,41580,109875,,47280,383040,86240,,,576195,56115,74520,219900,,,68445,702540,,,102200,92120,52692,43170,1.72174e+06,321940,1.15424e+07,,40500,,843210,292250,175175,215900,,,,87140,1.38542e+06,279600,206590,21350,121800,58820,2.33992e+06,,48600,26280,27840,22840,91540,4.50558e+06,116620,58080,31842,646020,38700,612875,442180,1.023e+06,80428,267080,256680,,35350,81415,62370,609700,,556405
14:24:00,52100,45050,86275,,240000,719500,3.37604e+06,28994,10520,205680,415420,37260,755120,5.86884e+07,84720,82075,,702975,49275,1.0782e+06,18750,42210,121200,24325,,1.98663e+07,,29840,1.46398e+06,,650280,886540,,395550,13800,47280,63840,159160,,437500,1.15903e+06,106075,2.8328e+06,329775,,,53235,5.05493e+06,,130200,326850,1.3359e+06,24156,55470,3.11256e+06,42600,4.4986e+06,167210,20225,18600,321480,83500,22860,251440,,,5.7387e+06,186750,1.2258e+06,1.66806e+06,365310,32025,52260,39240,760520,54380,36450,70080,183992,,,1.91292e+06,48600,29040,,1.18117e+06,12900,38900,81870,2.64094e+06,173920,192000,509210,,2525,802900,17880,487800,,776495
14:25:00,78150,,172450,30475,,280675,1.37727e+06,6098,,300600,460460,310240,29040,9.06303e+06,141200,98425,14700,4.20128e+06,,651150,18750,154750,60600,,11640,1.24084e+06,,19900,1.03342e+06,107560,284720,1.45752e+06,41570,1.88978e+06,27560,23600,1.68776e+06,159120,11180,4.2869e+06,77655,230780,1.93782e+06,256475,117900,41050,30410,390170,4330,43400,142900,1.48832e+06,52688,,3.53334e+06,34180,1.98926e+06,9840,,18575,59280,41750,117955,431820,,28800,244200,112240,73970,111810,2820,53375,1.1947e+06,1.03816e+06,497380,299010,48600,35040,50144,91440,91600,3.6961e+06,,29040,24156,383520,38680,1.15687e+06,1.21138e+06,749330,436626,200360,881390,,93590,33300,56430,366100,,1.0579e+06
14:26:00,338950,1.66885e+06,98500,289275,,4.00552e+06,1.59327e+06,35060,,205710,561500,111780,,1.81904e+06,310200,82050,,2.02618e+06,,471075,,74990,,9730,,1.89885e+07,225924,268330,1.21689e+06,53800,379600,650200,,2.35152e+06,55200,47280,67640,454305,5590,613200,297750,1.20432e+06,1.26702e+06,183175,39300,,2.09142e+06,1.55864e+06,,130200,142900,1.26246e+06,281088,190970,3.7508e+06,200010,1.98783e+07,39360,,204600,1.50528e+06,41750,91410,129560,,,366600,93650,6155,9310,70930,53425,1.17618e+06,656600,409640,8.92155e+06,36450,43820,228248,114320,11440,1.81482e+06,9720,1.35222e+06,85488,524870,373520,87400,1.45768e+06,2.78281e+06,288866,759300,376700,,2525,59200,305910,2.564e+06,5670,1.93848e+06
14:27:00,104300,812900,283400,,,439100,7.24285e+06,1.61757e+06,,482530,146020,235980,261720,5.81772e+06,112800,65625,,1.14188e+06,344925,874750,,70340,1.0321e+06,4865,,2.11196e+06,36000,19880,2.71542e+06,35840,1.47648e+06,137900,27720,175975,,47280,135320,225290,55900,438000,1.23028e+06,131130,1.4658e+06,183175,39250,,159810,266450,19485,,816975,262140,21960,302330,1.90208e+07,68460,6.15944e+06,19690,202250,167175,3.34213e+06,,506065,179820,,,611000,49920,450105,,31240,74775,226740,127400,439120,258540,109275,8760,55640,,,2.33428e+06,97200,508900,,918730,51440,58320,,2.21129e+06,145420,125140,451140,,5060,33300,1.8327e+06,732600,,843770
14:28:00,104250,1.0379e+06,86225,6.04472e+06,220000,509325,304320,30530,,474770,381760,310480,1.33764e+06,481960,141000,82050,14700,4.58236e+06,49300,493375,18750,576840,1.5766e+06,58380,11660,662650,194090,327720,450270,53840,501600,236460,186840,461950,,23640,99500,281420,,876000,123020,1.40984e+06,3.50434e+06,73250,354150,349350,175025,1.18254e+06,28210,130200,81800,246400,39528,55530,3.59789e+06,128450,2.9098e+06,,2.95312e+06,576600,,3.59345e+06,518105,122400,,,,112440,129500,,67980,128300,1.3516e+06,,439180,217760,36450,35040,756208,1.48436e+06,206020,3.14515e+06,38880,,27500,1.07965e+06,51220,,818990,478980,104224,250520,869270,206700,1.48276e+06,1.13359e+06,,,569860,1.3331e+06
14:29:00,104250,45100,184600,,319920,913575,103836,38152,,268970,337080,99340,,1.19128e+06,338840,164150,44100,2.7788e+06,,269025,,46900,,330570,46640,4.34394e+06,8020,1.27081e+06,1.04672e+06,17920,664440,236460,,1.45098e+06,,2.1476e+06,123380,168945,5590,613200,349365,891655,745240,146500,,,68490,715370,134230,,204400,292500,79056,24680,6.32105e+06,39900,1.37802e+06,88480,,223500,833840,41825,15220,656700,,,122200,12480,61600,46640,48160,64100,933920,146980,2.04854e+06,503550,72900,8760,194600,91400,126040,875250,4860,116320,,746670,231060,,147350,230200,271466,1.1259e+06,2.96208e+06,3435,2535,185250,62380,244200,215775,5.29722e+06
14:30:00,78150,45100,184750,,59940,597100,8.35129e+06,962640,,356060,314700,322500,203560,2.21164e+06,141080,262700,,7.78467e+06,246450,358575,,290410,1.6367e+06,53515,81620,6.01253e+06,68170,683740,1.32582e+06,278040,3.17298e+06,216760,6920,2.04595e+06,,,67660,278135,302380,1.3126e+06,970500,1.21678e+06,3.01105e+07,403025,78800,20550,167410,741130,6480,130200,143000,523520,221788,234320,3.96841e+06,57140,2.38864e+06,19680,60725,55850,237450,794650,137075,569580,21520,2.88498e+06,1.0998e+06,37500,80120,261250,348150,42700,34880,373040,936320,9.58457e+06,36450,8760,105600,45680,80160,810425,,232640,1100,5.2468e+06,462680,1.21496e+06,1.58886e+06,810630,364896,158460,591760,,1.02932e+06,55505,1.00724e+06,122000,1.32257e+06,1.01307e+06
14:31:00,52100,812650,98600,61100,,8.79585e+06,7.31903e+06,36692,,8.71947e+06,325580,211040,,815340,169360,788300,14700,1.96026e+06,,1.52322e+06,,388780,60700,272180,34980,839590,102255,,697410,1.61258e+06,4.407e+06,394100,13840,1.01198e+06,13800,70680,143180,721665,28000,2.4529e+06,233055,967250,2.7105e+06,293025,,,258740,482940,3.9817e+06,,368050,462620,1.61608e+06,271310,4.19607e+06,116950,3.70558e+06,39280,20225,,758240,,87605,14400,,,732900,168600,104765,550420,452800,96225,,88420,761280,463400,48600,1.92706e+06,3.96808e+06,114040,2.20772e+06,3.69642e+06,213610,334480,42900,100820,38520,48600,3.52355e+06,567450,169416,141780,314630,,116860,66600,172640,244100,,1.33122e+06
14:32:00,208450,,86225,,99940,509150,1.43493e+06,,,1.98377e+06,505140,12420,,2.04966e+06,28200,640525,29400,736300,98700,1.40755e+06,18750,126570,3.0402e+06,43745,34980,5.43839e+06,124285,29730,906420,98420,257640,236460,,1.121e+06,,,394020,129090,,876900,174770,24945,1.01938e+06,256375,39400,,91380,371060,616680,86800,224525,1.1435e+06,125628,980450,421950,1.95021e+06,7.47344e+06,,,,62260,,19025,43200,172160,28800,1.222e+06,68670,308200,,,53425,1.25558e+06,88400,849140,6.02446e+06,182225,568750,1.1988e+06,,45780,1.26488e+06,34020,72800,,635110,51360,174960,901490,542180,152030,75060,356020,482470,,22215,5960,,,1.0806e+06
14:33:00,234450,45150,98525,,39980,298375,2.6922e+06,,,2.57365e+06,336700,359960,,1.04768e+06,479920,262750,14730,3.01282e+06,,2.98485e+06,,187490,,87485,34980,3.6324e+06,102255,19840,2.28829e+06,187840,786180,275940,,373975,27560,,3.94749e+06,324305,28000,,336585,954870,2.03864e+06,512900,118150,82000,137070,973370,121840,,81600,1.34218e+06,617400,772340,1.84758e+06,291150,1.67905e+07,,,18650,147110,41825,255220,122600,21560,,610800,56250,265075,,2.01957e+06,246025,26160,107980,820400,504280,60725,8760,1.74735e+06,68440,,973050,,,,1.78209e+06,12840,913270,1.77113e+06,310510,388716,133460,289800,,,,366540,122000,,824195
14:34:00,130250,316050,98550,30550,,386275,1.9893e+06,,,4.72629e+06,213300,62040,,1.48926e+07,,180600,14700,430535,49350,2.29558e+06,56250,103080,60900,97205,34980,4.79026e+06,150375,485570,595965,62600,406500,177340,,242000,,47200,43890,201705,83900,2.8081e+06,304205,1.1928e+06,248680,1.86762e+06,786050,20550,83765,444370,,173600,122500,1.2239e+06,426156,618960,3.30952e+06,79520,8.61596e+06,9830,80975,,752740,,45660,,,,5.1324e+06,37560,123300,,,53400,192280,88380,5.1862e+06,5.1398e+06,36450,175000,1.02183e+06,,388980,5.93678e+06,,29080,,552230,25680,19420,65640,505120,556120,685260,480240,,,789130,,122000,,799700
14:35:00,104200,180800,209250,76350,,2.17788e+06,2.06777e+06,87090,,1.8624e+06,157160,186160,523320,1.46813e+06,28200,279150,,3.75893e+06,197400,624175,18750,182810,60700,402900,174640,1.01023e+07,130290,59460,1.70549e+06,62600,1.52958e+07,275920,574320,571650,13780,,203000,869350,5590,964700,336545,1.03664e+06,348100,183050,,41100,121835,830190,6525,86600,183725,1.39514e+06,68320,766330,3.85578e+06,54100,1.72907e+07,9820,20225,93125,2.56076e+06,794650,68535,230980,,605750,366700,50070,1.37988e+06,93360,16980,53375,462640,,2.05096e+06,1.3043e+07,48575,707920,167280,,102980,1.39385e+06,131200,,,391210,102720,9710,344440,379130,150006,108420,335210,,109220,92625,23840,488200,,1.68493e+06
14:36:00,156300,90350,98550,45825,20000,5.73862e+06,2.20428e+06,,,222880,437920,211080,29040,1.76573e+06,141000,344850,44160,2.07934e+06,,646200,,121910,548300,19420,361480,4.8206e+06,370925,89190,1.31195e+06,53680,610540,512340,,176000,13780,47200,,132380,33590,263400,1.1386e+06,1.50626e+06,1.45275e+07,73250,,184950,144685,421320,,,163300,589180,352640,203950,2.63681e+06,154080,1.25385e+07,29490,202325,18650,284830,,95220,129800,1.24632e+06,,366600,56340,289755,,73640,171100,43600,49100,791200,,36425,227240,139400,1.16316e+06,240240,3.6641e+06,77750,14540,,541620,25640,48600,229620,523880,191386,3.43608e+06,1.0143e+06,,17780,74100,247340,854500,,4.03835e+06
14:37:00,260900,45200,86225,,,1.42138e+06,2.12393e+06,,21080,39770,112300,1.35248e+06,,1.27284e+06,2.86012e+06,361300,1.64976e+06,372770,,1.6484e+06,,103120,182800,33965,23360,2.92938e+06,96240,39640,1.35012e+06,71540,3.26588e+06,492540,,1.05562e+06,13780,4.83872e+06,194950,281390,28000,3.2544e+06,142285,1.58252e+06,571840,146500,274750,,152300,750060,58745,129900,163325,821500,511328,179220,1.11299e+07,68370,2.79642e+07,39360,,,4.12206e+06,,677530,893560,128400,748700,,43800,86305,,5660,3.42e+06,52440,245500,1.4072e+06,13620,24300,26190,27880,68440,,194600,,,,250770,25640,,278810,647430,178422,33360,459540,,22860,496455,,,,706655
14:38:00,182500,723250,270775,76350,300000,1.12298e+06,1.28446e+06,,21040,63670,415360,993640,203440,515730,311600,1.46188e+06,,505235,148050,1.82515e+06,37500,595620,,82510,373120,6.08732e+06,136340,19830,3.45807e+06,241480,270780,216700,55290,1.99599e+07,13780,47280,179100,661800,39190,968000,1.61768e+06,1.32644e+06,174120,183125,157200,,98995,1.5458e+06,259420,476800,1.79748e+06,666480,418760,,2.3189e+07,82810,6.4828e+06,315180,,,752260,167300,571490,115200,64200,28800,2.5662e+06,31300,135630,205340,39760,21375,43760,9840,1.9046e+06,40870,12150,1.96647e+06,39032,,320260,778025,499550,29040,,180560,,,344420,357730,219776,33360,235980,76120,22850,59260,2.69094e+06,3.5375e+06,,1.03034e+06
14:39:00,182350,,172225,,60050,52725,3.03547e+06,21364,10540,63680,202120,547200,29080,1.32888e+06,1.30252e+06,2.71015e+06,44220,1.5407e+06,,489100,187500,75040,,9710,23360,2.90124e+06,158395,466240,304805,89440,704520,236260,,3.76902e+06,27560,70920,,1.1969e+06,28000,616000,2.2475e+06,3.00311e+06,74640,146500,39350,20550,220835,1.39223e+06,213640,217000,326900,604480,101396,166860,8.19767e+06,5700,1.80096e+07,9860,20225,55875,240550,83650,83790,122400,21400,,977700,106350,117135,74680,5660,42700,569340,29500,761800,54500,12150,34960,144976,,22880,3.79392e+06,174960,43600,,341070,25640,320730,393630,216320,874780,284100,902520,,22860,125965,41720,1.4632e+06,,1.32993e+06
14:40:00,833700,90400,98525,15250,,1.3879e+06,3.04569e+06,22890,,111430,101040,136760,667920,2.59116e+06,340120,49275,73800,1.22172e+07,,2.10848e+06,,154690,305000,29130,,2.69726e+07,366985,,2.33873e+06,62620,393080,315000,27640,1.65305e+06,,70880,453720,673050,44770,88000,181515,500775,9.97688e+06,1.53908e+06,39350,41100,76145,1.08185e+06,4350,,204450,899000,134600,2.09323e+06,6.8984e+06,59980,2.70402e+06,,121375,,676130,2.5517e+06,49495,158460,21400,28775,366600,218700,147930,9320,11340,160475,891480,19660,820360,272500,24300,17480,27880,22760,183080,356925,169990,29040,,3.96488e+06,,1.14868e+07,1.0817e+07,319110,130680,83400,322920,,25400,85195,68540,4.0261e+06,,1.03104e+06
14:41:00,2.71555e+06,180950,36975,,40050,1.65038e+06,1.32664e+06,35112,,103470,538900,559600,,8.93861e+06,651520,98600,88560,4.79438e+06,49375,2.57455e+06,,117250,488000,131065,,2.81549e+06,146380,29780,2.39122e+06,322100,338840,1.30108e+06,159130,484900,68900,70920,107460,175695,28000,3.0804e+06,155625,1.50884e+06,447880,109875,39350,20550,98995,912690,23980,130200,61275,619920,205024,98880,6.00994e+06,57050,1.20425e+07,88610,,,93190,41825,5.5704e+06,728800,21400,,122300,37500,172565,83980,17040,1.29468e+06,34980,9820,1.0253e+06,408820,12150,,39032,,45760,681100,14570,29040,,1.67702e+06,25640,9710,1.3612e+06,255200,418164,108420,467820,,17780,363035,5960,3.2913e+06,,1.36152e+06
14:42:00,235350,45250,233875,15275,,1.07068e+06,739496,32046,94800,47760,235820,174160,29040,998780,2.92772e+06,65700,29520,5.93932e+06,444150,1.59672e+06,168750,112530,366400,1.54752e+06,,556050,38095,29780,2.0101e+06,4.95544e+06,2.95594e+06,1.53856e+06,103790,440975,13780,70920,59700,606620,5590,,4.03998e+06,1.33953e+06,174160,183125,,,98995,475350,15260,,143100,635360,55076,543160,4.79232e+06,108650,1.60987e+07,19670,101250,18650,342110,,22860,216320,235320,,,68690,209570,569620,2.46227e+06,374475,,68760,1.75848e+06,245340,763825,17490,11152,,697820,3.21205e+06,,29040,,4.19089e+06,25640,2.51695e+06,1.066e+06,389550,119900,166980,380830,34700,81280,103675,458240,609900,,873730
14:43:00,,226200,24600,15275,,702400,1.35269e+06,30520,21040,4.0999e+06,303120,87040,29040,1.90325e+06,3.0903e+07,32850,29520,1.67552e+06,,488100,,117190,794100,4.65257e+06,,3.66085e+07,104230,476160,1.04924e+06,431040,501680,610720,34600,4.98585e+06,441320,47280,262810,284905,28000,352200,530890,1.45718e+06,49800,329750,118050,20500,228415,1.38366e+06,593835,86800,143050,650640,160892,,9.20303e+06,22800,2.82614e+06,,,93150,509300,,19050,115200,106800,,122200,25000,160225,158650,,10675,26220,333900,1.5246e+06,681400,24250,17480,39032,,34320,551300,82620,29040,,2.89987e+06,,77760,574000,347580,643234,283960,1.17175e+06,,22860,99965,452960,6.9378e+06,,1.00258e+07
14:44:00,2.11815e+06,,135550,,259980,684975,1.86446e+06,41216,10540,1.98124e+06,280900,261240,,1.106e+06,1.65012e+06,65725,88560,307095,49350,3.22298e+06,37500,112560,978600,29130,,1.63353e+07,84370,19820,406840,17960,1.99266e+06,866660,,1.92025e+06,151360,70920,3.6708e+06,423990,11190,4.9267e+06,1.59303e+06,175280,7.91894e+06,1.39252e+06,983650,,106610,955210,,43400,204375,740620,92568,,2.42967e+06,128630,5.34632e+06,39320,20225,,393060,41850,95275,129600,21360,201425,3.5438e+06,18750,203365,9340,33960,,1.98846e+06,108240,1.14416e+06,981170,48500,288750,,22800,114300,843325,34020,72700,,2.13873e+06,25640,68070,1.26353e+06,480270,248806,166900,232380,,17780,196345,616860,727300,,579500
14:45:00,104450,45200,1.14618e+06,,279980,1.8256e+06,2.56315e+06,88508,,87870,1.37789e+07,882680,174400,1.58428e+06,454920,263050,73770,6.12152e+06,98700,513725,37500,93760,305800,213520,35040,3.43608e+06,625660,49550,851605,80800,2.33216e+06,196860,20730,1.21395e+06,27560,141840,167580,318280,39180,527800,1.53468e+06,1.64012e+06,1.719e+06,73325,708450,41000,159900,940000,6510,,245300,216720,247000,679800,2.78522e+06,62760,3.47248e+06,334150,202475,,393140,41825,3810,93600,,,1.2221e+06,87410,221880,9330,574490,32025,157660,334560,733480,626850,109100,52460,55800,,194360,2.3032e+06,87480,87180,,321310,,1.14762e+06,1.60962e+06,151640,626324,125120,2.89453e+06,,27940,259495,1.29986e+06,1.5785e+06,,1.34171e+06
14:46:00,209200,180800,123500,,160000,966000,1.5771e+06,25946,10540,711540,67560,572520,145160,5.75347e+06,56880,49300,29520,3.25991e+06,147975,2.72535e+06,,112520,2.815e+06,111565,23360,8.92294e+06,26065,29730,2.02722e+06,134700,1.17862e+06,867740,27640,2.91425e+06,13760,70920,63800,82910,39180,175800,3.52479e+06,513715,398640,183325,,82150,106600,1.53076e+06,,,286225,232200,147936,328000,1.47904e+06,71410,1.30363e+07,,243000,111750,302610,,217425,28800,21360,3.6243e+06,122300,24990,197235,65330,144840,10675,175200,9860,2.19858e+06,5.95664e+06,12100,148750,22304,730160,652040,1.03785e+06,19420,87160,,90410,345960,1.92592e+06,1.59379e+06,624160,261904,7.524e+06,248180,34700,7620,415520,750640,9.4675e+06,,1.39538e+06
14:47:00,810550,768400,61750,30550,220000,6.74022e+06,6.0379e+06,33616,,487640,33780,211820,,3.61647e+06,1.16592e+06,246700,88560,1.28066e+07,,1.11932e+06,,1.63408e+06,857100,126140,825600,2.24077e+07,108270,19820,2.35544e+06,,135600,295760,34550,2.4567e+07,110060,47280,199500,66370,11180,263700,265485,2.72835e+06,1.22062e+06,256550,275800,,228445,765530,,,3.8688e+06,263080,298080,6190,2.09857e+07,48510,5.44428e+06,29450,,74400,653490,83650,182965,,,86075,,37550,406680,728470,5660,10675,517280,9860,937480,641070,1.9054e+06,26220,83640,662120,629200,2.95228e+06,92340,43580,,80360,38400,184740,968560,254810,272748,8360,235890,17375,20320,159530,,3.7574e+06,152765,1.32198e+06
14:48:00,26100,180700,148100,76375,180000,473300,3.86686e+06,51884,31620,303850,472400,559880,,3.89824e+06,284000,1.03628e+06,59040,1.43586e+06,,291150,,1.6848e+06,735800,979720,,7.82284e+06,76230,59480,463185,,1.62692e+06,354400,,110375,,94560,55860,109445,22400,,699420,2.60938e+06,2.01804e+06,109900,39400,123200,350290,1.17464e+06,15220,,,247560,2.02756e+06,167130,1.00528e+07,188630,1.13849e+07,117840,20250,,350620,41850,167800,79200,,832275,366900,106180,215730,65350,,10700,1.52158e+06,49280,322300,668360,170675,17480,39032,366560,2.04898e+06,1.91442e+06,58320,261640,,120480,25600,,2.64373e+06,415270,298934,58660,322660,,27940,137215,514720,975700,,682630
14:49:00,26100,90300,49400,,20000,315450,3.49213e+07,19838,63160,4.74323e+06,449860,634440,,3.71642e+07,540080,329100,14760,6.39987e+06,,268775,18725,4680,736800,126155,,7.93406e+06,331000,119040,2.064e+06,125920,1.01588e+06,137900,117640,286975,5.52738e+06,189120,99750,1.94624e+06,28000,615200,51815,68855,9.84408e+06,623050,,,342715,1.61145e+07,15225,43200,,232200,1.309e+06,259720,2.25876e+06,340040,5.10914e+06,19660,,,500910,,125850,28960,21400,,3.1777e+06,,683970,93460,275080,21375,394200,177160,673900,831990,146400,174920,111520,,103140,3.05008e+06,3.62573e+06,29040,,50220,294820,,49290,186040,189834,268160,509040,,17780,126070,1.15028e+06,,,828750
14:50:00,522950,45150,111125,15250,400000,595850,425304,36638,10540,1.81441e+06,112580,124560,,2.3932e+06,142000,789625,44280,4.81448e+06,,1.61122e+06,,6.45704e+06,307000,,11600,2.91952e+07,98490,9920,1.32028e+06,,1.31414e+06,197040,96870,529750,3.76558e+07,70880,115710,119615,33540,87900,544065,168995,1.23098e+07,36650,865700,41100,45715,624190,23910,259600,61350,324980,301396,389970,3.48295e+06,71250,2.12264e+06,68690,242700,,480540,41850,72485,14400,128320,28675,977600,31280,178700,327190,261270,96250,17520,88600,2.6062e+06,831890,73200,17480,111520,871960,664680,4.54295e+06,892210,159900,7742,3.56842e+06,,1.5735e+06,147850,3.70484e+06,137466,25080,649630,17375,27940,203885,,122100,,1.49946e+06
14:51:00,78450,90300,172825,,159980,4.94845e+06,1.71422e+06,65680,,2.31985e+06,56300,37380,58120,6.24382e+06,1.2496e+06,49375,118080,9.5041e+06,,1.40745e+06,187250,182960,1.4125e+06,77625,,7.18308e+06,198740,19860,628110,35920,1.0563e+06,334660,96810,3.43985e+06,6.12606e+06,165480,107730,312150,44800,87800,233230,2.1919e+06,771920,146675,,41100,259080,248260,,130200,40900,247680,202400,86760,4.38903e+06,111230,3.16858e+06,19640,,,481000,41825,19075,43200,,114700,244600,18780,437290,46750,,320975,263300,29560,644200,722890,61000,210000,178392,666680,195120,1.46012e+06,985760,43560,99412,321800,25600,1.77622e+06,394300,223210,279240,100560,360210,17375,27940,248455,23840,243400,,500200
14:52:00,1.2558e+06,2.3505e+06,49375,,60000,1.82532e+06,1.44641e+06,94724,10540,23990,427460,124560,,4.10524e+06,653880,82325,103320,1.12075e+06,,647250,,4690,246000,101855,,6.73432e+06,172810,9920,4.80306e+06,35940,1.11056e+06,137820,6910,88275,585660,94520,211470,797760,,439000,161965,1.0651e+06,1.86824e+06,36650,,,243840,554800,15225,,470475,387040,2196,1.01e+06,905920,151220,1.75342e+06,58880,,,152820,41850,3810,21600,,602200,1.5887e+06,37560,135435,364500,472880,21375,122860,88620,702720,2.3188e+06,12225,227480,2.34517e+06,642680,45880,486525,,421180,27950,874950,64020,58230,147820,296080,353688,16720,393900,,223520,33345,53640,,,2.2694e+06
14:53:00,,316550,160500,,19980,140350,1.08006e+06,65704,,,528720,49840,58080,1.49101e+06,910320,131750,29490,2.93163e+06,,245375,,,984000,194175,,6.81928e+06,158790,545620,526605,9000,135600,512480,1.82671e+06,309050,858940,94560,135340,992520,22400,175500,453510,1.89228e+06,6.20544e+06,146625,157550,,190545,407400,4340,86800,81800,216860,59400,222790,3.48526e+06,300320,8.49026e+06,,81000,,1.13996e+06,,19075,21640,,,855000,50000,529700,,36790,21400,43900,108280,1.28828e+06,9.33678e+06,48900,8750,675664,,103300,1.16748e+06,,159860,264780,362040,12820,,279140,238040,157248,142120,290330,24340,170180,756830,393370,365700,396700,4.4458e+06
14:54:00,445400,,123450,61100,200000,263250,822168,30560,10540,56000,157500,74760,,3.04661e+06,910640,510650,103230,2.3502e+06,49350,1.2708e+06,37475,84560,553500,58205,11600,1.55748e+07,146730,29730,1.41479e+06,35980,528500,216720,13860,551875,,118200,107730,551815,28000,7.2045e+06,51800,2.37906e+06,1.39664e+06,73300,118200,,419175,817760,80470,86500,61375,232500,79200,43330,2.2129e+06,8550,3.8118e+06,,,55750,237620,41825,15260,79320,,,1.0995e+06,18750,283360,149540,79520,85575,122860,986040,702760,40880,305625,1.21624e+06,3.38934e+06,,172140,389100,,58080,358286,321840,25600,1.47476e+06,295660,343500,515418,226100,849510,205350,170180,89155,387400,365800,,329580
14:55:00,314400,,74075,30550,20000,1.03538e+06,1.55881e+06,1.16278e+06,,87980,8.33626e+06,597280,319840,5.13706e+06,1.42332e+06,98750,44280,1.58707e+06,,334200,1.36875e+06,98670,738000,67920,,4.95956e+06,158790,29740,704305,188920,2.5594e+06,236280,540540,331050,598820,1.25296e+06,59850,1.70711e+06,11180,4.2241e+06,2.36341e+06,337800,249400,110000,432850,,1.05225e+06,987910,4340,129900,675675,232460,182548,130190,1.99512e+06,111480,5.10194e+06,68760,101225,18575,794560,167300,1.54126e+06,14440,21360,28675,4.2736e+06,68690,184760,233590,93700,117650,166740,9880,1.6986e+06,177060,73325,52530,72832,298040,286880,1.78348e+06,,72600,1128,402230,140820,184235,1.80616e+06,210490,203092,342760,1.34607e+06,3470,12700,174560,1.01062e+06,1.9535e+06,,1.17229e+06
14:56:00,156900,45250,123375,,99920,315900,5.10046e+06,311780,31620,335680,101400,248560,,1.91517e+06,568840,197650,73770,5.77302e+06,49350,891100,,37600,615000,184290,487220,1.12743e+07,816300,19820,837550,,6.9706e+06,78740,20820,816650,1.78506e+06,142080,223110,609520,28000,1.3192e+06,2.19504e+06,3.28968e+06,1.19734e+06,146600,39400,20500,183055,453810,,,164000,247840,33000,136400,5.71844e+06,77100,3.83886e+06,9830,161925,,902240,41825,15260,21660,192240,114700,854100,56250,880910,252320,25540,203150,140360,88920,790460,327050,171150,,,595200,321440,486325,14610,101640,13536,191100,12820,,49230,1.08405e+06,251140,560140,389870,,134620,463745,116590,488300,,2.87955e+06
14:57:00,288150,90400,234600,30550,,789425,970280,50490,,247810,293280,174080,,2.08273e+06,1.02544e+06,329350,58980,2.48333e+07,,868875,187500,42250,1.4149e+06,77680,,917545,108270,267870,869140,,567900,236200,,507725,54640,23680,223300,652460,5590,879100,2.75406e+06,8.43656e+06,523740,109950,,41050,83930,1.06582e+06,,86600,102500,217000,921800,204490,6.24493e+06,85500,1.26261e+07,451690,,18600,90560,167375,1.91513e+06,14440,,,488000,43680,184885,2.88044e+06,,438675,350400,9880,878180,354310,24450,78800,28000,68520,1.35462e+06,712800,219150,58080,87730,4.60856e+06,25600,,5.22161e+06,313250,321112,83480,257290,,,22230,2990,366300,,731860
14:58:00,183400,226000,86400,,220000,1.21102e+06,946044,33660,854340,1.19068e+06,541240,5.54374e+06,29040,3.75342e+06,570120,395350,59040,1.90184e+06,98700,979575,,79890,554400,82475,,3.38687e+07,196490,407260,4.50086e+06,252000,2.36886e+06,236200,27740,551875,1.07922e+06,307840,23900,159720,901430,879400,1.43377e+06,312505,399040,1.2469e+06,118100,61600,205900,465490,,432000,266425,372000,,12380,1.17045e+07,108460,4.42632e+06,127790,1.4985e+06,18575,562970,2.46912e+06,110675,158940,,,854100,,449990,149590,113570,85575,341840,316200,322040,749630,134525,,156992,22800,137520,3.72525e+06,107120,58080,,80510,333320,1.40578e+06,3.02381e+06,340490,225148,75140,344280,,33020,44485,128140,854800,411075,792965
14:59:00,681000,45200,148150,2.58152e+06,,492100,762900,35190,42320,80000,496320,6.62434e+06,116160,1.11831e+06,456280,675575,989190,3.10842e+06,49350,3.9253e+06,18750,51700,246400,2.43222e+06,92840,1.62416e+06,150375,29880,514355,387000,297840,1.20148e+06,,2.9171e+06,6.23292e+06,663040,338700,276450,28000,615700,369935,1.31358e+06,2.39594e+06,73375,39400,20500,129665,225040,2170,,20475,294180,41784,,4.64195e+06,153950,1.00893e+07,29520,2.24778e+06,,682030,167500,61120,28880,,459200,488000,50060,511330,9350,,1.7655e+06,307220,69180,585600,1.15074e+07,24450,,22400,,45880,744750,97200,58080,45600,80540,25600,1.8333e+06,148050,2.04663e+06,299530,116800,725870,,43180,1.21352e+06,630730,1.7081e+06,22760,1.31283e+06
15:00:00,26150,180800,61675,214225,240000,737750,1.03458e+06,74964,,487980,428600,137300,145200,1.33228e+07,739440,445400,29580,6.11948e+06,,3.59595e+06,18750,103340,800600,48600,11600,7.58984e+06,192845,99540,876325,,595420,196800,159820,2.14545e+06,655700,47400,215310,1.8272e+06,50390,,103795,3.45067e+06,1.22348e+06,73400,78750,41100,213625,2.13267e+06,6510,,20475,1.96724e+06,134196,818410,7.64435e+06,88510,1.15413e+07,,20250,92925,316500,2.05198e+06,49595,,,229700,6.7159e+06,43810,191065,112080,918460,1.69058e+06,193020,79060,1.43448e+06,614160,73350,140030,28000,91440,45840,3.27162e+06,73030,159800,,140910,12800,300980,296090,1.61173e+06,317172,375740,456230,,35560,883170,236050,243200,2845,8.55747e+06
15:01:00,419200,180800,49350,30625,,1.37015e+06,645760,,,1.03199e+06,349600,511680,,2.96585e+06,28400,379250,44370,6.88944e+06,49325,268475,,9400,3.3229e+06,38875,11620,4.89797e+06,248630,69730,2.5271e+06,54120,432940,314920,13880,907100,205120,71160,67810,43355,39200,176000,525325,4.90916e+06,5.02126e+06,807425,39400,20500,3.22764e+06,597520,,86400,102500,309860,264016,347880,8.43858e+06,42800,2.70838e+06,39340,162200,,2.9996e+06,419250,309015,,,114800,2.6877e+06,81220,166395,9340,17100,9.69048e+06,342420,19760,1.61046e+06,1.14659e+06,48900,43770,22400,68480,183660,226825,360420,87140,,191190,25600,19420,1.69297e+06,25840,126892,91740,1.43977e+06,,281940,40810,352640,852600,22720,1.098e+06
15:02:00,1.43865e+06,497150,234450,,,5.70395e+06,5.73787e+06,102510,,1.40043e+06,327000,399340,145200,2.22229e+06,284040,1.05595e+06,29580,2.63378e+06,,581650,262500,28150,2.2753e+06,34020,197200,1.94612e+07,82410,676380,2.43732e+06,594020,270700,157400,,1.72532e+06,204420,71160,255030,56610,22370,878400,3.87437e+06,6.79026e+06,7.6234e+06,330800,157550,,908370,895260,21750,43200,245825,2.0888e+06,371852,360080,1.06124e+07,151450,1.63105e+07,304710,,18575,1.15152e+06,545025,209825,,,,,25000,221805,1.84019e+06,108140,129000,911620,108700,4.94864e+06,723430,683675,78800,156800,228000,366880,906975,58560,130740,5670,674450,,19420,1.1328e+06,86330,1.21247e+06,192060,3.7144e+06,,40695,267120,20930,729400,513635,2.39632e+06
15:03:00,,949200,24650,107275,460000,297950,855800,52020,,56000,327040,436680,,1.02011e+07,426000,955625,162690,2.89661e+06,49350,2.32462e+06,,,860900,38880,,1.58548e+06,469310,49650,5.66666e+06,44900,568360,374240,,5.85672e+06,27320,284640,59850,169860,33600,,291960,418760,1.28165e+07,184000,944600,143850,,380090,1.18046e+06,172800,102375,216380,671092,111780,1.27001e+07,96990,1.56808e+06,,81100,,814690,251550,,14460,,,2.3199e+06,62500,215615,,59700,290250,1.34046e+06,98720,497780,1.9105e+06,,1.19878e+06,28000,1.34128e+06,458500,1.651e+06,,101740,131656,261560,38480,19420,983700,146480,848514,583800,257300,,30515,178080,412620,364500,,7.0735e+06
15:04:00,,90300,172825,199225,20000,648575,713348,53550,105620,279990,473680,623000,,540460,56800,164950,88740,5.70698e+06,98700,357800,749150,79880,492000,218490,104360,5.86495e+06,10015,89280,709635,153140,608720,216700,13880,22100,122720,118600,67830,149850,28000,1.0536e+06,278835,212520,449280,,1.5342e+06,61650,,584870,,43200,143450,185520,,111780,2.33224e+06,111460,1.50652e+06,,20250,,515060,1.21565e+06,,,,,122000,43750,1.31731e+06,168020,1.97646e+06,118150,26220,246620,292640,1.05103e+06,,271230,22400,45480,80080,679375,19480,4.09996e+06,,201230,25640,67970,3.32729e+06,87740,126420,175320,315030,,30515,415725,158410,364500,,1.93096e+06
15:05:00,78300,90300,209775,153475,159860,1.10488e+06,637184,108622,,559970,3.2034e+06,137020,638760,130200,85200,2.02648e+06,103530,547590,49350,581575,,9380,553400,14580,34740,9.58296e+06,118265,,899805,53880,555000,275700,416990,486150,,71160,219450,66600,11180,701300,713450,100020,799120,36800,392750,41100,160180,527560,10835,43200,1.78348e+06,247640,74888,304190,1.1951e+07,99900,1.35017e+07,9820,,18600,183800,419450,11445,,,28675,366000,18750,178400,9330,173070,343975,5.4802e+06,355580,9.82696e+06,1.33761e+06,,34980,28000,90960,286300,1.2294e+06,,29080,5680,402480,12820,29125,245850,136260,85020,116760,713640,24330,40695,204300,,486000,,1.1907e+06
15:06:00,52200,270900,172700,,,7.67545e+06,1.31175e+06,580606,,775980,282000,87220,,302490,113440,428350,14790,4.32846e+06,,738650,,492560,2.2107e+06,121385,,7.82057e+06,242940,49550,2.87541e+06,143800,338340,216620,6950,640900,285700,94880,63840,239960,28000,,149270,3.79996e+06,2.27246e+06,110400,157200,,1.12976e+07,1.27531e+06,93310,129600,123150,232180,420244,80730,7.79576e+06,128480,1.13501e+07,,40550,,548790,335600,15260,,1.94088e+06,315425,976000,143590,528780,,56620,2.34358e+06,279280,384140,1.49026e+06,914520,48800,2.32766e+06,28000,45440,206080,970525,9740,29080,,1.31709e+06,102680,9710,16390,28650,413920,425760,360840,,236660,270915,170430,486200,,3.08154e+06
15:07:00,52200,45150,74025,,99900,4.27e+06,2.40735e+06,48896,52800,615980,270680,62400,174000,423890,170160,,192270,953350,,1.5221e+06,,28140,920900,495655,23160,4.89753e+06,154305,19820,823155,62860,378800,177340,13880,486050,258560,94880,211340,416290,,1.2263e+06,194690,262605,1.99752e+06,147200,353800,,961880,422920,,43200,123125,401800,,744270,1.78344e+06,31350,5.75566e+06,9830,20250,92875,888000,41925,,,318000,,244000,,417860,9330,42450,,227120,49200,1.40352e+06,614240,24400,8750,50440,22760,274800,2.68415e+06,58440,29080,,291050,,38840,229590,4320,,250200,1.21786e+06,,66145,816265,529230,364700,,4.63724e+06
15:08:00,261300,135500,86400,15350,159840,1.13755e+06,7.84875e+06,181750,,480000,631340,124600,,455880,113440,65800,73950,439420,98700,940175,,576920,245600,480195,81160,4.72323e+06,10000,247770,1.12122e+06,89800,622520,315100,,839775,407700,118600,255010,126465,33600,3.1538e+06,1.34915e+06,275120,3.07184e+06,110350,157250,82150,15250,2.26854e+06,,389000,184650,231900,114252,6200,9.43654e+06,180130,1.13924e+06,117960,202750,55775,2.26496e+06,503375,255890,,106000,,4.026e+06,24960,104465,111960,212690,1.3545e+06,410720,39360,2.5456e+06,1.3649e+06,24400,26250,112120,888960,423260,1.3897e+06,,58160,57936,250660,25640,19420,1.32756e+06,20150,52272,350540,310930,,43240,70490,343350,243000,,1.58306e+06
15:09:00,104450,180750,98750,15350,,682500,1.54146e+06,308558,,591980,372140,224280,145000,2.35026e+06,113440,1.69682e+06,207300,829080,49350,918225,1.16095e+06,14040,675300,746915,162100,5.47608e+06,220560,19840,481245,1.1043e+06,378800,78720,985420,596700,190300,237200,67820,775730,1.98842e+06,2.7187e+06,246605,356350,4.79704e+06,625600,,41000,991965,875580,2165,86300,143625,216440,28600,229400,6.20005e+06,37050,1.8436e+07,108130,,18575,682660,1.3424e+06,53410,,,,487600,68570,1.66501e+06,1.52074e+06,56600,53625,253700,49200,3.15786e+06,1.24214e+06,24400,61280,28000,433160,262980,775250,9740,145560,,120260,,58235,49150,184630,10890,233740,497600,,325735,148400,290030,121500,,1.12942e+06
15:10:00,130500,,111025,15350,639360,1.17298e+06,124072,113042,21160,607960,755380,336380,203040,521550,56720,247025,118680,1.71619e+06,49325,3.78985e+06,18700,28080,492000,92245,,5.73475e+06,20050,39660,1.5577e+06,98560,473560,413500,27720,1.23748e+06,449120,71120,159600,249770,44860,175500,265965,1.92479e+06,1.29996e+06,257600,39250,123250,145150,601280,84620,129500,307825,340580,178136,235570,7.64001e+06,420320,1.31649e+07,,141900,,839880,251825,57250,,,143450,487700,31190,2.57965e+06,9330,161710,96700,2.28676e+06,137760,2.31006e+06,2.60685e+06,24400,43770,28000,,640580,1.5505e+06,224460,319880,3408,280620,102600,38835,229350,17220,139380,375620,610050,,17800,111165,23840,972600,,1.71807e+06
15:11:00,78300,90350,197250,15325,19960,3.84912e+06,4.96956e+06,71768,84500,591990,270640,1.78192e+06,348120,1.55879e+06,141800,197625,74250,3.37395e+06,394600,718375,,37520,1.0459e+06,29130,,1.5159e+07,142385,39650,1.39912e+06,125440,419240,295240,69350,508125,40920,94880,390680,985700,,3.7754e+06,615960,412320,5.07794e+06,1.61995e+06,118050,1.78785e+06,221525,976680,,43100,184725,805020,79200,806700,5.77526e+06,177150,2.02924e+06,117940,,,189350,41975,122215,151660,,57400,1.0972e+06,49920,,924140,116290,236500,535080,,936320,559560,12200,96340,185024,,446220,1.00135e+06,1.13958e+06,43640,5680,440730,25640,19420,1.96564e+06,30060,765966,250200,3.19677e+06,,213335,122350,295780,121500,,1.03916e+06
15:12:00,574900,45150,1.31895e+06,30650,99820,2.91842e+06,6.57085e+06,161908,42240,551970,225440,336420,,260670,56720,279975,89100,737550,,516350,37400,4680,246400,82530,46240,3.43645e+06,26090,119060,1.19642e+06,35840,581760,157500,13860,2.34258e+06,,165920,71820,199945,,526800,1.86528e+06,6.66952e+06,975560,,39350,679800,122275,50440,3.44024e+06,129600,164150,355920,516944,,4.11907e+06,122720,6.45508e+06,,20275,18575,560340,293825,,7220,,,975200,68570,,121160,48220,75250,219500,167320,1.58004e+06,764360,560100,87590,,205160,160180,2.5841e+06,34160,29080,,130140,12820,203900,5.64775e+06,8640,113048,334040,107380,,554805,263190,367710,607800,,1.39224e+06
15:13:00,443750,2.3955e+06,98475,15350,99800,4.89208e+06,2.93053e+07,1.96365e+06,221940,967790,800100,798020,58000,7.30882e+06,680640,280025,,2.11698e+07,49350,471400,2.81452e+06,75000,1.5966e+06,43685,11560,8.22535e+06,268690,39720,1.44934e+06,44800,230060,768040,90090,4.61972e+06,177100,23720,231410,393480,,964700,453265,350250,1.42616e+06,73750,314200,991200,649435,918460,43300,,1.17003e+06,278840,272896,6220,7.53734e+06,51330,1.87412e+06,,5.17428e+06,18575,169250,1.55348e+06,76390,7220,42720,1.80888e+06,4.8755e+06,37440,,27980,65290,,245580,59040,1.49212e+06,1.144e+07,,113820,28000,,331620,1.67972e+06,165580,305760,51120,160260,154040,19420,261900,578100,360874,200440,575330,,1.28829e+06,2.18866e+06,1.08654e+06,486100,,2.63126e+06
15:14:00,130500,135750,98525,122800,19960,2.9185e+06,1.38724e+07,5.3327e+06,31680,303970,676220,12480,,451860,141800,395325,29700,646260,,2.6691e+06,1.11068e+06,9360,736800,63110,381480,1.50372e+06,36065,89330,658305,35840,635820,177300,83260,1.10625e+06,,166040,804220,573945,,,129420,5.2857e+06,6.40908e+06,147500,117750,,397020,632420,,86400,20550,1.31046e+06,70504,49690,7.59412e+06,108460,1.30027e+07,9820,1.32118e+06,204425,1.64214e+06,378225,,,,57500,609100,81040,1.1197e+06,130530,65290,913000,298460,88580,1.9312e+06,1.77575e+06,,122620,22400,,674900,3.5556e+06,9720,43680,32936,70100,77020,9710,98200,24380,8688,717240,575010,27800,101800,989520,312900,607700,,1.41787e+06
15:15:00,156600,2.5789e+06,282900,15325,219680,629525,2.5692e+06,280292,31720,759780,1.19922e+07,261560,174200,563440,113440,362350,14850,2.1135e+06,,246575,357200,70310,552600,92245,34620,6.76058e+06,58100,49640,905285,98560,1.04178e+06,571260,20790,1.0619e+06,285800,118600,613240,297015,11200,700800,148820,694750,725760,147475,117750,20600,160235,360620,471955,43100,123225,556820,196108,62100,4.20855e+06,71260,1.59852e+06,58920,203475,18575,852040,336125,11460,,42720,28750,487500,24960,12310,18650,31190,96725,377460,78720,1.6103e+06,1.53061e+06,,52500,168200,273600,834700,775850,165240,378560,121060,2.6209e+06,38480,737660,539880,5760,708184,91740,475840,,124705,431545,254050,607600,,1.83196e+06
15:16:00,182800,226450,233850,,19960,1.67858e+06,1.59745e+06,15340,,599950,528660,523240,58080,1.68898e+06,56720,345925,44550,787430,98675,515725,,37480,492000,315335,715460,2.02583e+07,541325,426580,911710,44800,3.35748e+06,314900,180180,3.40758e+06,,308360,15940,400525,100920,788600,899280,3.99398e+06,3.27872e+06,147500,78500,20650,122160,1.44774e+06,54125,129500,184875,355940,207176,6210,4.56165e+06,79950,1.47556e+06,343620,2.34025e+06,,3.46416e+06,462275,,,,57500,609400,81060,153855,,1.01072e+06,64450,2.29166e+06,9840,1.63968e+06,1.70872e+06,,70070,28000,45680,1.31558e+06,646600,,596960,16950,29985,,126165,1.94664e+06,28740,636386,317360,318550,,218870,502750,247940,3.0401e+06,2835,1.79035e+06
15:17:00,104450,317100,86100,30700,,1.95875e+06,495104,1532,,591900,337320,199120,,1.86506e+06,113440,378825,29700,1.22634e+06,345300,717525,112650,9360,553500,9705,,3.0259e+06,116290,247730,1.11424e+06,116600,175960,157460,1.34433e+06,310100,367200,308360,179530,233640,,,1.69512e+06,3.1763e+06,700700,258125,117900,20700,145005,1.2794e+06,19485,43100,472600,278300,191748,55900,3.54618e+06,42820,2.27486e+06,,2.11648e+06,,548510,378225,,28880,,,731400,62400,61540,102520,36760,1.3007e+06,87800,68880,1.932e+06,5.53633e+06,48675,315060,28000,387600,275040,1.19615e+06,19440,,5650,779185,436520,,6.86349e+06,30060,2.8905e+06,158460,298010,,,152725,41810,486500,,2.60094e+06
15:18:00,130600,271800,49250,,279440,2.46712e+06,454844,61360,10580,487990,1.79012e+06,136880,232320,3.08131e+06,311960,263550,29700,3.20742e+06,246500,583025,150000,56270,492000,48500,23080,8.13393e+06,234970,297360,3.46242e+06,35840,216600,216480,367760,1.05758e+07,,1.51624e+06,59850,443950,,875000,200650,4.26308e+06,1.12318e+07,2.137e+06,235550,,259590,733200,19480,86400,123300,293580,154280,124210,5.40179e+06,117220,1.34941e+07,68710,,37200,240550,378225,15260,,42400,86250,487600,74820,98420,37280,93380,118200,921900,78760,1.66882e+06,5.6194e+06,36525,647450,56040,250800,217540,1.00218e+06,,,,29970,64160,407560,9.58237e+06,127440,69440,450760,5.14295e+06,156360,17815,134100,146480,2.1904e+06,,1.40172e+06
15:19:00,104450,407550,135500,,1.53524e+06,244925,356124,67432,,727990,427640,323940,174040,516630,7.12392e+06,263550,29700,1.56336e+07,295675,425975,131275,18720,1.0453e+06,29100,11540,1.64063e+06,46205,,1.05715e+06,44800,689800,334580,13840,4.33518e+06,40860,94880,155610,367205,,786900,213635,413155,2.03757e+07,110425,,2.56045e+06,76340,1.04576e+06,12990,,143800,602940,193868,639630,4.77387e+06,22810,9.46206e+06,68720,2.15445e+06,55725,3.4441e+06,294125,297660,28960,,229825,731400,24960,184650,1.67735e+06,90530,225725,70180,186960,1.55156e+06,1.95569e+06,24350,34960,22400,136800,45800,1.64852e+06,209390,101840,,1.40772e+06,12840,484910,1.46991e+06,77680,427964,3.65516e+06,991690,17350,254500,346165,642850,2.07e+06,,1.97426e+06
15:20:00,1.3857e+06,362300,172375,199550,,4.7427e+06,575864,1.51559e+06,,423910,978680,74740,29040,1.2002e+06,226240,444500,237150,1.23432e+06,,1.00878e+06,431225,60930,307300,9700,80780,2.03764e+06,607590,158520,1.05092e+06,98560,446440,137780,41520,199050,13620,94800,63840,791415,11200,87500,556350,325485,2.5505e+06,36800,117800,165450,473550,325800,6480,172800,123175,340360,200556,776260,3.34241e+06,1.23472e+06,1.75106e+06,39280,,74375,556200,252125,114485,14440,,114950,365500,49910,757700,288610,84810,300975,245740,59040,2.10782e+06,2.96697e+06,36500,87470,28000,22800,492760,904550,574640,232680,,3.7743e+06,25640,9690,3.70695e+06,260280,63046,349780,306660,,145065,197345,310810,243400,2835,2.13414e+06
15:21:00,,271800,899600,643700,59720,681925,409312,56758,63420,735970,7.47478e+06,473440,29040,6.90307e+06,339640,461225,44550,803225,,672500,1.498e+06,56220,799400,193895,11540,1.24147e+07,16080,79280,1.21572e+06,53800,636080,236200,34700,575100,435940,118600,163590,491195,28010,1.1351e+06,407385,231560,8.15412e+06,184050,117750,82800,122210,3.60339e+06,,43100,102750,324220,145404,,6.84531e+06,190860,3.80942e+06,88350,20325,55775,262790,420225,83965,14440,21200,57450,1.0965e+06,105980,141715,18620,53770,945975,501600,276080,1.81482e+06,697650,24350,87470,44832,1.3932e+06,343620,1.22752e+06,,130880,,8.4923e+06,12840,310230,65350,18620,176094,282940,344100,,27995,145265,134540,243600,,1.9007e+06
15:22:00,1.43725e+06,271750,98500,367175,418280,1.15445e+06,343572,145854,31720,2.74062e+06,224540,161960,435680,572730,509040,411775,44520,1.14507e+07,345100,538150,5.30005e+06,18720,4.4111e+06,198790,,7.9989e+06,272590,19820,936910,53760,527620,236040,34600,464550,177220,71160,115710,397745,201850,873600,1.8674e+06,970255,1.395e+07,110425,39300,144900,725825,880560,,,184850,308800,290928,6210,6.69774e+06,125180,1.61856e+07,29460,60975,,721500,420250,240585,43320,804600,430875,4.3847e+06,43680,313990,139650,76410,225750,448340,68900,5.47202e+06,2.76228e+06,400925,113730,84032,45720,378160,904450,,87320,,100000,102620,,98010,22930,201996,307920,431220,20820,30540,305400,89650,1.8269e+06,,2.17731e+06
15:23:00,52300,362150,393750,15275,,1.0315e+06,436928,4.43892e+06,10580,191540,246860,386240,87160,730510,113120,461200,430020,1.39857e+06,,784750,,430560,796800,358640,23080,7.42703e+06,22035,49550,1.13963e+06,197280,459920,236180,235620,1.23875e+06,,403240,318850,611735,50430,960600,193780,369320,3.69986e+06,110450,,1.09715e+06,76390,797790,2160,,41050,246920,176320,6210,4.39921e+06,96610,6.96808e+06,,223375,18600,296800,504275,64855,,42080,258475,8.3913e+06,37380,80015,102410,11290,623500,448560,137920,1.755e+06,1.98259e+06,,131220,89600,68520,401100,4.39262e+06,92530,232740,18080,109975,25640,9695,1.55139e+06,11460,534230,924020,585020,,335940,230790,293020,243400,2835,2.46584e+06
15:24:00,26100,362250,61550,306000,39800,4.75958e+06,532684,19892,,670940,33720,323940,174320,1.67527e+06,4.14532e+06,279850,103950,1.53966e+06,49300,3.09438e+06,,37360,735600,72720,23080,4.4656e+06,72155,69330,506490,107520,4.0302e+06,452840,311790,3.71688e+06,13640,47440,159600,167175,33660,261800,1.1832e+06,6.94201e+06,75040,2.09765e+06,39300,662500,336125,503510,1.53536e+06,173200,205275,370100,224736,43470,6.21281e+06,216300,4.1419e+06,68730,548775,724425,19780,252150,83965,,21160,57400,8.2679e+06,74760,129290,689530,67890,526750,281440,187320,789980,1.1901e+06,,122470,263200,137080,297960,258450,,43640,22600,1.31e+06,25680,29085,228520,35980,10860,357940,365030,,,711450,287040,853400,,1.6007e+06
15:25:00,104450,316950,61550,45875,199200,7.93913e+06,4.11438e+06,237436,21140,2.21418e+06,291780,473040,116440,865720,,559875,44550,1.92844e+06,,4.73695e+06,636900,70160,1.5332e+06,77590,23080,1.64537e+06,14005,1.30683e+06,9.62183e+06,62720,446460,295300,27680,951250,27280,260840,442030,361230,78480,261600,1.07982e+06,5.01208e+06,1.17502e+06,183925,,207100,168075,1.48101e+06,4330,86400,184875,339660,169704,18630,4.81703e+06,164790,1.82666e+07,29460,60950,,376260,924525,99225,,42160,86175,3.5263e+06,31150,135450,344790,90500,2.38648e+06,562980,197180,2.72176e+06,1.60027e+06,12175,209930,95200,22840,126020,872200,9720,58160,,149980,38480,19385,4.78481e+06,90140,149848,282880,480970,,130030,245720,439450,487200,,1.30842e+06
15:26:00,78350,497900,1.8487e+06,45850,318740,3.75668e+06,1.67103e+06,,31740,375960,314220,1.42046e+06,145600,1.62865e+06,28400,691700,103890,9.20702e+06,147900,2.0205e+06,525000,23400,491200,126005,1.0404e+06,1.13822e+07,410995,465340,1.85044e+06,439980,297680,925240,13840,9.18802e+06,40920,94880,6.51956e+06,1.45853e+06,,1.2573e+07,556005,9.62542e+06,1.376e+06,2.68783e+06,39300,1.46615e+06,542770,403520,,86400,2.3634e+06,231600,152076,49710,9.65032e+06,315900,1.60047e+07,225860,121950,,545710,3.65445e+06,49615,209440,5.0668e+06,1.52372e+06,3.0428e+06,298870,2.26118e+06,55860,254670,569750,3.73118e+06,78880,5.88568e+06,4.89783e+06,109375,332470,95200,45760,584360,2.65012e+06,,72700,,9.1417e+06,64200,2.36566e+06,4.93474e+06,44380,1.59866e+06,266240,6.15257e+06,76450,15290,1.36297e+06,134350,853400,,2.3263e+06
15:27:00,522950,362200,221800,459500,19940,2.6158e+06,520072,203764,,543980,336660,2.71646e+06,29120,661120,255120,576375,44550,621255,49300,1.99805e+06,,42030,2.1444e+06,126035,11560,5.69474e+06,242555,555420,285155,44900,432940,1.51522e+06,48490,1.13042e+06,,142240,3.73863e+06,1.39597e+06,33660,6.2885e+06,795630,112755,3.90314e+06,,668100,,1.1612e+06,736070,10850,86400,61725,1.0499e+06,185136,24850,4.10933e+06,199300,4.66946e+06,,81300,1.1873e+06,826360,,114525,72360,1.20612e+06,402925,487100,24920,147975,18620,11290,687925,,650460,2.3725e+06,2.3136e+06,60875,192430,61600,45680,80360,1.64868e+06,34070,29080,3390,690000,38480,4.47197e+06,2.5328e+06,14340,202182,358260,189520,,1.91737e+06,167625,361640,609200,,2.06094e+06
15:28:00,287650,317000,98550,1.25332e+06,39860,878350,323500,38300,,727970,471300,161840,232960,1.41463e+06,170080,510475,59400,1.11823e+06,49300,1.34695e+06,374500,46800,245200,218100,23120,5.28237e+06,160385,129190,849120,62820,1.2051e+06,353880,62350,753625,13640,118560,227430,674195,22440,,206995,2.29297e+06,2.00164e+06,,471050,,45795,58190,65000,,1.93338e+06,479460,332620,49680,5.246e+06,159830,2.94898e+06,58970,142275,816225,64860,126000,45840,79420,274640,201425,487100,56070,160270,465760,217770,333250,413200,147600,1.02548e+06,1.31405e+06,73050,227480,72800,22840,126220,1.325e+06,19440,43620,,50020,12840,,49020,52980,223916,282940,2.75265e+06,,,245820,266110,609400,8490,1.95107e+06
15:29:00,706000,633750,73900,,19940,6.19585e+06,363644,58200,21120,711990,392880,261520,58240,1.6148e+06,594760,724700,74250,977125,,1.16738e+06,149800,2.35833e+06,1.1655e+06,2.21422e+06,69360,7.88713e+06,96240,466740,906010,44800,311880,1.022e+06,90030,2.92708e+06,27260,616720,454860,140010,33660,3.052e+06,284655,4.49872e+06,1.37668e+06,36925,,,137365,1.06985e+06,13015,86400,61575,247680,123424,31070,1.69124e+07,111230,1.93432e+06,265050,365850,18575,424100,1.04962e+06,160245,101140,21120,86325,2.4358e+06,80950,1.29978e+06,93100,39620,946000,712740,59100,3.60238e+06,1.80692e+06,24350,166170,27960,45680,172200,775325,19440,1.22148e+06,,90100,51320,,473620,37370,208658,249720,445640,,17785,428345,272090,852900,308240,3.17174e+06
15:30:00,1.3059e+06,950950,147825,122275,,1.17605e+06,8.75634e+06,2.06358e+06,,567910,437600,323660,291160,2.69533e+06,84880,3.0969e+06,252450,2.79908e+06,197200,2.64942e+06,205950,97980,1.4735e+06,363340,23100,1.47611e+06,248925,69440,1.38718e+06,53760,826380,2.1802e+06,187080,1.19603e+06,326920,189760,283290,243325,56070,,5.36369e+06,62610,1.17176e+07,443400,,20650,915355,314170,128015,,205425,355280,491484,31060,8.18583e+06,85700,2.5178e+06,186580,589425,241150,681730,503375,41965,760220,,,2.1938e+06,31140,227920,894110,504510,4.72988e+06,906100,9840,1.90402e+06,9.91812e+06,24350,209940,162168,410480,1.22862e+06,2.03505e+06,1.7337e+06,14520,,260370,89880,48515,8.24778e+06,24380,302274,258040,630850,,10180,197390,525660,1.2186e+06,19780,1.4537e+06
15:31:00,26100,2.26255e+06,135425,,59780,9.27352e+06,1.07236e+06,42952,21140,2.44095e+06,392880,298600,58240,1.04708e+06,141400,329325,14850,2.89908e+06,49300,2.0433e+06,37450,46650,674300,29100,611680,1.14264e+07,405045,119060,1.21638e+06,71700,5.03698e+06,4.8605e+06,609500,2.1262e+06,13640,142320,658300,186630,39270,261600,110025,2.40997e+06,600980,1.699e+06,78450,20700,30480,794030,21650,259200,164200,278320,134444,24840,3.04188e+06,37090,2.7939e+06,108010,203225,,341930,167750,30560,159360,,172650,487400,74720,190960,83840,53920,96750,237600,78740,5.18332e+06,1.68487e+07,60850,4.28254e+06,139600,68400,1.60998e+06,1.2274e+06,326290,159720,,2.59106e+06,89880,48525,440980,22970,1.1231e+06,316220,470050,,2550,1.6964e+06,409500,974600,22600,2.30112e+06
15:32:00,26100,2.21405e+06,110875,,,1.94408e+06,1.25802e+06,136410,21160,464580,808360,323700,58240,1.37738e+06,84840,757650,14850,3.74282e+06,,3.16305e+06,7.07432e+06,55990,1.1033e+06,63050,149960,1.23875e+06,182540,505820,855495,98660,432720,236020,34650,2.28113e+06,218160,213480,1.03341e+06,273355,95370,1.1324e+06,1.47628e+06,256545,651120,,,,228735,360840,141050,,123300,262880,372476,62110,1.34551e+07,102910,2.41604e+07,,325200,,3.29077e+06,,,137560,,,852600,56070,289490,1.3419e+06,62390,215000,2.1161e+06,177120,1.08336e+06,205320,73050,131030,89344,22760,1.94042e+06,775325,19480,145280,,249975,77040,164985,343140,779440,1.09582e+06,391500,478690,3490,53415,431160,504460,609300,14145,1.04304e+06
15:33:00,209200,225700,147750,15325,59780,2.5753e+06,792316,1.24091e+06,,320400,392920,298940,116480,1.15418e+06,113120,444575,14850,3.57706e+06,,1.07642e+06,,265620,3.0648e+06,33950,,1.30525e+07,34115,49600,2.92268e+06,80740,568240,216360,41560,1.15275e+06,54560,189720,1.26523e+06,359935,50470,,453290,256500,2.83106e+06,811950,,,114335,639010,26040,129600,123250,247520,202756,24840,8.66723e+06,145550,1.1206e+07,29460,182925,37125,305540,41950,3.32722e+06,115920,,57600,609200,323460,166185,121260,19850,43000,96400,98440,1.14192e+06,164280,60875,1.52779e+06,1.2022e+06,68280,80360,904550,969130,87180,44070,1.75978e+06,,116460,130700,164510,357442,2.01433e+07,358950,3490,25410,85445,2.02423e+06,609200,11320,1.67028e+06
15:34:00,783000,5.05685e+06,86225,168575,1.23502e+06,420850,527180,47430,10560,2.16824e+06,864500,186740,29120,2.27113e+06,339360,444575,340920,3.51904e+06,147900,493225,992425,60690,2.3905e+06,72725,11520,2.94398e+07,110485,29730,1.05234e+06,107740,311260,118220,76210,9.81232e+06,,118600,307180,306880,33660,8.5232e+06,310890,2.72694e+06,575980,480025,431300,702100,274495,681860,30310,,123300,247360,284312,1.57598e+06,8.68307e+06,296610,4.9427e+06,157130,284550,,336520,125825,767820,137640,211560,57600,2.8015e+06,248400,246280,624310,8520,139750,219160,1.22986e+06,1.28832e+06,5.55777e+06,48700,157040,22336,68280,11480,710675,38940,130680,,199955,12840,698695,1.56778e+06,54520,73606,125300,424990,24430,63625,107760,396520,852900,28220,3.52066e+06
15:35:00,208850,226000,73850,,59700,4.5916e+06,8.57006e+06,1.00726e+06,1.09762e+06,511970,853320,920740,58240,1.40533e+06,1.28995e+07,987525,281850,1.1593e+07,49300,896475,,177090,61200,77600,46080,1.14111e+07,68280,118980,614820,493860,324800,157600,110720,2.813e+06,40880,213400,192000,250005,56080,2.6974e+06,2.40712e+06,550080,576100,36950,39200,1.5694e+06,830645,814680,23850,172900,349025,309200,2.96373e+06,30960,1.7732e+07,142620,8.49862e+06,98210,2.9031e+06,18550,3.14941e+06,1.1734e+06,378180,65240,190160,805425,3.0425e+06,24800,178540,270410,537510,236425,114100,88420,5.7941e+06,615950,133900,610520,78320,45560,1.13514e+06,1.13082e+06,14590,261460,,129995,589720,155265,914370,41700,566970,183780,602570,,2545,312275,110580,5.2423e+06,110000,2.2378e+06
15:36:00,104400,,123150,15325,,928000,1.16996e+06,,10560,2.17328e+06,4.2095e+06,211680,29120,2.05622e+06,1.55184e+06,345625,44550,1.07e+07,98600,3.56025e+06,,42010,183400,198675,103780,5.07093e+06,100475,148660,513395,80800,1.20406e+06,137940,484440,221250,13620,71120,247600,912135,1.50645e+06,87000,452855,7.5907e+06,250420,73900,117650,,144765,193890,15190,43200,41000,216580,136788,43330,2.46319e+06,205310,8.769e+06,9810,689350,,65010,1.3401e+06,53480,123140,21120,28725,243200,62100,252400,46550,50940,161175,26280,68780,790020,2.61475e+06,24350,1.47367e+06,33504,728400,45820,3.52012e+06,,101640,,399925,12820,194085,1.4689e+06,21480,913164,33440,330170,,43185,152330,122590,487600,25335,2.04242e+06
15:37:00,2.76665e+06,,1.66052e+06,15325,59700,945250,5.58698e+06,6.5753e+06,10540,575690,1.11144e+06,622840,58240,1.4706e+06,4.4174e+06,428025,,3.78202e+06,98575,716250,374000,2.15292e+06,61100,101785,,2.7442e+07,589585,297310,4.32112e+06,17940,297700,315300,48480,44300,81740,213480,1.08157e+06,166380,493700,87100,239390,1.76624e+06,1.84286e+07,775425,,41300,,1.94776e+06,58590,86400,41000,278140,191748,61960,4.48048e+06,76870,4.47664e+06,,81200,18550,745480,83800,,188700,84480,201200,1.7026e+06,68260,153905,288840,16950,64450,183980,3.41156e+06,936320,1.60192e+06,73050,174200,27920,,103140,742400,9720,145200,,419910,25600,135860,9.69233e+06,55880,212072,1.33742e+06,825680,,10175,1.2296e+06,155430,974900,16890,2.10278e+06
15:38:00,338950,90400,61425,45975,59700,1.1558e+06,1.56956e+07,2.37733e+06,10540,415450,718460,821540,87360,5.90285e+06,592760,543350,,1.30135e+07,197200,514450,,195300,427000,38790,218880,1.12306e+07,507225,39600,7.58946e+06,98660,960220,197020,131610,841700,735620,142280,115420,589435,89800,958100,355670,1.21755e+07,200160,701575,1.95245e+06,,274315,1.81196e+06,47740,215500,41000,247160,396924,49520,1.52037e+07,82910,3.74056e+06,88370,,166950,972960,41875,,79720,21200,315975,364900,62100,252430,232850,31100,75200,1.08624e+06,78900,5.00404e+06,273990,194475,34840,,,435480,4.00512e+06,14590,741440,,7.33999e+06,12820,329965,1.24184e+06,149680,912552,175500,466300,,7625,467600,590530,730900,36595,2.02924e+06
15:39:00,78150,135550,196750,15325,79600,945650,783032,7640,10540,782960,2.4463e+06,224160,87360,1.18677e+06,141040,279850,89100,9.87042e+06,49300,671025,,41930,60900,77555,,2.1892e+07,140350,99000,469770,89640,419380,236460,422160,1.10713e+06,,260920,431760,240025,33720,,1.74078e+06,8.04457e+06,5.08264e+06,,547350,20700,159955,1.64548e+06,8660,,41000,540280,99356,55720,3.53497e+06,25650,3.34204e+06,19620,487200,37075,851630,209475,301780,130460,,201075,8.6406e+06,86840,5.39784e+06,186320,36740,139675,526400,9860,4.30186e+06,561640,60825,43550,985696,,103180,1.55042e+06,9720,116160,,1.46007e+06,76920,145575,245100,5.80887e+06,54102,7.08728e+06,1.47816e+06,293160,175235,103880,152210,365500,115415,1.68854e+06
15:40:00,234450,1.7157e+06,258200,30625,119420,1.64558e+06,609588,4578,42160,1.39848e+06,1.26876e+06,585380,87320,1.33275e+07,395160,3.6189e+06,163350,1.13355e+07,,894600,,237150,4.3342e+06,67870,23000,6.37683e+06,180400,99020,1.91757e+06,313780,933100,177340,159300,1.63895e+06,,94880,143420,113305,22450,8.2766e+06,1.44408e+06,362780,3.90622e+06,110850,547600,1.63535e+06,320035,6.74296e+06,23855,43200,61500,293440,350684,1.11421e+06,5.10814e+06,185500,1.89596e+07,,142075,18525,6.1292e+06,2.22065e+06,213920,72540,,86200,851900,124190,1.86864e+06,932240,31090,462150,105120,324720,4.56146e+06,1.91695e+06,48650,52260,359344,45440,137520,1.71195e+06,,101640,,2.50997e+06,,2.71562e+06,538950,40560,10822,41600,734940,,121925,278300,612950,974900,36595,3.38174e+06
15:41:00,3.7599e+06,90200,135200,,99500,4.52502e+06,413188,488958,,1.39878e+06,1.77518e+06,809600,87360,4.16303e+06,112800,3.36728e+06,29700,6.22636e+06,49300,715800,374000,120960,122400,421525,80500,1.74679e+07,120300,128760,768210,107520,324820,118220,27690,1.15285e+07,95380,308360,299760,389555,5620,872100,1.85318e+06,168840,2.48e+06,702275,39150,124200,4.6274e+06,1.79151e+07,674870,129300,61500,231520,256124,389800,2.2733e+07,285050,951200,68710,,18550,413030,,153000,58000,21120,57450,608700,124100,,1.53748e+06,90510,171875,78960,1.69624e+06,730940,1.27404e+06,85175,1.60554e+07,365560,22760,160520,1.03372e+06,9720,203280,2268,2.42002e+06,,,2.95594e+06,240300,23804,75000,491310,27920,40640,7420,230180,365500,25335,2.69848e+06
15:42:00,731800,90200,6.63002e+06,,79600,5.74788e+06,717540,1.65023e+06,10560,735080,2.21334e+06,161940,1.13412e+06,3.3364e+06,141040,3.76688e+06,148470,2.26027e+07,2.11978e+06,738225,,,61100,2.54978e+06,138000,2.61872e+07,222555,445460,1.08559e+06,170560,609200,728920,187070,9.57998e+06,,260880,387420,970925,33720,697700,596130,6.83824e+06,2.21712e+07,333000,859700,83000,2.14478e+06,69690,3.7188e+06,129500,82025,215760,147724,2.64313e+06,1.08044e+07,105780,2.92259e+07,49090,60825,611375,384870,125750,87975,174300,,517050,5.8467e+06,217310,98370,93120,3.37841e+06,225425,52680,1.78606e+06,7.0494e+06,1.4245e+06,194800,69830,,,126100,1.1952e+06,19440,305000,35154,510010,358960,,1.30648e+06,186000,181850,208320,1.58584e+06,,7620,983300,832700,243700,59115,2.41969e+06
15:43:00,78400,90200,147900,,99520,910475,868856,,,3.009e+06,2.15718e+06,336200,,1.97811e+06,84600,723650,44550,1.12378e+07,49375,4.3631e+06,18700,93110,,179450,2.52314e+06,1.11264e+07,146345,158280,3.5399e+06,107580,2.86714e+06,157640,519000,995450,68100,166000,295660,229525,22480,87200,932385,4.94594e+06,1.2755e+06,480975,195150,82950,7620,2.15991e+07,,86400,1.10695e+06,1.55354e+06,511308,148760,2.95873e+06,182400,7.95704e+06,68740,20275,37050,203720,41900,19125,883360,21160,143500,365500,80650,165985,46550,16950,204175,350640,464380,1.37522e+06,849380,73000,17440,185856,,45860,1.38895e+06,360280,290400,28380,260040,12820,48500,1.20481e+07,198190,142870,225060,466590,,2540,159580,301360,609100,28150,3.50847e+06
15:44:00,78350,225600,110925,183900,139320,560225,1.43861e+06,,94860,1.56004e+06,1.87598e+06,199300,87200,4.6296e+07,253800,279375,59400,4.32236e+06,543700,335950,953700,41850,122200,29120,,2.85116e+06,330725,405500,1.05938e+06,492700,879920,236420,207670,995200,13620,260800,148000,316165,,1.3095e+06,1.53404e+06,794925,4.27724e+06,1.85005e+06,1.2512e+06,1.4697e+06,99190,2.05013e+07,941950,,102375,246180,48556,30980,1.15162e+07,105450,2.1816e+06,29450,81200,,1.05979e+06,544600,61200,,316880,28700,487300,211140,1.22378e+06,251460,36710,193450,5.15916e+06,,1.25816e+06,4.31406e+06,121650,17450,39368,68280,126280,1.03365e+06,29160,174240,,360020,,29100,834020,180480,194812,233200,4.31174e+06,,2540,115010,349780,2.195e+06,11260,2.69538e+06
15:45:00,889050,180400,295775,,238980,1.89185e+06,491116,38150,,688450,3.87986e+07,1.54422e+06,,2.52976e+06,141000,1.0524e+06,44550,7.63895e+06,296825,738575,18675,251300,61100,121285,46080,1.63782e+07,937695,79040,2.96951e+06,3.54742e+06,906940,118200,83090,2.3673e+06,27280,260880,391120,79800,5610,2.0944e+06,90630,3.96346e+06,2.77638e+06,74050,430000,,61005,2.51141e+06,36805,1.2933e+06,61425,169120,99136,6190,7.82445e+06,14200,3.37976e+06,39300,345100,37050,519190,1.59125e+06,1.5644e+06,1.083e+06,21120,114800,487500,142870,6145,903770,59380,204100,5.20644e+06,39600,4.03832e+06,6.22042e+06,60875,69780,39368,1.70584e+06,183600,1.0014e+06,77760,377740,,450120,38460,38795,3.35045e+06,99950,201368,266440,603170,,30480,701200,7.73225e+06,488300,413705,2.40626e+06
15:46:00,444350,225600,221850,153250,99520,1.681e+06,1.21669e+06,120636,84320,816000,541220,822180,,2.27057e+06,875440,1.46402e+06,103920,1.51692e+06,49475,380650,,83840,122200,4855,645080,1.44717e+07,1.32206e+06,2.1356e+06,3.32518e+06,9000,595400,137940,34620,2.36705e+06,231880,379320,283420,146340,117970,87200,330190,3.65338e+06,1.47594e+06,444150,195500,20750,770705,3.27426e+06,88970,,61425,276640,85956,18570,2.62314e+07,205160,1.97525e+07,274970,324800,111300,655950,125625,30600,21720,63480,28700,9.3863e+06,31000,92250,400690,22620,290225,,780120,1.52256e+06,2.30325e+06,109575,69820,197000,68280,3.71234e+06,1.16305e+06,68120,130680,,1.55996e+06,,106670,555760,55040,270650,449840,1.82484e+06,83760,33020,89040,14850,488000,348335,3.08527e+06
15:47:00,784450,180500,283425,61300,318640,7.80575e+06,1.6338e+06,120710,,712000,4.3313e+06,797240,,2.77226e+06,169640,394550,44550,8.69778e+06,98950,582100,,130360,122300,227965,,2.26637e+07,21988,19820,1.7714e+06,9000,8.35444e+06,137940,131620,1.26112e+06,1.0919e+06,284600,163650,578290,662130,1.2208e+06,414370,8.06752e+06,2.82896e+06,148100,78200,82850,626100,452690,67165,,143425,245800,2.33643e+06,359530,4.09004e+06,102400,1.34777e+07,19630,162400,55625,1.15384e+06,1.0469e+06,64960,1.49468e+06,63480,114825,244000,93110,73800,2.40608e+06,132810,118200,816160,226880,2.5188e+06,4.23451e+06,304375,244410,50688,,80100,1.74465e+06,43760,116160,118650,309995,102560,281295,555790,154710,4.11978e+06,333000,152810,195160,20320,148480,20850,732200,16830,6.52722e+06
15:48:00,627450,270750,283375,15325,2.32832e+06,611675,3.02557e+06,209098,,2.80077e+06,2.26702e+06,672260,58160,5.76191e+06,254160,953750,133650,1.18722e+07,247375,1.3438e+06,18700,409290,,339520,57500,1.27353e+07,773326,118970,1.33964e+06,772280,474300,196940,103870,2.52065e+06,410480,355720,227430,544550,28080,7.7613e+06,860475,3.0246e+06,651080,3.80818e+06,586500,3.00165e+06,1.26047e+06,4.2854e+06,13000,215500,81925,46120,114240,43370,1.25013e+07,153900,8.25828e+06,19620,365400,,118860,125700,22945,,126720,229675,244000,80740,190655,214380,93270,311725,157980,335360,3.16312e+06,3.67436e+06,170450,288070,326128,,80140,6.40018e+06,34060,275900,,1.57025e+06,25640,436500,604850,124280,283774,391500,400080,107880,50760,2.55581e+06,131070,732200,19635,2.05536e+06
15:49:00,784500,496300,381925,183900,437460,4.28292e+06,2.07741e+06,141972,,520650,1.29672e+06,498060,,3.07528e+06,28280,1.102e+06,29700,8.39303e+06,49450,2.03695e+06,74900,227900,183400,1.05726e+06,11500,1.69256e+07,148000,158610,1.56826e+06,,447420,118080,41560,862575,164380,308200,191480,152720,39310,5.5855e+06,788845,1.00177e+07,1.70358e+06,36950,,435750,45785,3.11409e+07,112670,43000,184425,353380,136216,49570,3.2736e+07,125400,4.84774e+06,137490,203000,370525,579540,335150,34425,,105600,315825,609800,105560,2.74262e+06,65260,104630,204250,149160,1.64622e+06,3.8676e+06,2.64654e+06,170300,654700,28080,957080,80160,1.87598e+06,102100,130680,,1.25007e+06,12820,106700,1.37326e+06,335680,346472,1.77965e+07,486680,,58365,189690,375370,2.9301e+06,25245,2.52508e+06
15:50:00,627550,496500,1.58982e+06,30625,377620,1.74935e+06,1.66963e+07,175540,21080,4.21806e+06,2.22134e+06,286300,58160,1.79403e+06,,4.91188e+06,44550,1.76514e+07,890075,515125,93625,2.01784e+06,,155360,69020,2.03171e+07,,644050,4.3472e+06,224480,4.48822e+06,315220,484450,2.32218e+06,13700,237160,342790,740445,112200,609700,724165,1.33984e+07,1.71806e+07,73900,39100,145000,145055,1.09008e+06,8665,258100,163925,215160,2.64896e+06,216690,8.6584e+06,227900,1.10137e+07,559120,892500,,1.56017e+06,502725,76465,7240,84520,143575,6.9487e+06,68290,448950,289100,455550,836925,219300,19720,6.15344e+06,1.68733e+07,487050,890390,67392,,378040,2.13375e+06,131440,319560,,2.79968e+06,141020,630350,3.49698e+06,1.00558e+06,1.17078e+06,141440,511470,,55815,323620,482760,856400,33720,2.40342e+06
15:51:00,209000,2.70615e+06,295600,45975,893660,8.59158e+06,2.23539e+06,1.42431e+06,10560,55980,2.54848e+06,7.03814e+06,87200,3.20428e+06,84800,739475,178140,7.80204e+06,49475,1.36522e+06,730275,8.87264e+06,2.0772e+06,58235,735960,1.05231e+07,219996,148510,989550,26880,270900,334760,554180,9.03885e+06,164260,3.26896e+06,263220,295365,2.57383e+06,1.6549e+06,911395,2.54245e+06,1.72714e+06,332475,781000,103750,68705,1.2131e+06,10850,43100,1.0034e+06,30760,411704,1.26258e+06,3.49078e+06,151050,5.7649e+06,9800,466875,37100,2.58443e+06,209400,38250,1.82678e+06,126800,200925,5.4799e+06,229490,209000,177110,82030,236125,692720,513140,5.73922e+06,4.85982e+06,353025,776930,780624,,171740,1.22835e+06,287260,217800,,160130,,126100,1.07577e+07,186360,2.2183e+06,990080,466020,,309850,2.93136e+06,422710,976500,56140,4.57047e+06
15:52:00,182900,585950,2.00548e+06,367800,257940,2.27468e+06,2.84171e+06,39660,832040,127880,1.06825e+07,882040,1.01752e+06,3.14288e+07,,3.69685e+06,178200,2.15843e+07,98925,4.35752e+06,430675,51260,610100,33975,57400,4.36224e+07,172005,326590,5.04613e+06,394340,1.13778e+06,629800,83080,2.673e+06,54740,569160,1.19078e+06,1.55864e+06,28150,2.0056e+06,1.23393e+06,1.09654e+07,2.4277e+06,406450,351150,62250,343540,2.07566e+06,3.3233e+06,43100,122725,445820,133676,24740,1.24914e+07,239400,4.6294e+07,29400,933800,296650,752780,209475,4.11542e+06,5.4652e+06,84480,114825,1.3389e+06,396250,3.6732e+06,559530,285760,450775,1.09616e+06,128240,7.84738e+06,7.48837e+06,328550,602330,185096,728360,366620,1.38965e+06,2.27447e+06,2.01826e+06,55990,190170,89740,155200,408490,601760,928988,241460,3.86702e+06,,30460,104015,479750,732300,407445,2.35101e+06
15:53:00,4.3076e+06,1.2614e+06,554475,275850,476000,787400,3.50074e+06,169268,126280,1.37429e+06,846220,2.49426e+06,232600,2.55034e+06,197640,7.86692e+06,74250,8.2126e+06,148375,1.22348e+06,561750,74560,670600,189185,126300,2.83562e+06,75984,49500,5.22298e+06,143040,907480,177140,408760,1.7009e+06,13700,1.51668e+06,335080,625760,50610,2.4415e+06,497725,8.00162e+06,1.62702e+06,1.4402e+06,507550,186750,1.54868e+06,662400,411075,43000,102325,123000,556276,234980,1.64665e+07,176700,2.45392e+06,372400,710350,37075,2.56489e+07,711975,76580,,147840,143550,608800,130050,405255,2.19961e+06,99040,997550,351200,226960,1.259e+06,904180,1.34842e+06,750710,842200,45480,263580,1.80905e+06,63170,580800,,480390,333320,756230,473830,176180,594060,615820,714490,,7620,393290,967450,1.2206e+06,28100,3.2989e+06
15:54:00,2.55835e+06,450550,2.28e+06,199175,118940,1.05418e+07,6.30311e+06,2.64456e+06,115640,23970,6.97062e+06,3.04298e+06,116320,7.63591e+06,112800,4.1549e+06,459450,1.35635e+07,148425,3.24588e+06,337050,413880,1.523e+06,441335,459980,1.26094e+07,194086,197940,1.8451e+06,474020,7.21724e+06,354260,1.43264e+06,1.54642e+06,191800,1.17219e+07,3.9883e+06,452645,1.10155e+06,1.3938e+06,3.21095e+06,710725,1.27311e+07,36925,2.107e+06,1.9044e+06,472425,362260,121800,258200,1.0423e+06,690860,144580,1.62473e+06,4.21731e+06,347700,1.01788e+07,1.26509e+06,1.15648e+06,240850,915550,1.2553e+06,237450,,42240,946950,6.5723e+06,123790,423655,2.1323e+06,2.05609e+06,1.2439e+06,3.16322e+06,414120,7.5189e+06,7.99539e+06,36375,6.70204e+06,191120,932040,2.59702e+06,1.8738e+06,48570,362700,11160,420290,525620,348885,3.29741e+06,2.2017e+06,600912,2.62898e+06,288400,,121735,1.29272e+06,1.34072e+06,1.7091e+06,56160,5.19437e+06
15:55:00,78350,7.9739e+06,1.42678e+06,76525,277500,4.35148e+06,1.16828e+07,3.55752e+06,,973590,856060,732820,1.2778e+06,4.2704e+06,678720,820875,355830,2.25986e+07,1.18768e+06,155600,561625,139390,1.5219e+06,465620,241380,2.43604e+07,12030,464780,1.71145e+06,339980,1.12372e+06,295100,366800,2.917e+06,164260,780120,71640,927470,44930,2.7001e+06,529920,2.33792e+06,5.07804e+06,443075,273000,41450,106620,747610,50005,301200,612775,690160,451232,265530,8.66577e+06,116730,7.263e+06,9790,974375,500175,3.12983e+06,292850,1.17048e+06,36200,1.09804e+06,344150,1.3379e+06,210140,190185,1.75927e+06,1.41174e+06,278925,253760,137960,3.56966e+06,2.17784e+06,12150,769680,292416,250360,68560,1.74438e+06,208950,14500,55940,490380,38520,271430,6.2766e+06,321680,384652,473320,4.00767e+06,,5070,516255,734610,1.8351e+06,98195,3.12238e+06
15:56:00,627600,945900,73650,168525,1.05114e+06,4.71828e+06,6.04196e+06,18324,1.5566e+06,8.10565e+06,2.07538e+06,1.59086e+06,58080,4.25348e+06,28320,5.04155e+06,14790,1.9378e+07,792075,311275,411950,111460,425700,198670,172480,1.58865e+07,316750,257000,1.05852e+06,2.74142e+06,541580,2.08236e+06,7.64408e+06,1.63327e+07,246260,70800,374090,1.03444e+06,28130,1.9173e+06,1.87338e+06,4.78214e+06,2.10128e+06,1.73438e+06,156200,786550,517855,1.15787e+06,171435,559100,4.04395e+06,245420,2.89372e+06,172800,2.36581e+07,840250,1.08448e+07,968560,974375,92650,4.71955e+06,460100,114765,,1.81176e+06,430100,2.5551e+06,92700,736100,418680,689550,321825,1.60262e+06,492900,4.82538e+06,1.36623e+07,424500,1.88801e+06,123728,182080,137080,8.7207e+06,281770,435120,99628,510370,282040,1.09545e+06,1.22263e+06,248050,3.10576e+06,723080,193350,285460,83755,1.83215e+06,920670,1.2242e+06,467900,1.60722e+06
15:57:00,1.51475e+06,3.8745e+06,110575,811450,892820,786300,2.81277e+06,1.88155e+06,136720,2.84723e+06,1.40906e+06,422460,87120,4.79176e+06,,1.05115e+06,,1.73796e+07,890675,1.4888e+06,299600,190240,486500,92105,137900,5.21782e+06,282655,405350,3.23094e+06,,460240,9.01504e+06,813930,3.08528e+06,41060,94440,198880,442755,50650,609600,3.94768e+06,6.23048e+06,7.24998e+06,848200,156050,82750,296855,1.7675e+06,67230,214600,326750,1.27128e+06,54560,950510,3.79109e+06,646250,1.48189e+07,205510,3.06105e+06,259025,1.67111e+06,2.08965e+06,221820,,544880,916850,7.783e+06,1.01834e+06,888845,455980,597840,2.4347e+06,481760,197200,4.59104e+06,1.20134e+07,218225,830280,134936,840880,1.01662e+06,1.2601e+06,228370,7.53664e+06,56000,4.09994e+06,576040,3.21552e+06,4.70552e+06,207820,1.92657e+06,697340,102950,34900,271140,937430,1.03323e+06,1.4695e+06,715255,2.99697e+06
15:58:00,967150,721100,184375,137875,2.24312e+06,4.49158e+06,9.26009e+06,1.03646e+06,419860,2.1149e+06,3.9998e+06,447280,493120,3.94167e+06,28280,1.4118e+06,29580,1.56369e+07,197900,266225,318325,190370,486600,576505,160920,1.55175e+07,314735,168070,2.73002e+06,1.35454e+06,365460,177320,365320,6.50398e+06,95860,330760,214900,466125,4.05184e+06,4.5325e+06,542380,4.74083e+06,2.34912e+06,184300,2.02905e+06,269050,1.68291e+06,3.34639e+06,175770,257400,469475,260700,209592,210040,7.71484e+06,505850,1.15722e+07,,80975,37050,1.42104e+06,292525,179685,86640,104760,430000,1.7012e+06,444790,2.90017e+06,1.07123e+07,56330,675650,796760,206840,5.118e+06,4.94604e+06,460075,2.03404e+06,73104,90880,947340,3.87825e+06,451880,43280,,300300,38440,154735,3.66298e+06,312710,297718,357160,440780,,159390,793350,5.81953e+06,5.0268e+06,434045,1.00952e+07
15:59:00,601350,270600,110550,398075,178680,1.20954e+07,2.4292e+06,379490,178160,239150,2.85366e+06,633380,115880,4.54221e+06,226240,7.06258e+06,14820,2.3351e+07,544225,1.1968e+06,692325,320190,365000,116185,137980,1.9903e+07,1.70572e+06,553620,2.0264e+06,439700,1.3672e+06,3.14822e+06,3.79584e+06,2.5126e+06,41000,944400,7.86658e+06,1.70572e+06,33700,4.3676e+06,626335,3.74206e+06,2.32406e+06,2.5044e+06,351400,372400,609180,2.85154e+06,177940,128700,775225,15360,642292,882420,1.0007e+07,583110,1.82756e+07,225020,3.07642e+06,203575,3.38213e+06,459475,378440,,313880,429800,4.3752e+06,179210,453865,2.26473e+06,157710,160775,779640,226740,4.1513e+06,6.02701e+06,459875,323090,1.08528e+06,68160,786640,840250,339890,591340,28000,640580,12780,241875,2.99483e+06,750510,2.24576e+06,6.56578e+06,1.83185e+06,,258030,2.17483e+06,1.5405e+06,4.2866e+06,187625,4.75544e+06
16:00:00,3.13765e+06,3.7431e+06,208850,229450,556080,1.73538e+06,1.23391e+07,442342,398160,510200,4.7034e+06,1.35414e+06,348280,6.53436e+06,367880,9.21355e+06,59190,1.76039e+07,692925,3.08755e+06,449325,472740,1.8854e+06,416550,689380,1.81186e+07,428675,622710,2.88677e+06,242600,338280,315380,255870,4.97782e+06,177740,1.39404e+06,697340,1.35612e+06,207460,2.9727e+06,5.85942e+06,5.37924e+06,5.0249e+06,2.06312e+06,117100,786250,1.01172e+06,4.19514e+06,1.73658e+06,688800,1.26518e+06,76700,448272,3.19421e+06,8.42212e+06,904920,2.03296e+07,401260,890825,740225,6.12471e+06,1.4198e+06,1.55322e+06,187840,669960,916775,1.11913e+07,938710,742030,911350,318210,964975,1.9067e+06,2.48134e+06,6.22752e+06,8.27851e+06,386975,725700,213552,272400,1.62982e+06,969525,1.29257e+06,2.94458e+06,5590,670470,76740,1.8375e+06,6.26606e+06,2.11036e+06,1.04385e+06,348660,992670,107725,68250,1.64008e+06,1.50102e+06,3.811e+06,22380,1.0679e+07
